drive	type	path
/Users/thecave	Cam_Evoto	/Users/thecave/Downloads/Cam_Evoto
/Volumes/JordanExternalDrive1	Cam_Evoto	/Volumes/JordanExternalDrive1/Desktop/02 Headshots & Portraits/2025-11-03 - Various/JC/Cam_Evoto
/Volumes/JordanExternalDrive1	Cam_Evoto	/Volumes/JordanExternalDrive1/Desktop/02 Headshots & Portraits/Sun City Headshots/Cam_Evoto
/Volumes/JordanExternalDrive1	Cam_Evoto	/Volumes/JordanExternalDrive1/Desktop/03 Fashion & Beauty/2025-03-03 - By/Cam_Evoto
/Volumes/JordanExternalDrive1	Cam_Evoto	/Volumes/JordanExternalDrive1/Desktop/03 Fashion & Beauty/2025-03-03 - By/Outfit 2/Cam_Evoto
/Volumes/JordanExternalDrive1	Cam_Evoto	/Volumes/JordanExternalDrive1/Desktop/03 Fashion & Beauty/2025-07-27 - Various/Cam_Evoto
/Volumes/JordanExternalDrive1	TIFF	/Volumes/JordanExternalDrive1/Desktop/03 Fashion & Beauty/2025-11-23 - TIFF
/Volumes/JordanExternalDrive1	Edited	/Volumes/JordanExternalDrive1/Desktop/03 Fashion & Beauty/2026-01-06 - Various/Mendez Isaac Joudi, PLLC /Edited
/Volumes/JordanExternalDrive1	TIFF	/Volumes/JordanExternalDrive1/Desktop/03 Fashion & Beauty/2026-04-24 - Various/TIFF
/Volumes/JordanExternalDrive1	TIFF	/Volumes/JordanExternalDrive1/Desktop/03 Fashion & Beauty/Pageant & Beauty/TIFF
/Volumes/JordanExternalDrive1	TIFF	/Volumes/JordanExternalDrive1/Desktop/04 Graduations & Events/2026-04-25 - AIA/TIFF
/Volumes/JordanExternalDrive1	JPEG XL	/Volumes/JordanExternalDrive1/Desktop/07 Food & Commercial/Product Photography/2026-01-05 - Various/JPEG XL
/Volumes/JordanExternalDrive1	TIFF	/Volumes/JordanExternalDrive1/Desktop/07 Food & Commercial/Product Photography/Flor de Michoacan/Selection/Selection/TIFF
/Volumes/JordanExternalDrive1	JPEG XL, TIFF	/Volumes/JordanExternalDrive1/Desktop/07 Food & Commercial/Product Photography/Flor de Michoacan/Selection/Selection/TIFF/JPEG XL
/Volumes/JordanExternalDrive1	TIFF	/Volumes/JordanExternalDrive1/Desktop/08 Personal Photos/TIFF
/Volumes/JordanExternalDrive1	Cam_Evoto	/Volumes/JordanExternalDrive1/Downloads/10 Documents & Video/Production & Design Files/Cam_Evoto
/Volumes/JordanExternalDrive1	TIFF	/Volumes/JordanExternalDrive1/Downloads/10 Documents & Video/Software & Project Files/vectorize_node/node_modules/@jimp/tiff
/Volumes/JordanExternalDrive1	Edited	/Volumes/JordanExternalDrive1/Pictures/2026-07-11/Edited
/Volumes/JordanExternalDrive2	TIFF	/Volumes/JordanExternalDrive2/Desktop/Samples/TIFF
/Volumes/JordanExternalDrive2	Edited	/Volumes/JordanExternalDrive2/Pictures/2021/2021-12-31/Edited
/Volumes/JordanExternalDrive2	Edited	/Volumes/JordanExternalDrive2/Pictures/Finalized Projects/Sebastian and Jaquelin/Edited
/Volumes/JordanExternalDrive2	Edited	/Volumes/JordanExternalDrive2/Pictures/Sebastian and Jaquelin/Edited
/Volumes/JordanExternalDrive2	Edited	/Volumes/JordanExternalDrive2/Pictures/Shadah/Edited
/Volumes/JordanExternalDrive4	TIFF	/Volumes/JordanExternalDrive4/Pictures/2023/2023-01-13 CDA - Ysleta de Sur Hospital/14 Pro Max/TIFF
/Volumes/JordanExternalDrive4	JPEG XL, TIFF	/Volumes/JordanExternalDrive4/Pictures/2023/2023-01-13 CDA - Ysleta de Sur Hospital/14 Pro Max/TIFF/JPEG XL
/Volumes/JordanExternalDrive4	TIFF	/Volumes/JordanExternalDrive4/Pictures/2023/2023-01-13 CDA - Ysleta de Sur Hospital/A7RIV/TIFF
/Volumes/JordanExternalDrive4	JPEG XL, TIFF	/Volumes/JordanExternalDrive4/Pictures/2023/2023-01-13 CDA - Ysleta de Sur Hospital/A7RIV/TIFF/JPEG XL
/Volumes/JordanExternalDrive4	TIFF	/Volumes/JordanExternalDrive4/Pictures/2023/2023-01-13 CDA - Ysleta de Sur Hospital/Mavic Mini 2/TIFF
/Volumes/JordanExternalDrive4	JPEG XL, TIFF	/Volumes/JordanExternalDrive4/Pictures/2023/2023-01-13 CDA - Ysleta de Sur Hospital/Mavic Mini 2/TIFF/JPEG XL
/Volumes/JordanExternalDrive4	TIFF	/Volumes/JordanExternalDrive4/Pictures/2023/2023-01-13 CDA - Ysleta de Sur Hospital/Mavic Pro 2/TIFF
/Volumes/JordanExternalDrive4	JPEG XL, TIFF	/Volumes/JordanExternalDrive4/Pictures/2023/2023-01-13 CDA - Ysleta de Sur Hospital/Mavic Pro 2/TIFF/JPEG XL
/Volumes/JordanExternalDrive4	Edited	/Volumes/JordanExternalDrive4/Pictures/2023/2023-01-24 Alyssa Ruiz/Look 1/Full Body/Edited
/Volumes/JordanExternalDrive4	TIFF, Edited	/Volumes/JordanExternalDrive4/Pictures/2023/2023-01-24 Alyssa Ruiz/Look 1/Full Body/Edited/TIFF
/Volumes/JordanExternalDrive4	JPEG XL, TIFF, Edited	/Volumes/JordanExternalDrive4/Pictures/2023/2023-01-24 Alyssa Ruiz/Look 1/Full Body/Edited/TIFF/JPEG XL
/Volumes/JordanExternalDrive4	Edited	/Volumes/JordanExternalDrive4/Pictures/2023/2023-01-24 Alyssa Ruiz/Look 1/Headshots/Edited
/Volumes/JordanExternalDrive4	TIFF, Edited	/Volumes/JordanExternalDrive4/Pictures/2023/2023-01-24 Alyssa Ruiz/Look 1/Headshots/Edited/TIFF
/Volumes/JordanExternalDrive4	JPEG XL, TIFF, Edited	/Volumes/JordanExternalDrive4/Pictures/2023/2023-01-24 Alyssa Ruiz/Look 1/Headshots/Edited/TIFF/JPEG XL
/Volumes/JordanExternalDrive4	TIFF	/Volumes/JordanExternalDrive4/Pictures/2023/2023-01-24 Alyssa Ruiz/Look 1/Headshots/TIFF
/Volumes/JordanExternalDrive4	JPEG XL, TIFF	/Volumes/JordanExternalDrive4/Pictures/2023/2023-01-24 Alyssa Ruiz/Look 1/Headshots/TIFF/JPEG XL
/Volumes/JordanExternalDrive4	Edited	/Volumes/JordanExternalDrive4/Pictures/2023/2023-01-24 Alyssa Ruiz/Look 1/Three Quarters/Edited
/Volumes/JordanExternalDrive4	TIFF, Edited	/Volumes/JordanExternalDrive4/Pictures/2023/2023-01-24 Alyssa Ruiz/Look 1/Three Quarters/Edited/TIFF
/Volumes/JordanExternalDrive4	JPEG XL, TIFF, Edited	/Volumes/JordanExternalDrive4/Pictures/2023/2023-01-24 Alyssa Ruiz/Look 1/Three Quarters/Edited/TIFF/JPEG XL
/Volumes/JordanExternalDrive4	TIFF	/Volumes/JordanExternalDrive4/Pictures/2023/2023-01-24 Alyssa Ruiz/Look 1/Three Quarters/TIFF
/Volumes/JordanExternalDrive4	JPEG XL, TIFF	/Volumes/JordanExternalDrive4/Pictures/2023/2023-01-24 Alyssa Ruiz/Look 1/Three Quarters/TIFF/JPEG XL
/Volumes/JordanExternalDrive4	Edited	/Volumes/JordanExternalDrive4/Pictures/2023/2023-01-24 Alyssa Ruiz/Look 1/Waist Up/Edited
/Volumes/JordanExternalDrive4	TIFF, Edited	/Volumes/JordanExternalDrive4/Pictures/2023/2023-01-24 Alyssa Ruiz/Look 1/Waist Up/Edited/TIFF
/Volumes/JordanExternalDrive4	JPEG XL, TIFF, Edited	/Volumes/JordanExternalDrive4/Pictures/2023/2023-01-24 Alyssa Ruiz/Look 1/Waist Up/Edited/TIFF/JPEG XL
/Volumes/JordanExternalDrive4	Edited	/Volumes/JordanExternalDrive4/Pictures/2023/2023-01-24 Alyssa Ruiz/Look 2/Edited
/Volumes/JordanExternalDrive4	TIFF, Edited	/Volumes/JordanExternalDrive4/Pictures/2023/2023-01-24 Alyssa Ruiz/Look 2/Edited/TIFF
/Volumes/JordanExternalDrive4	JPEG XL, TIFF, Edited	/Volumes/JordanExternalDrive4/Pictures/2023/2023-01-24 Alyssa Ruiz/Look 2/Edited/TIFF/JPEG XL
/Volumes/JordanExternalDrive4	TIFF	/Volumes/JordanExternalDrive4/Pictures/2023/2023-01-24 Alyssa Ruiz/Look 2/TIFF
/Volumes/JordanExternalDrive4	JPEG XL, TIFF	/Volumes/JordanExternalDrive4/Pictures/2023/2023-01-24 Alyssa Ruiz/Look 2/TIFF/JPEG XL
/Volumes/JordanExternalDrive4	Edited	/Volumes/JordanExternalDrive4/Pictures/2023/2023-01-27 Headshot Event/Edited
/Volumes/JordanExternalDrive4	TIFF, Edited	/Volumes/JordanExternalDrive4/Pictures/2023/2023-01-27 Headshot Event/Edited/TIFF
/Volumes/JordanExternalDrive4	JPEG XL, TIFF, Edited	/Volumes/JordanExternalDrive4/Pictures/2023/2023-01-27 Headshot Event/Edited/TIFF/JPEG XL
/Volumes/JordanExternalDrive4	TIFF	/Volumes/JordanExternalDrive4/Pictures/2023/2023-01-31 Casita Yandel 2.0/TIFF
/Volumes/JordanExternalDrive4	JPEG XL, TIFF	/Volumes/JordanExternalDrive4/Pictures/2023/2023-01-31 Casita Yandel 2.0/TIFF/JPEG XL
/Volumes/JordanExternalDrive4	TIFF	/Volumes/JordanExternalDrive4/Pictures/2023/2023-02-07/TIFF
/Volumes/JordanExternalDrive4	JPEG XL, TIFF	/Volumes/JordanExternalDrive4/Pictures/2023/2023-02-07/TIFF/JPEG XL
/Volumes/JordanExternalDrive4	TIFF	/Volumes/JordanExternalDrive4/Pictures/2023/2023-02-10 Intersected/Intersected Files/TIFF
/Volumes/JordanExternalDrive4	JPEG XL, TIFF	/Volumes/JordanExternalDrive4/Pictures/2023/2023-02-10 Intersected/Intersected Files/TIFF/JPEG XL
/Volumes/JordanExternalDrive4	TIFF	/Volumes/JordanExternalDrive4/Pictures/2023/2023-02-13 Camryn Comp Card/Outfit 1/TIFF
/Volumes/JordanExternalDrive4	JPEG XL, TIFF	/Volumes/JordanExternalDrive4/Pictures/2023/2023-02-13 Camryn Comp Card/Outfit 1/TIFF/JPEG XL
/Volumes/JordanExternalDrive4	Edited	/Volumes/JordanExternalDrive4/Pictures/2023/2023-02-13 Camryn Comp Card/Outfit 2/Edited
/Volumes/JordanExternalDrive4	TIFF, Edited	/Volumes/JordanExternalDrive4/Pictures/2023/2023-02-13 Camryn Comp Card/Outfit 2/Edited/TIFF
/Volumes/JordanExternalDrive4	JPEG XL, TIFF, Edited	/Volumes/JordanExternalDrive4/Pictures/2023/2023-02-13 Camryn Comp Card/Outfit 2/Edited/TIFF/JPEG XL
/Volumes/JordanExternalDrive4	Edited	/Volumes/JordanExternalDrive4/Pictures/2023/2023-02-13 Camryn Comp Card/Outfit 3/Edited
/Volumes/JordanExternalDrive4	TIFF, Edited	/Volumes/JordanExternalDrive4/Pictures/2023/2023-02-13 Camryn Comp Card/Outfit 3/Edited/TIFF
/Volumes/JordanExternalDrive4	JPEG XL, TIFF, Edited	/Volumes/JordanExternalDrive4/Pictures/2023/2023-02-13 Camryn Comp Card/Outfit 3/Edited/TIFF/JPEG XL
/Volumes/JordanExternalDrive4	TIFF	/Volumes/JordanExternalDrive4/Pictures/2023/2023-02-13 Camryn Comp Card/Outfit 3/TIFF
/Volumes/JordanExternalDrive4	JPEG XL, TIFF	/Volumes/JordanExternalDrive4/Pictures/2023/2023-02-13 Camryn Comp Card/Outfit 3/TIFF/JPEG XL
/Volumes/JordanExternalDrive4	TIFF	/Volumes/JordanExternalDrive4/Pictures/2023/2023-03-08 Tiffany - AIRBNB
/Volumes/JordanExternalDrive4	Cam_Evoto	/Volumes/JordanExternalDrive4/Pictures/2023/2023-03-22 Katie Scott/Outfit 1/Cam_Evoto
/Volumes/JordanExternalDrive4	Edited	/Volumes/JordanExternalDrive4/Pictures/2023/2023-03-22 Katie Scott/Outfit 1/Edited
/Volumes/JordanExternalDrive4	TIFF, Edited	/Volumes/JordanExternalDrive4/Pictures/2023/2023-03-22 Katie Scott/Outfit 1/Edited/TIFF
/Volumes/JordanExternalDrive4	JPEG XL, TIFF, Edited	/Volumes/JordanExternalDrive4/Pictures/2023/2023-03-22 Katie Scott/Outfit 1/Edited/TIFF/JPEG XL
/Volumes/JordanExternalDrive4	TIFF	/Volumes/JordanExternalDrive4/Pictures/2023/2023-03-22 Katie Scott/Outfit 1/TIFF2
/Volumes/JordanExternalDrive4	Edited	/Volumes/JordanExternalDrive4/Pictures/2023/2023-03-22 Katie Scott/Outfit 2/Hat/Edited
/Volumes/JordanExternalDrive4	TIFF, Edited	/Volumes/JordanExternalDrive4/Pictures/2023/2023-03-22 Katie Scott/Outfit 2/Hat/Edited/TIFF
/Volumes/JordanExternalDrive4	JPEG XL, TIFF, Edited	/Volumes/JordanExternalDrive4/Pictures/2023/2023-03-22 Katie Scott/Outfit 2/Hat/Edited/TIFF/JPEG XL
/Volumes/JordanExternalDrive4	TIFF	/Volumes/JordanExternalDrive4/Pictures/2023/2023-03-22 Katie Scott/Outfit 2/Hat/TIFF
/Volumes/JordanExternalDrive4	JPEG XL, TIFF	/Volumes/JordanExternalDrive4/Pictures/2023/2023-03-22 Katie Scott/Outfit 2/Hat/TIFF/JPEG XL
/Volumes/JordanExternalDrive4	JPEG XL, TIFF	/Volumes/JordanExternalDrive4/Pictures/2023/2023-03-22 Katie Scott/Outfit 2/Hat/TIFF/k_Evoto/JPEG XL
/Volumes/JordanExternalDrive4	Edited	/Volumes/JordanExternalDrive4/Pictures/2023/2023-03-22 Katie Scott/Outfit 3/Edited
/Volumes/JordanExternalDrive4	TIFF, Edited	/Volumes/JordanExternalDrive4/Pictures/2023/2023-03-22 Katie Scott/Outfit 3/Edited/TIFF
/Volumes/JordanExternalDrive4	JPEG XL, TIFF, Edited	/Volumes/JordanExternalDrive4/Pictures/2023/2023-03-22 Katie Scott/Outfit 3/Edited/TIFF/JPEG XL
/Volumes/JordanExternalDrive4	TIFF	/Volumes/JordanExternalDrive4/Pictures/2023/2023-03-22 Katie Scott/Outfit 3/TIFF
/Volumes/JordanExternalDrive4	Cam_Evoto, TIFF	/Volumes/JordanExternalDrive4/Pictures/2023/2023-03-22 Katie Scott/Outfit 3/TIFF/Cam_Evoto
/Volumes/JordanExternalDrive4	Cam_Evoto, JPEG XL, TIFF	/Volumes/JordanExternalDrive4/Pictures/2023/2023-03-22 Katie Scott/Outfit 3/TIFF/Cam_Evoto/JPEG XL
/Volumes/JordanExternalDrive4	JPEG XL, TIFF	/Volumes/JordanExternalDrive4/Pictures/2023/2023-03-22 Katie Scott/Outfit 3/TIFF/JPEG XL
/Volumes/JordanExternalDrive4	JPEG XL, TIFF	/Volumes/JordanExternalDrive4/Pictures/2023/2023-03-22 Katie Scott/Outfit 3/TIFF/Katie_Evoto/JPEG XL
/Volumes/JordanExternalDrive4	TIFF	/Volumes/JordanExternalDrive4/Pictures/2023/2023-03-22 Katie Scott/Outfit 4/TIFF
/Volumes/JordanExternalDrive4	JPEG XL, TIFF	/Volumes/JordanExternalDrive4/Pictures/2023/2023-03-22 Katie Scott/Outfit 4/TIFF/Katie 2_Evoto/JPEG XL
/Volumes/JordanExternalDrive4	Edited	/Volumes/JordanExternalDrive4/Pictures/2023/2023-03-28 Bianca/Outfit 1/Edited
/Volumes/JordanExternalDrive4	TIFF, Edited	/Volumes/JordanExternalDrive4/Pictures/2023/2023-03-28 Bianca/Outfit 1/Edited/TIFF
/Volumes/JordanExternalDrive4	JPEG XL, TIFF, Edited	/Volumes/JordanExternalDrive4/Pictures/2023/2023-03-28 Bianca/Outfit 1/Edited/TIFF/JPEG XL
/Volumes/JordanExternalDrive4	Edited	/Volumes/JordanExternalDrive4/Pictures/2023/2023-03-28 Bianca/Outfit 2/Edited
/Volumes/JordanExternalDrive4	TIFF, Edited	/Volumes/JordanExternalDrive4/Pictures/2023/2023-03-28 Bianca/Outfit 2/Edited/TIFF
/Volumes/JordanExternalDrive4	JPEG XL, TIFF, Edited	/Volumes/JordanExternalDrive4/Pictures/2023/2023-03-28 Bianca/Outfit 2/Edited/TIFF/JPEG XL
/Volumes/JordanExternalDrive4	Edited	/Volumes/JordanExternalDrive4/Pictures/2023/2023-05-02 Clint/Edited
/Volumes/JordanExternalDrive4	TIFF, Edited	/Volumes/JordanExternalDrive4/Pictures/2023/2023-05-02 Clint/Edited/TIFF
/Volumes/JordanExternalDrive4	JPEG XL, TIFF, Edited	/Volumes/JordanExternalDrive4/Pictures/2023/2023-05-02 Clint/Edited/TIFF/JPEG XL
/Volumes/JordanExternalDrive4	TIFF	/Volumes/JordanExternalDrive4/Pictures/2023/2023-05-03 The City Mag - Insitu/2023-06-21 Ana/Outfit 2/TIFF
/Volumes/JordanExternalDrive4	JPEG XL, TIFF	/Volumes/JordanExternalDrive4/Pictures/2023/2023-05-03 The City Mag - Insitu/2023-06-21 Ana/Outfit 2/TIFF/JPEG XL
/Volumes/JordanExternalDrive4	TIFF	/Volumes/JordanExternalDrive4/Pictures/2023/2023-05-03 The City Mag - Insitu/2023-06-21 Ana/Outfit 2/TIFF/TIFF
/Volumes/JordanExternalDrive4	Edited	/Volumes/JordanExternalDrive4/Pictures/2023/2023-05-03 The City Mag - Insitu/2023-06-21 Ana/Outfit 3/Edited
/Volumes/JordanExternalDrive4	TIFF, Edited	/Volumes/JordanExternalDrive4/Pictures/2023/2023-05-03 The City Mag - Insitu/2023-06-21 Ana/Outfit 3/Edited/TIFF
/Volumes/JordanExternalDrive4	JPEG XL, TIFF, Edited	/Volumes/JordanExternalDrive4/Pictures/2023/2023-05-03 The City Mag - Insitu/2023-06-21 Ana/Outfit 3/Edited/TIFF/JPEG XL
/Volumes/JordanExternalDrive4	Edited	/Volumes/JordanExternalDrive4/Pictures/2023/2023-05-03 The City Mag - Insitu/2023-06-21 Ana/Outfit 4/Edited
/Volumes/JordanExternalDrive4	TIFF, Edited	/Volumes/JordanExternalDrive4/Pictures/2023/2023-05-03 The City Mag - Insitu/2023-06-21 Ana/Outfit 4/Edited/TIFF
/Volumes/JordanExternalDrive4	JPEG XL, TIFF, Edited	/Volumes/JordanExternalDrive4/Pictures/2023/2023-05-03 The City Mag - Insitu/2023-06-21 Ana/Outfit 4/Edited/TIFF/JPEG XL
/Volumes/JordanExternalDrive4	TIFF	/Volumes/JordanExternalDrive4/Pictures/2023/2023-05-03 The City Mag - Insitu/2023-06-21 Ana/Outfit 4/TIFF
/Volumes/JordanExternalDrive4	JPEG XL, TIFF	/Volumes/JordanExternalDrive4/Pictures/2023/2023-05-03 The City Mag - Insitu/2023-06-21 Ana/Outfit 4/TIFF/JPEG XL
/Volumes/JordanExternalDrive4	Edited	/Volumes/JordanExternalDrive4/Pictures/2023/2023-05-03 The City Mag - Insitu/Edited
/Volumes/JordanExternalDrive4	TIFF, Edited	/Volumes/JordanExternalDrive4/Pictures/2023/2023-05-03 The City Mag - Insitu/Edited/TIFF
/Volumes/JordanExternalDrive4	JPEG XL, TIFF, Edited	/Volumes/JordanExternalDrive4/Pictures/2023/2023-05-03 The City Mag - Insitu/Edited/TIFF/JPEG XL
/Volumes/JordanExternalDrive4	Edited	/Volumes/JordanExternalDrive4/Pictures/2023/2023-05-06 Jaquelin & Sebastian/1. Jordan/1. Bride/Edited
/Volumes/JordanExternalDrive4	TIFF	/Volumes/JordanExternalDrive4/Pictures/2023/2023-05-06 Jaquelin & Sebastian/1. Jordan/1. Bride/Selection/TIFF
/Volumes/JordanExternalDrive4	JPEG XL, TIFF	/Volumes/JordanExternalDrive4/Pictures/2023/2023-05-06 Jaquelin & Sebastian/1. Jordan/1. Bride/Selection/TIFF/JPEG XL
/Volumes/JordanExternalDrive4	Edited	/Volumes/JordanExternalDrive4/Pictures/2023/2023-05-06 Jaquelin & Sebastian/1. Jordan/2. First Look/Edited
/Volumes/JordanExternalDrive4	TIFF	/Volumes/JordanExternalDrive4/Pictures/2023/2023-05-06 Jaquelin & Sebastian/1. Jordan/2. First Look/Selection/TIFF
/Volumes/JordanExternalDrive4	JPEG XL, TIFF	/Volumes/JordanExternalDrive4/Pictures/2023/2023-05-06 Jaquelin & Sebastian/1. Jordan/2. First Look/Selection/TIFF/JPEG XL
/Volumes/JordanExternalDrive4	Edited	/Volumes/JordanExternalDrive4/Pictures/2023/2023-05-06 Jaquelin & Sebastian/1. Jordan/3. Parents and Novios/Edited
/Volumes/JordanExternalDrive4	TIFF	/Volumes/JordanExternalDrive4/Pictures/2023/2023-05-06 Jaquelin & Sebastian/1. Jordan/3. Parents and Novios/Selection/TIFF
/Volumes/JordanExternalDrive4	JPEG XL, TIFF	/Volumes/JordanExternalDrive4/Pictures/2023/2023-05-06 Jaquelin & Sebastian/1. Jordan/3. Parents and Novios/Selection/TIFF/JPEG XL
/Volumes/JordanExternalDrive4	Edited	/Volumes/JordanExternalDrive4/Pictures/2023/2023-05-06 Jaquelin & Sebastian/1. Jordan/5. Parade/Edited
/Volumes/JordanExternalDrive4	TIFF	/Volumes/JordanExternalDrive4/Pictures/2023/2023-05-06 Jaquelin & Sebastian/1. Jordan/5. Parade/Selection/TIFF
/Volumes/JordanExternalDrive4	JPEG XL, TIFF	/Volumes/JordanExternalDrive4/Pictures/2023/2023-05-06 Jaquelin & Sebastian/1. Jordan/5. Parade/Selection/TIFF/JPEG XL
/Volumes/JordanExternalDrive4	TIFF	/Volumes/JordanExternalDrive4/Pictures/2023/2023-05-06 Jaquelin & Sebastian/1. Jordan/7. Dinner/Selection/TIFF
/Volumes/JordanExternalDrive4	JPEG XL, TIFF	/Volumes/JordanExternalDrive4/Pictures/2023/2023-05-06 Jaquelin & Sebastian/1. Jordan/7. Dinner/Selection/TIFF/JPEG XL
/Volumes/JordanExternalDrive4	TIFF	/Volumes/JordanExternalDrive4/Pictures/2023/2023-05-06 Jaquelin & Sebastian/1. Jordan/7. Dinner/TIFF
/Volumes/JordanExternalDrive4	JPEG XL, TIFF	/Volumes/JordanExternalDrive4/Pictures/2023/2023-05-06 Jaquelin & Sebastian/1. Jordan/7. Dinner/TIFF/JPEG XL
/Volumes/JordanExternalDrive4	TIFF	/Volumes/JordanExternalDrive4/Pictures/2023/2023-05-06 Jaquelin & Sebastian/2. Viviana/2. First Look/TIFF
/Volumes/JordanExternalDrive4	JPEG XL, TIFF	/Volumes/JordanExternalDrive4/Pictures/2023/2023-05-06 Jaquelin & Sebastian/2. Viviana/2. First Look/TIFF/JPEG XL
/Volumes/JordanExternalDrive4	Edited	/Volumes/JordanExternalDrive4/Pictures/2023/2023-05-06 Jaquelin & Sebastian/2. Viviana/3. Parents and Novios/Edited
/Volumes/JordanExternalDrive4	TIFF, Edited	/Volumes/JordanExternalDrive4/Pictures/2023/2023-05-06 Jaquelin & Sebastian/2. Viviana/3. Parents and Novios/Edited/TIFF
/Volumes/JordanExternalDrive4	JPEG XL, TIFF, Edited	/Volumes/JordanExternalDrive4/Pictures/2023/2023-05-06 Jaquelin & Sebastian/2. Viviana/3. Parents and Novios/Edited/TIFF/JPEG XL
/Volumes/JordanExternalDrive4	TIFF	/Volumes/JordanExternalDrive4/Pictures/2023/2023-05-06 Jaquelin & Sebastian/2. Viviana/3. Parents and Novios/TIFF
/Volumes/JordanExternalDrive4	JPEG XL, TIFF	/Volumes/JordanExternalDrive4/Pictures/2023/2023-05-06 Jaquelin & Sebastian/2. Viviana/3. Parents and Novios/TIFF/JPEG XL
/Volumes/JordanExternalDrive4	TIFF	/Volumes/JordanExternalDrive4/Pictures/2023/2023-05-06 Jaquelin & Sebastian/3. Studio/TIFF
/Volumes/JordanExternalDrive4	JPEG XL, TIFF	/Volumes/JordanExternalDrive4/Pictures/2023/2023-05-06 Jaquelin & Sebastian/3. Studio/TIFF/JPEG XL
/Volumes/JordanExternalDrive4	Edited	/Volumes/JordanExternalDrive4/Pictures/2023/2023-05-09 Alberto Mercado/Edited
/Volumes/JordanExternalDrive4	TIFF, Edited	/Volumes/JordanExternalDrive4/Pictures/2023/2023-05-09 Alberto Mercado/Edited/TIFF
/Volumes/JordanExternalDrive4	JPEG XL, TIFF, Edited	/Volumes/JordanExternalDrive4/Pictures/2023/2023-05-09 Alberto Mercado/Edited/TIFF/JPEG XL
/Volumes/JordanExternalDrive4	TIFF	/Volumes/JordanExternalDrive4/Pictures/2023/2023-05-20 Gal/TIFF
/Volumes/JordanExternalDrive4	JPEG XL, TIFF	/Volumes/JordanExternalDrive4/Pictures/2023/2023-05-20 Gal/TIFF/JPEG XL
/Volumes/JordanExternalDrive4	Edited	/Volumes/JordanExternalDrive4/Pictures/2023/2023-05-29 Military Shoot/Edited
/Volumes/JordanExternalDrive4	TIFF, Edited	/Volumes/JordanExternalDrive4/Pictures/2023/2023-05-29 Military Shoot/Edited/TIFF
/Volumes/JordanExternalDrive4	JPEG XL, TIFF, Edited	/Volumes/JordanExternalDrive4/Pictures/2023/2023-05-29 Military Shoot/Edited/TIFF/JPEG XL
/Volumes/JordanExternalDrive4	TIFF	/Volumes/JordanExternalDrive4/Pictures/2023/2023-05-30 Bianca/Outfit 1/TIFF
/Volumes/JordanExternalDrive4	JPEG XL, TIFF	/Volumes/JordanExternalDrive4/Pictures/2023/2023-05-30 Bianca/Outfit 1/TIFF/Bianca Inf_Evoto/JPEG XL
/Volumes/JordanExternalDrive4	JPEG XL, TIFF	/Volumes/JordanExternalDrive4/Pictures/2023/2023-05-30 Bianca/Outfit 1/TIFF/JPEG XL
/Volumes/JordanExternalDrive4	Edited	/Volumes/JordanExternalDrive4/Pictures/2023/2023-05-30 Bianca/Outfit 2/Edited
/Volumes/JordanExternalDrive4	TIFF, Edited	/Volumes/JordanExternalDrive4/Pictures/2023/2023-05-30 Bianca/Outfit 2/Edited/TIFF
/Volumes/JordanExternalDrive4	JPEG XL, TIFF, Edited	/Volumes/JordanExternalDrive4/Pictures/2023/2023-05-30 Bianca/Outfit 2/Edited/TIFF/JPEG XL
/Volumes/JordanExternalDrive4	TIFF	/Volumes/JordanExternalDrive4/Pictures/2023/2023-05-30 Bianca/Outfit 2/TIFF
/Volumes/JordanExternalDrive4	JPEG XL, TIFF	/Volumes/JordanExternalDrive4/Pictures/2023/2023-05-30 Bianca/Outfit 2/TIFF/Bianca Red Dress_Evoto/JPEG XL
/Volumes/JordanExternalDrive4	JPEG XL, TIFF	/Volumes/JordanExternalDrive4/Pictures/2023/2023-05-30 Bianca/Outfit 2/TIFF/JPEG XL
/Volumes/JordanExternalDrive4	Edited	/Volumes/JordanExternalDrive4/Pictures/2023/2023-05-30 Bianca/Outfit 3/Edited
/Volumes/JordanExternalDrive4	TIFF, Edited	/Volumes/JordanExternalDrive4/Pictures/2023/2023-05-30 Bianca/Outfit 3/Edited/TIFF
/Volumes/JordanExternalDrive4	JPEG XL, TIFF, Edited	/Volumes/JordanExternalDrive4/Pictures/2023/2023-05-30 Bianca/Outfit 3/Edited/TIFF/JPEG XL
/Volumes/JordanExternalDrive4	TIFF	/Volumes/JordanExternalDrive4/Pictures/2023/2023-05-30 Bianca/Outfit 3/TIFF
/Volumes/JordanExternalDrive4	JPEG XL, TIFF	/Volumes/JordanExternalDrive4/Pictures/2023/2023-05-30 Bianca/Outfit 3/TIFF/JPEG XL
/Volumes/JordanExternalDrive4	Edited	/Volumes/JordanExternalDrive4/Pictures/2023/2023-05-31 Georgina/Edited
/Volumes/JordanExternalDrive4	TIFF, Edited	/Volumes/JordanExternalDrive4/Pictures/2023/2023-05-31 Georgina/Edited/TIFF
/Volumes/JordanExternalDrive4	JPEG XL, TIFF, Edited	/Volumes/JordanExternalDrive4/Pictures/2023/2023-05-31 Georgina/Edited/TIFF/JPEG XL
/Volumes/JordanExternalDrive4	TIFF	/Volumes/JordanExternalDrive4/Pictures/2023/2023-06-07 Federal Bank/Gala/TIFF
/Volumes/JordanExternalDrive4	JPEG XL, TIFF	/Volumes/JordanExternalDrive4/Pictures/2023/2023-06-07 Federal Bank/Gala/TIFF/JPEG XL
/Volumes/JordanExternalDrive4	Edited	/Volumes/JordanExternalDrive4/Pictures/2023/2023-06-15 The City Mag-Dr. Days/Edited
/Volumes/JordanExternalDrive4	TIFF, Edited	/Volumes/JordanExternalDrive4/Pictures/2023/2023-06-15 The City Mag-Dr. Days/Edited/TIFF
/Volumes/JordanExternalDrive4	JPEG XL, TIFF, Edited	/Volumes/JordanExternalDrive4/Pictures/2023/2023-06-15 The City Mag-Dr. Days/Edited/TIFF/JPEG XL
/Volumes/JordanExternalDrive4	Edited	/Volumes/JordanExternalDrive4/Pictures/2023/2023-06-16 Ricardo Malfatti/Edited
/Volumes/JordanExternalDrive4	TIFF, Edited	/Volumes/JordanExternalDrive4/Pictures/2023/2023-06-16 Ricardo Malfatti/Edited/TIFF
/Volumes/JordanExternalDrive4	JPEG XL, TIFF, Edited	/Volumes/JordanExternalDrive4/Pictures/2023/2023-06-16 Ricardo Malfatti/Edited/TIFF/JPEG XL
/Volumes/JordanExternalDrive4	TIFF	/Volumes/JordanExternalDrive4/Pictures/2023/2023-06-16 Ricardo Malfatti/TIFF
/Volumes/JordanExternalDrive4	JPEG XL, TIFF	/Volumes/JordanExternalDrive4/Pictures/2023/2023-06-16 Ricardo Malfatti/TIFF/JPEG XL
/Volumes/JordanExternalDrive4	TIFF	/Volumes/JordanExternalDrive4/Pictures/2023/2023-06-19/TIFF
/Volumes/JordanExternalDrive4	Edited	/Volumes/JordanExternalDrive4/Pictures/2023/2023-06-22 Armando Torres/Outfit 1/Edited
/Volumes/JordanExternalDrive4	TIFF, Edited	/Volumes/JordanExternalDrive4/Pictures/2023/2023-06-22 Armando Torres/Outfit 1/Edited/TIFF
/Volumes/JordanExternalDrive4	Edited	/Volumes/JordanExternalDrive4/Pictures/2023/2023-06-22 Armando Torres/Outfit 2/Edited
/Volumes/JordanExternalDrive4	TIFF, Edited	/Volumes/JordanExternalDrive4/Pictures/2023/2023-06-22 Armando Torres/Outfit 2/Edited/TIFF
/Volumes/JordanExternalDrive4	Edited	/Volumes/JordanExternalDrive4/Pictures/2023/2023-06-22 Armando Torres/Outfit 3/Edited
/Volumes/JordanExternalDrive4	TIFF, Edited	/Volumes/JordanExternalDrive4/Pictures/2023/2023-06-22 Armando Torres/Outfit 3/Edited/TIFF
/Volumes/JordanExternalDrive4	TIFF	/Volumes/JordanExternalDrive4/Pictures/2023/2023-06-22 Armando Torres/Outfit 4/Edit/TIFF
/Volumes/JordanExternalDrive4	Edited	/Volumes/JordanExternalDrive4/Pictures/2023/2023-06-22 Armando Torres/Outfit 5/Edited
/Volumes/JordanExternalDrive4	TIFF, Edited	/Volumes/JordanExternalDrive4/Pictures/2023/2023-06-22 Armando Torres/Outfit 5/Edited/TIFF
/Volumes/JordanExternalDrive4	Edited	/Volumes/JordanExternalDrive4/Pictures/2023/2023-06-22 Armando Torres/Outfit 6/Edited
/Volumes/JordanExternalDrive4	TIFF, Edited	/Volumes/JordanExternalDrive4/Pictures/2023/2023-06-22 Armando Torres/Outfit 6/Edited/TIFF
/Volumes/JordanExternalDrive4	Edited	/Volumes/JordanExternalDrive4/Pictures/2023/2023-06-23 Model&Model Meet up/Edited
/Volumes/JordanExternalDrive4	TIFF, Edited	/Volumes/JordanExternalDrive4/Pictures/2023/2023-06-23 Model&Model Meet up/Edited/TIFF
/Volumes/JordanExternalDrive4	JPEG XL, TIFF, Edited	/Volumes/JordanExternalDrive4/Pictures/2023/2023-06-23 Model&Model Meet up/Edited/TIFF/JPEG XL
/Volumes/JordanExternalDrive4	Edited	/Volumes/JordanExternalDrive4/Pictures/2023/2023-06-25 Beast Urban Natatorium/Edited
/Volumes/JordanExternalDrive4	TIFF, Edited	/Volumes/JordanExternalDrive4/Pictures/2023/2023-06-25 Beast Urban Natatorium/Edited/TIFF
/Volumes/JordanExternalDrive4	JPEG XL, TIFF, Edited	/Volumes/JordanExternalDrive4/Pictures/2023/2023-06-25 Beast Urban Natatorium/Edited/TIFF/JPEG XL
/Volumes/JordanExternalDrive4	TIFF	/Volumes/JordanExternalDrive4/Pictures/2023/2023-06-25 Beast Urban Natatorium/TIFF
/Volumes/JordanExternalDrive4	JPEG XL, TIFF	/Volumes/JordanExternalDrive4/Pictures/2023/2023-06-25 Beast Urban Natatorium/TIFF/JPEG XL
/Volumes/JordanExternalDrive4	TIFF	/Volumes/JordanExternalDrive4/Pictures/2023/2023-06-27 Christa and Chira/Chira/TIFF
/Volumes/JordanExternalDrive4	JPEG XL, TIFF	/Volumes/JordanExternalDrive4/Pictures/2023/2023-06-27 Christa and Chira/Chira/TIFF/Chiara_Evoto/JPEG XL
/Volumes/JordanExternalDrive4	JPEG XL, TIFF	/Volumes/JordanExternalDrive4/Pictures/2023/2023-06-27 Christa and Chira/Chira/TIFF/JPEG XL
/Volumes/JordanExternalDrive4	Edited	/Volumes/JordanExternalDrive4/Pictures/2023/2023-06-27 Christa and Chira/Christa/Outfit 1/Edited
/Volumes/JordanExternalDrive4	TIFF, Edited	/Volumes/JordanExternalDrive4/Pictures/2023/2023-06-27 Christa and Chira/Christa/Outfit 1/Edited/TIFF
/Volumes/JordanExternalDrive4	JPEG XL, TIFF, Edited	/Volumes/JordanExternalDrive4/Pictures/2023/2023-06-27 Christa and Chira/Christa/Outfit 1/Edited/TIFF/JPEG XL
/Volumes/JordanExternalDrive4	TIFF	/Volumes/JordanExternalDrive4/Pictures/2023/2023-06-27 Christa and Chira/Christa/Outfit 1/TIFF
/Volumes/JordanExternalDrive4	JPEG XL, TIFF	/Volumes/JordanExternalDrive4/Pictures/2023/2023-06-27 Christa and Chira/Christa/Outfit 1/TIFF/JPEG XL
/Volumes/JordanExternalDrive4	Edited	/Volumes/JordanExternalDrive4/Pictures/2023/2023-06-27 Christa and Chira/Christa/Outfit 2/Look 1/Edited
/Volumes/JordanExternalDrive4	TIFF, Edited	/Volumes/JordanExternalDrive4/Pictures/2023/2023-06-27 Christa and Chira/Christa/Outfit 2/Look 1/Edited/TIFF
/Volumes/JordanExternalDrive4	Cam_Evoto	/Volumes/JordanExternalDrive4/Pictures/2023/2023-06-27 Christa and Chira/Christa/Outfit 2/Look 2/Cam_Evoto
/Volumes/JordanExternalDrive4	Edited	/Volumes/JordanExternalDrive4/Pictures/2023/2023-06-27 Christa and Chira/Christa/Outfit 2/Look 2/Edited
/Volumes/JordanExternalDrive4	TIFF, Edited	/Volumes/JordanExternalDrive4/Pictures/2023/2023-06-27 Christa and Chira/Christa/Outfit 2/Look 2/Edited/TIFF
/Volumes/JordanExternalDrive4	Cam_Evoto	/Volumes/JordanExternalDrive4/Pictures/2023/2023-06-27 Christa and Chira/Christa/Outfit 2/Look 3/Cam_Evoto
/Volumes/JordanExternalDrive4	Cam_Evoto	/Volumes/JordanExternalDrive4/Pictures/2023/2023-06-27 Christa and Chira/Christa/Outfit 3/Cam_Evoto
/Volumes/JordanExternalDrive4	Cam_Evoto, JPEG XL	/Volumes/JordanExternalDrive4/Pictures/2023/2023-06-27 Christa and Chira/Christa/Outfit 3/Cam_Evoto/JPEG XL
/Volumes/JordanExternalDrive4	TIFF	/Volumes/JordanExternalDrive4/Pictures/2023/2023-06-27 Christa and Chira/Christa/Outfit 4/TIFF
/Volumes/JordanExternalDrive4	JPEG XL, TIFF	/Volumes/JordanExternalDrive4/Pictures/2023/2023-06-27 Christa and Chira/Christa/Outfit 4/TIFF/Christa_Evoto/JPEG XL
/Volumes/JordanExternalDrive4	TIFF	/Volumes/JordanExternalDrive4/Pictures/2023/2023-06-27 Christa and Chira/Christa/Outfit 4/TIFF/Christa_Evoto/TIFF 2
/Volumes/JordanExternalDrive4	Edited	/Volumes/JordanExternalDrive4/Pictures/2023/2023-07-01/Edited
/Volumes/JordanExternalDrive4	TIFF, Edited	/Volumes/JordanExternalDrive4/Pictures/2023/2023-07-01/Edited/TIFF
/Volumes/JordanExternalDrive4	JPEG XL, TIFF, Edited	/Volumes/JordanExternalDrive4/Pictures/2023/2023-07-01/Edited/TIFF/JPEG XL
/Volumes/JordanExternalDrive4	TIFF	/Volumes/JordanExternalDrive4/Pictures/2023/2023-07-01/TIFF
/Volumes/JordanExternalDrive4	JPEG XL, TIFF	/Volumes/JordanExternalDrive4/Pictures/2023/2023-07-01/TIFF/JPEG XL
/Volumes/JordanExternalDrive4	TIFF	/Volumes/JordanExternalDrive4/Pictures/2023/2023-07-02/TIFF
/Volumes/JordanExternalDrive4	JPEG XL, TIFF	/Volumes/JordanExternalDrive4/Pictures/2023/2023-07-02/TIFF/JPEG XL
/Volumes/JordanExternalDrive4	Edited	/Volumes/JordanExternalDrive4/Pictures/2023/2023-07-08 Latisha/Edited
/Volumes/JordanExternalDrive4	JPEG XL, Edited	/Volumes/JordanExternalDrive4/Pictures/2023/2023-07-08 Latisha/Edited/JPEG XL
/Volumes/JordanExternalDrive4	TIFF, Edited	/Volumes/JordanExternalDrive4/Pictures/2023/2023-07-08 Latisha/Edited/TIFF
/Volumes/JordanExternalDrive4	JPEG XL, TIFF, Edited	/Volumes/JordanExternalDrive4/Pictures/2023/2023-07-08 Latisha/Edited/TIFF/JPEG XL
/Volumes/JordanExternalDrive4	TIFF	/Volumes/JordanExternalDrive4/Pictures/2023/2023-07-11 Bazaar - Sofia/TIFF
/Volumes/JordanExternalDrive4	JPEG XL, TIFF	/Volumes/JordanExternalDrive4/Pictures/2023/2023-07-11 Bazaar - Sofia/TIFF/JPEG XL
/Volumes/JordanExternalDrive4	Edited	/Volumes/JordanExternalDrive4/Pictures/2023/2023-07-18 Hector/BeLocal El Paso Front Cover/Edited
/Volumes/JordanExternalDrive4	TIFF, Edited	/Volumes/JordanExternalDrive4/Pictures/2023/2023-07-18 Hector/BeLocal El Paso Front Cover/Edited/TIFF
/Volumes/JordanExternalDrive4	JPEG XL, TIFF, Edited	/Volumes/JordanExternalDrive4/Pictures/2023/2023-07-18 Hector/BeLocal El Paso Front Cover/Edited/TIFF/JPEG XL
/Volumes/JordanExternalDrive4	TIFF	/Volumes/JordanExternalDrive4/Pictures/2023/2023-07-18 Hector/BeLocal El Paso Front Cover/TIFF
/Volumes/JordanExternalDrive4	JPEG XL, TIFF	/Volumes/JordanExternalDrive4/Pictures/2023/2023-07-18 Hector/BeLocal El Paso Front Cover/TIFF/JPEG XL
/Volumes/JordanExternalDrive4	Edited	/Volumes/JordanExternalDrive4/Pictures/2023/2023-07-18 Hector/Edited
/Volumes/JordanExternalDrive4	TIFF, Edited	/Volumes/JordanExternalDrive4/Pictures/2023/2023-07-18 Hector/Edited/TIFF
/Volumes/JordanExternalDrive4	JPEG XL, TIFF, Edited	/Volumes/JordanExternalDrive4/Pictures/2023/2023-07-18 Hector/Edited/TIFF/JPEG XL
/Volumes/JordanExternalDrive4	TIFF	/Volumes/JordanExternalDrive4/Pictures/2023/2023-07-18 Hector/TIFF
/Volumes/JordanExternalDrive4	JPEG XL, TIFF	/Volumes/JordanExternalDrive4/Pictures/2023/2023-07-18 Hector/TIFF/JPEG XL
/Volumes/JordanExternalDrive4	Edited	/Volumes/JordanExternalDrive4/Pictures/2023/2023-07-19 Andrea & Ada/Headshots/Edited
/Volumes/JordanExternalDrive4	TIFF	/Volumes/JordanExternalDrive4/Pictures/2023/2023-07-19 Andrea & Ada/Headshots/TIFF
/Volumes/JordanExternalDrive4	JPEG XL, TIFF	/Volumes/JordanExternalDrive4/Pictures/2023/2023-07-19 Andrea & Ada/Headshots/TIFF/JPEG XL
/Volumes/JordanExternalDrive4	Edited	/Volumes/JordanExternalDrive4/Pictures/2023/2023-07-19 Andrea & Ada/Israel/Edited
/Volumes/JordanExternalDrive4	TIFF, Edited	/Volumes/JordanExternalDrive4/Pictures/2023/2023-07-19 Andrea & Ada/Israel/Edited/TIFF
/Volumes/JordanExternalDrive4	JPEG XL, TIFF, Edited	/Volumes/JordanExternalDrive4/Pictures/2023/2023-07-19 Andrea & Ada/Israel/Edited/TIFF/JPEG XL
/Volumes/JordanExternalDrive4	TIFF	/Volumes/JordanExternalDrive4/Pictures/2023/2023-07-19 Andrea & Ada/Israel/TIFF
/Volumes/JordanExternalDrive4	JPEG XL, TIFF	/Volumes/JordanExternalDrive4/Pictures/2023/2023-07-19 Andrea & Ada/Israel/TIFF/JPEG XL
/Volumes/JordanExternalDrive4	Edited	/Volumes/JordanExternalDrive4/Pictures/2023/2023-07-23 Gia/Edited
/Volumes/JordanExternalDrive4	TIFF, Edited	/Volumes/JordanExternalDrive4/Pictures/2023/2023-07-23 Gia/Edited/TIFF
/Volumes/JordanExternalDrive4	JPEG XL, TIFF, Edited	/Volumes/JordanExternalDrive4/Pictures/2023/2023-07-23 Gia/Edited/TIFF/JPEG XL
/Volumes/JordanExternalDrive4	TIFF	/Volumes/JordanExternalDrive4/Pictures/2023/2023-07-23 Gia/TIFF
/Volumes/JordanExternalDrive4	JPEG XL, TIFF	/Volumes/JordanExternalDrive4/Pictures/2023/2023-07-23 Gia/TIFF/Gia_Evoto/JPEG XL
/Volumes/JordanExternalDrive4	JPEG XL, TIFF	/Volumes/JordanExternalDrive4/Pictures/2023/2023-07-23 Gia/TIFF/JPEG XL
/Volumes/JordanExternalDrive4	Edited	/Volumes/JordanExternalDrive4/Pictures/2023/2023-07-24 Alyssa Ruiz/Outfit 1/Edited
/Volumes/JordanExternalDrive4	TIFF, Edited	/Volumes/JordanExternalDrive4/Pictures/2023/2023-07-24 Alyssa Ruiz/Outfit 1/Edited/TIFF
/Volumes/JordanExternalDrive4	JPEG XL, TIFF, Edited	/Volumes/JordanExternalDrive4/Pictures/2023/2023-07-24 Alyssa Ruiz/Outfit 1/Edited/TIFF/JPEG XL
/Volumes/JordanExternalDrive4	TIFF	/Volumes/JordanExternalDrive4/Pictures/2023/2023-07-24 Alyssa Ruiz/Outfit 1/TIFF
/Volumes/JordanExternalDrive4	JPEG XL, TIFF	/Volumes/JordanExternalDrive4/Pictures/2023/2023-07-24 Alyssa Ruiz/Outfit 1/TIFF/JPEG XL
/Volumes/JordanExternalDrive4	TIFF	/Volumes/JordanExternalDrive4/Pictures/2023/2023-07-24 Alyssa Ruiz/Outfit 2/TIFF
/Volumes/JordanExternalDrive4	JPEG XL, TIFF	/Volumes/JordanExternalDrive4/Pictures/2023/2023-07-24 Alyssa Ruiz/Outfit 2/TIFF/Alyssa_Evoto/JPEG XL
/Volumes/JordanExternalDrive4	JPEG XL, TIFF	/Volumes/JordanExternalDrive4/Pictures/2023/2023-07-24 Alyssa Ruiz/Outfit 2/TIFF/JPEG XL
/Volumes/JordanExternalDrive4	TIFF	/Volumes/JordanExternalDrive4/Pictures/2023/2023-07-24 Alyssa Ruiz/Outfit 3/Set 1/TIFF
/Volumes/JordanExternalDrive4	TIFF	/Volumes/JordanExternalDrive4/Pictures/2023/2023-07-24 Alyssa Ruiz/Outfit 3/Set 1/TIFF/TIFF
/Volumes/JordanExternalDrive4	JPEG XL, TIFF	/Volumes/JordanExternalDrive4/Pictures/2023/2023-07-24 Alyssa Ruiz/Outfit 3/Set 1/TIFF/TIFF/JPEG XL
/Volumes/JordanExternalDrive4	Edited	/Volumes/JordanExternalDrive4/Pictures/2023/2023-07-24 Alyssa Ruiz/Outfit 4/Edited
/Volumes/JordanExternalDrive4	TIFF, Edited	/Volumes/JordanExternalDrive4/Pictures/2023/2023-07-24 Alyssa Ruiz/Outfit 4/Edited/TIFF
/Volumes/JordanExternalDrive4	JPEG XL, TIFF, Edited	/Volumes/JordanExternalDrive4/Pictures/2023/2023-07-24 Alyssa Ruiz/Outfit 4/Edited/TIFF/JPEG XL
/Volumes/JordanExternalDrive4	Edited	/Volumes/JordanExternalDrive4/Pictures/2023/2023-07-27 Model Photographer/Alyssa & Gia/Edited
/Volumes/JordanExternalDrive4	TIFF, Edited	/Volumes/JordanExternalDrive4/Pictures/2023/2023-07-27 Model Photographer/Alyssa & Gia/Edited/TIFF
/Volumes/JordanExternalDrive4	JPEG XL, TIFF, Edited	/Volumes/JordanExternalDrive4/Pictures/2023/2023-07-27 Model Photographer/Alyssa & Gia/Edited/TIFF/JPEG XL
/Volumes/JordanExternalDrive4	TIFF	/Volumes/JordanExternalDrive4/Pictures/2023/2023-07-27 Model Photographer/Danny/Set 1/TIFF
/Volumes/JordanExternalDrive4	JPEG XL, TIFF	/Volumes/JordanExternalDrive4/Pictures/2023/2023-07-27 Model Photographer/Danny/Set 1/TIFF/JPEG XL
/Volumes/JordanExternalDrive4	Edited	/Volumes/JordanExternalDrive4/Pictures/2023/2023-07-27 Model Photographer/Danny/Set 2/Edited
/Volumes/JordanExternalDrive4	TIFF, Edited	/Volumes/JordanExternalDrive4/Pictures/2023/2023-07-27 Model Photographer/Danny/Set 2/Edited/TIFF
/Volumes/JordanExternalDrive4	JPEG XL, TIFF, Edited	/Volumes/JordanExternalDrive4/Pictures/2023/2023-07-27 Model Photographer/Danny/Set 2/Edited/TIFF/JPEG XL
/Volumes/JordanExternalDrive4	TIFF	/Volumes/JordanExternalDrive4/Pictures/2023/2023-07-27 Model Photographer/Danny/Set 3/TIFF
/Volumes/JordanExternalDrive4	JPEG XL, TIFF	/Volumes/JordanExternalDrive4/Pictures/2023/2023-07-27 Model Photographer/Danny/Set 3/TIFF/Danny_Evoto/JPEG XL
/Volumes/JordanExternalDrive4	JPEG XL, TIFF	/Volumes/JordanExternalDrive4/Pictures/2023/2023-07-27 Model Photographer/Danny/Set 3/TIFF/JPEG XL
/Volumes/JordanExternalDrive4	Edited	/Volumes/JordanExternalDrive4/Pictures/2023/2023-07-27 Model Photographer/Danny/Set 5/Edited
/Volumes/JordanExternalDrive4	TIFF, Edited	/Volumes/JordanExternalDrive4/Pictures/2023/2023-07-27 Model Photographer/Danny/Set 5/Edited/TIFF
/Volumes/JordanExternalDrive4	JPEG XL, TIFF, Edited	/Volumes/JordanExternalDrive4/Pictures/2023/2023-07-27 Model Photographer/Danny/Set 5/Edited/TIFF/JPEG XL
/Volumes/JordanExternalDrive4	TIFF	/Volumes/JordanExternalDrive4/Pictures/2023/2023-07-27 Model Photographer/Danny/Set 5/TIFF
/Volumes/JordanExternalDrive4	JPEG XL, TIFF	/Volumes/JordanExternalDrive4/Pictures/2023/2023-07-27 Model Photographer/Danny/Set 5/TIFF/JPEG XL
/Volumes/JordanExternalDrive4	Edited	/Volumes/JordanExternalDrive4/Pictures/2023/2023-07-27 Model Photographer/Sarah/Edited
/Volumes/JordanExternalDrive4	TIFF, Edited	/Volumes/JordanExternalDrive4/Pictures/2023/2023-07-27 Model Photographer/Sarah/Edited/TIFF
/Volumes/JordanExternalDrive4	JPEG XL, TIFF, Edited	/Volumes/JordanExternalDrive4/Pictures/2023/2023-07-27 Model Photographer/Sarah/Edited/TIFF/JPEG XL
/Volumes/JordanExternalDrive4	TIFF	/Volumes/JordanExternalDrive4/Pictures/2023/2023-07-27 Model Photographer/Sarah/TIFF
/Volumes/JordanExternalDrive4	JPEG XL, TIFF	/Volumes/JordanExternalDrive4/Pictures/2023/2023-07-27 Model Photographer/Sarah/TIFF/JPEG XL
/Volumes/JordanExternalDrive4	JPEG XL, TIFF	/Volumes/JordanExternalDrive4/Pictures/2023/2023-07-27 Model Photographer/Sarah/TIFF/Sarah_Evoto/JPEG XL
/Volumes/JordanExternalDrive4	Edited	/Volumes/JordanExternalDrive4/Pictures/2023/2023-07-27 Model Photographer/Vivian/Edited
/Volumes/JordanExternalDrive4	TIFF, Edited	/Volumes/JordanExternalDrive4/Pictures/2023/2023-07-27 Model Photographer/Vivian/Edited/TIFF
/Volumes/JordanExternalDrive4	JPEG XL, TIFF, Edited	/Volumes/JordanExternalDrive4/Pictures/2023/2023-07-27 Model Photographer/Vivian/Edited/TIFF/JPEG XL
/Volumes/JordanExternalDrive4	Edited	/Volumes/JordanExternalDrive4/Pictures/2023/2023-08-03 Kenia and Sofia/Kenia/Edited
/Volumes/JordanExternalDrive4	TIFF, Edited	/Volumes/JordanExternalDrive4/Pictures/2023/2023-08-03 Kenia and Sofia/Kenia/Edited/TIFF
/Volumes/JordanExternalDrive4	JPEG XL, TIFF, Edited	/Volumes/JordanExternalDrive4/Pictures/2023/2023-08-03 Kenia and Sofia/Kenia/Edited/TIFF/JPEG XL
/Volumes/JordanExternalDrive4	Edited	/Volumes/JordanExternalDrive4/Pictures/2023/2023-08-03 Kenia and Sofia/Sofia/Edited
/Volumes/JordanExternalDrive4	TIFF, Edited	/Volumes/JordanExternalDrive4/Pictures/2023/2023-08-03 Kenia and Sofia/Sofia/Edited/TIFF
/Volumes/JordanExternalDrive4	JPEG XL, TIFF, Edited	/Volumes/JordanExternalDrive4/Pictures/2023/2023-08-03 Kenia and Sofia/Sofia/Edited/TIFF/JPEG XL
/Volumes/JordanExternalDrive4	TIFF	/Volumes/JordanExternalDrive4/Pictures/2023/2023-08-03 Kenia and Sofia/Sofia/TIFF
/Volumes/JordanExternalDrive4	TIFF	/Volumes/JordanExternalDrive4/Pictures/2023/2023-08-08 Marco Candelario/Ailene/Outfit 1/TIFF
/Volumes/JordanExternalDrive4	Cam_Evoto, TIFF	/Volumes/JordanExternalDrive4/Pictures/2023/2023-08-08 Marco Candelario/Ailene/Outfit 1/TIFF/Cam_Evoto
/Volumes/JordanExternalDrive4	Cam_Evoto, JPEG XL, TIFF	/Volumes/JordanExternalDrive4/Pictures/2023/2023-08-08 Marco Candelario/Ailene/Outfit 1/TIFF/Cam_Evoto/JPEG XL
/Volumes/JordanExternalDrive4	JPEG XL, TIFF	/Volumes/JordanExternalDrive4/Pictures/2023/2023-08-08 Marco Candelario/Ailene/Outfit 1/TIFF/JPEG XL
/Volumes/JordanExternalDrive4	TIFF	/Volumes/JordanExternalDrive4/Pictures/2023/2023-08-08 Marco Candelario/Ailene/Outfit 2/TIFF
/Volumes/JordanExternalDrive4	Cam_Evoto, TIFF	/Volumes/JordanExternalDrive4/Pictures/2023/2023-08-08 Marco Candelario/Ailene/Outfit 2/TIFF/Cam_Evoto
/Volumes/JordanExternalDrive4	Cam_Evoto, JPEG XL, TIFF	/Volumes/JordanExternalDrive4/Pictures/2023/2023-08-08 Marco Candelario/Ailene/Outfit 2/TIFF/Cam_Evoto/JPEG XL
/Volumes/JordanExternalDrive4	JPEG XL, TIFF	/Volumes/JordanExternalDrive4/Pictures/2023/2023-08-08 Marco Candelario/Ailene/Outfit 2/TIFF/JPEG XL
/Volumes/JordanExternalDrive4	TIFF	/Volumes/JordanExternalDrive4/Pictures/2023/2023-08-08 Marco Candelario/Ailene/Outfit 3/TIFF
/Volumes/JordanExternalDrive4	Cam_Evoto, TIFF	/Volumes/JordanExternalDrive4/Pictures/2023/2023-08-08 Marco Candelario/Ailene/Outfit 3/TIFF/Cam_Evoto
/Volumes/JordanExternalDrive4	Cam_Evoto, JPEG XL, TIFF	/Volumes/JordanExternalDrive4/Pictures/2023/2023-08-08 Marco Candelario/Ailene/Outfit 3/TIFF/Cam_Evoto/JPEG XL
/Volumes/JordanExternalDrive4	JPEG XL, TIFF	/Volumes/JordanExternalDrive4/Pictures/2023/2023-08-08 Marco Candelario/Ailene/Outfit 3/TIFF/JPEG XL
/Volumes/JordanExternalDrive4	TIFF	/Volumes/JordanExternalDrive4/Pictures/2023/2023-08-08 Marco Candelario/Ailene/Outfit 4/TIFF
/Volumes/JordanExternalDrive4	Cam_Evoto, TIFF	/Volumes/JordanExternalDrive4/Pictures/2023/2023-08-08 Marco Candelario/Ailene/Outfit 4/TIFF/Cam_Evoto
/Volumes/JordanExternalDrive4	Cam_Evoto, JPEG XL, TIFF	/Volumes/JordanExternalDrive4/Pictures/2023/2023-08-08 Marco Candelario/Ailene/Outfit 4/TIFF/Cam_Evoto/JPEG XL
/Volumes/JordanExternalDrive4	JPEG XL, TIFF	/Volumes/JordanExternalDrive4/Pictures/2023/2023-08-08 Marco Candelario/Ailene/Outfit 4/TIFF/JPEG XL
/Volumes/JordanExternalDrive4	Edited	/Volumes/JordanExternalDrive4/Pictures/2023/2023-08-08 Marco Candelario/Daniel/Outfit 1/Edited
/Volumes/JordanExternalDrive4	TIFF, Edited	/Volumes/JordanExternalDrive4/Pictures/2023/2023-08-08 Marco Candelario/Daniel/Outfit 1/Edited/TIFF
/Volumes/JordanExternalDrive4	JPEG XL, TIFF, Edited	/Volumes/JordanExternalDrive4/Pictures/2023/2023-08-08 Marco Candelario/Daniel/Outfit 1/Edited/TIFF/JPEG XL
/Volumes/JordanExternalDrive4	Edited	/Volumes/JordanExternalDrive4/Pictures/2023/2023-08-08 Marco Candelario/Danny/Edited
/Volumes/JordanExternalDrive4	Edited	/Volumes/JordanExternalDrive4/Pictures/2023/2023-08-08 Marco Candelario/Danny/Outfit 1/Edited
/Volumes/JordanExternalDrive4	TIFF, Edited	/Volumes/JordanExternalDrive4/Pictures/2023/2023-08-08 Marco Candelario/Danny/Outfit 1/Edited/TIFF
/Volumes/JordanExternalDrive4	JPEG XL, TIFF, Edited	/Volumes/JordanExternalDrive4/Pictures/2023/2023-08-08 Marco Candelario/Danny/Outfit 1/Edited/TIFF/JPEG XL
/Volumes/JordanExternalDrive4	Edited	/Volumes/JordanExternalDrive4/Pictures/2023/2023-08-08 Marco Candelario/Danny/Outfit 2/Edited
/Volumes/JordanExternalDrive4	TIFF, Edited	/Volumes/JordanExternalDrive4/Pictures/2023/2023-08-08 Marco Candelario/Danny/Outfit 2/Edited/TIFF
/Volumes/JordanExternalDrive4	JPEG XL, TIFF, Edited	/Volumes/JordanExternalDrive4/Pictures/2023/2023-08-08 Marco Candelario/Danny/Outfit 2/Edited/TIFF/JPEG XL
/Volumes/JordanExternalDrive4	TIFF	/Volumes/JordanExternalDrive4/Pictures/2023/2023-08-08 Marco Candelario/Danny/Outfit 4/TIFF
/Volumes/JordanExternalDrive4	JPEG XL, TIFF	/Volumes/JordanExternalDrive4/Pictures/2023/2023-08-08 Marco Candelario/Danny/Outfit 4/TIFF/Danny_Evoto/JPEG XL
/Volumes/JordanExternalDrive4	JPEG XL, TIFF	/Volumes/JordanExternalDrive4/Pictures/2023/2023-08-08 Marco Candelario/Danny/Outfit 4/TIFF/JPEG XL
/Volumes/JordanExternalDrive4	TIFF	/Volumes/JordanExternalDrive4/Pictures/2023/2023-08-08 Marco Candelario/Danny/Outfit 4/TIFF/Tiff
/Volumes/JordanExternalDrive4	JPEG XL, TIFF	/Volumes/JordanExternalDrive4/Pictures/2023/2023-08-08 Marco Candelario/Danny/Outfit 4/TIFF/Tiff/JPEG XL
/Volumes/JordanExternalDrive4	Edited	/Volumes/JordanExternalDrive4/Pictures/2023/2023-08-08 Marco Candelario/Dany, Katie, and Jordan/Edited
/Volumes/JordanExternalDrive4	TIFF, Edited	/Volumes/JordanExternalDrive4/Pictures/2023/2023-08-08 Marco Candelario/Dany, Katie, and Jordan/Edited/TIFF
/Volumes/JordanExternalDrive4	JPEG XL, TIFF, Edited	/Volumes/JordanExternalDrive4/Pictures/2023/2023-08-08 Marco Candelario/Dany, Katie, and Jordan/Edited/TIFF/JPEG XL
/Volumes/JordanExternalDrive4	TIFF	/Volumes/JordanExternalDrive4/Pictures/2023/2023-08-08 Marco Candelario/Dany, Katie, and Jordan/TIFF
/Volumes/JordanExternalDrive4	Cam_Evoto, TIFF	/Volumes/JordanExternalDrive4/Pictures/2023/2023-08-08 Marco Candelario/Dany, Katie, and Jordan/TIFF/Cam_Evoto
/Volumes/JordanExternalDrive4	Cam_Evoto, JPEG XL, TIFF	/Volumes/JordanExternalDrive4/Pictures/2023/2023-08-08 Marco Candelario/Dany, Katie, and Jordan/TIFF/Cam_Evoto/JPEG XL
/Volumes/JordanExternalDrive4	JPEG XL, TIFF	/Volumes/JordanExternalDrive4/Pictures/2023/2023-08-08 Marco Candelario/Dany, Katie, and Jordan/TIFF/JPEG XL
/Volumes/JordanExternalDrive4	Edited	/Volumes/JordanExternalDrive4/Pictures/2023/2023-08-08 Marco Candelario/Group Shots/Edited
/Volumes/JordanExternalDrive4	TIFF, Edited	/Volumes/JordanExternalDrive4/Pictures/2023/2023-08-08 Marco Candelario/Group Shots/Edited/TIFF
/Volumes/JordanExternalDrive4	JPEG XL, TIFF, Edited	/Volumes/JordanExternalDrive4/Pictures/2023/2023-08-08 Marco Candelario/Group Shots/Edited/TIFF/JPEG XL
/Volumes/JordanExternalDrive4	TIFF	/Volumes/JordanExternalDrive4/Pictures/2023/2023-08-08 Marco Candelario/Group Shots/TIFF
/Volumes/JordanExternalDrive4	JPEG XL, TIFF	/Volumes/JordanExternalDrive4/Pictures/2023/2023-08-08 Marco Candelario/Group Shots/TIFF/JPEG XL
/Volumes/JordanExternalDrive4	Edited	/Volumes/JordanExternalDrive4/Pictures/2023/2023-08-08 Marco Candelario/Jordan/Edited
/Volumes/JordanExternalDrive4	TIFF, Edited	/Volumes/JordanExternalDrive4/Pictures/2023/2023-08-08 Marco Candelario/Jordan/Edited/TIFF
/Volumes/JordanExternalDrive4	JPEG XL, TIFF, Edited	/Volumes/JordanExternalDrive4/Pictures/2023/2023-08-08 Marco Candelario/Jordan/Edited/TIFF/JPEG XL
/Volumes/JordanExternalDrive4	TIFF	/Volumes/JordanExternalDrive4/Pictures/2023/2023-08-08 Marco Candelario/Jordan/TIFF
/Volumes/JordanExternalDrive4	Cam_Evoto, TIFF	/Volumes/JordanExternalDrive4/Pictures/2023/2023-08-08 Marco Candelario/Jordan/TIFF/Cam_Evoto
/Volumes/JordanExternalDrive4	Cam_Evoto, JPEG XL, TIFF	/Volumes/JordanExternalDrive4/Pictures/2023/2023-08-08 Marco Candelario/Jordan/TIFF/Cam_Evoto/JPEG XL
/Volumes/JordanExternalDrive4	JPEG XL, TIFF	/Volumes/JordanExternalDrive4/Pictures/2023/2023-08-08 Marco Candelario/Jordan/TIFF/JPEG XL
/Volumes/JordanExternalDrive4	Edited	/Volumes/JordanExternalDrive4/Pictures/2023/2023-08-08 Marco Candelario/Katie, Victoria, and Jordan/Edited
/Volumes/JordanExternalDrive4	JPEG XL, Edited	/Volumes/JordanExternalDrive4/Pictures/2023/2023-08-08 Marco Candelario/Katie, Victoria, and Jordan/Edited/JPEG XL
/Volumes/JordanExternalDrive4	TIFF	/Volumes/JordanExternalDrive4/Pictures/2023/2023-08-08 Marco Candelario/Katie, Victoria, and Jordan/TIFF
/Volumes/JordanExternalDrive4	TIFF	/Volumes/JordanExternalDrive4/Pictures/2023/2023-08-08 Marco Candelario/Katie, Victoria, and Jordan/TIFF 2
/Volumes/JordanExternalDrive4	JPEG XL, TIFF	/Volumes/JordanExternalDrive4/Pictures/2023/2023-08-08 Marco Candelario/Katie, Victoria, and Jordan/TIFF 2/JPEG XL
/Volumes/JordanExternalDrive4	TIFF	/Volumes/JordanExternalDrive4/Pictures/2023/2023-08-08 Marco Candelario/Katie, Victoria, and Jordan/TIFF 3
/Volumes/JordanExternalDrive4	JPEG XL, TIFF	/Volumes/JordanExternalDrive4/Pictures/2023/2023-08-08 Marco Candelario/Katie, Victoria, and Jordan/TIFF 3/JPEG XL
/Volumes/JordanExternalDrive4	JPEG XL, TIFF	/Volumes/JordanExternalDrive4/Pictures/2023/2023-08-08 Marco Candelario/Katie, Victoria, and Jordan/TIFF/JPEG XL
/Volumes/JordanExternalDrive4	TIFF	/Volumes/JordanExternalDrive4/Pictures/2023/2023-08-08 Marco Candelario/Katie/Outfit 1/TIFF
/Volumes/JordanExternalDrive4	JPEG XL, TIFF	/Volumes/JordanExternalDrive4/Pictures/2023/2023-08-08 Marco Candelario/Katie/Outfit 1/TIFF/JPEG XL
/Volumes/JordanExternalDrive4	JPEG XL, TIFF	/Volumes/JordanExternalDrive4/Pictures/2023/2023-08-08 Marco Candelario/Katie/Outfit 1/TIFF/Katie Outfit 1_Evoto/JPEG XL
/Volumes/JordanExternalDrive4	TIFF	/Volumes/JordanExternalDrive4/Pictures/2023/2023-08-08 Marco Candelario/Katie/Outfit 2/TIFF
/Volumes/JordanExternalDrive4	JPEG XL, TIFF	/Volumes/JordanExternalDrive4/Pictures/2023/2023-08-08 Marco Candelario/Katie/Outfit 2/TIFF/Katie B_Evoto/JPEG XL
/Volumes/JordanExternalDrive4	Edited	/Volumes/JordanExternalDrive4/Pictures/2023/2023-08-08 Marco Candelario/Katie/Outfit 3/Edited
/Volumes/JordanExternalDrive4	TIFF, Edited	/Volumes/JordanExternalDrive4/Pictures/2023/2023-08-08 Marco Candelario/Katie/Outfit 3/Edited/TIFF
/Volumes/JordanExternalDrive4	JPEG XL, TIFF, Edited	/Volumes/JordanExternalDrive4/Pictures/2023/2023-08-08 Marco Candelario/Katie/Outfit 3/Edited/TIFF/JPEG XL
/Volumes/JordanExternalDrive4	TIFF	/Volumes/JordanExternalDrive4/Pictures/2023/2023-08-08 Marco Candelario/Katie/Outfit 3/TIFF
/Volumes/JordanExternalDrive4	JPEG XL, TIFF	/Volumes/JordanExternalDrive4/Pictures/2023/2023-08-08 Marco Candelario/Katie/Outfit 3/TIFF/JPEG XL
/Volumes/JordanExternalDrive4	JPEG XL, TIFF	/Volumes/JordanExternalDrive4/Pictures/2023/2023-08-08 Marco Candelario/Katie/Outfit 3/TIFF/Katie Outfit 2_Evoto/JPEG XL
/Volumes/JordanExternalDrive4	TIFF	/Volumes/JordanExternalDrive4/Pictures/2023/2023-08-08 Marco Candelario/Katie/Outfit 4/Tiff
/Volumes/JordanExternalDrive4	JPEG XL, TIFF	/Volumes/JordanExternalDrive4/Pictures/2023/2023-08-08 Marco Candelario/Katie/Outfit 4/Tiff/JPEG XL
/Volumes/JordanExternalDrive4	JPEG XL, TIFF	/Volumes/JordanExternalDrive4/Pictures/2023/2023-08-08 Marco Candelario/Katie/Outfit 4/Tiff/Katie Asia_Evoto/JPEG XL
/Volumes/JordanExternalDrive4	JPEG XL, TIFF	/Volumes/JordanExternalDrive4/Pictures/2023/2023-08-08 Marco Candelario/Katie/Outfit 4/Tiff/Katie_Evoto/JPEG XL
/Volumes/JordanExternalDrive4	Edited	/Volumes/JordanExternalDrive4/Pictures/2023/2023-08-08 Marco Candelario/Nathan, Danny, and Katie/Edited
/Volumes/JordanExternalDrive4	TIFF, Edited	/Volumes/JordanExternalDrive4/Pictures/2023/2023-08-08 Marco Candelario/Nathan, Danny, and Katie/Edited/TIFF
/Volumes/JordanExternalDrive4	JPEG XL, TIFF, Edited	/Volumes/JordanExternalDrive4/Pictures/2023/2023-08-08 Marco Candelario/Nathan, Danny, and Katie/Edited/TIFF/JPEG XL
/Volumes/JordanExternalDrive4	TIFF	/Volumes/JordanExternalDrive4/Pictures/2023/2023-08-08 Marco Candelario/Nathan, Danny, and Katie/TIFF
/Volumes/JordanExternalDrive4	Cam_Evoto, TIFF	/Volumes/JordanExternalDrive4/Pictures/2023/2023-08-08 Marco Candelario/Nathan, Danny, and Katie/TIFF/Cam_Evoto
/Volumes/JordanExternalDrive4	Cam_Evoto, JPEG XL, TIFF	/Volumes/JordanExternalDrive4/Pictures/2023/2023-08-08 Marco Candelario/Nathan, Danny, and Katie/TIFF/Cam_Evoto/JPEG XL
/Volumes/JordanExternalDrive4	JPEG XL, TIFF	/Volumes/JordanExternalDrive4/Pictures/2023/2023-08-08 Marco Candelario/Nathan, Danny, and Katie/TIFF/JPEG XL
/Volumes/JordanExternalDrive4	JPEG XL	/Volumes/JordanExternalDrive4/Pictures/2023/2023-08-08 Marco Candelario/Nathan/Outfit 2/Henry/JPEG XL
/Volumes/JordanExternalDrive4	JPEG XL	/Volumes/JordanExternalDrive4/Pictures/2023/2023-08-08 Marco Candelario/Nathan/Outfit 2/Henry/Nathan_Evoto/JPEG XL
/Volumes/JordanExternalDrive4	TIFF	/Volumes/JordanExternalDrive4/Pictures/2023/2023-08-08 Marco Candelario/Nathan/Outfit 3/TIFF
/Volumes/JordanExternalDrive4	JPEG XL, TIFF	/Volumes/JordanExternalDrive4/Pictures/2023/2023-08-08 Marco Candelario/Nathan/Outfit 3/TIFF/JPEG XL
/Volumes/JordanExternalDrive4	Edited	/Volumes/JordanExternalDrive4/Pictures/2023/2023-08-08 Marco Candelario/Victoria/Edited
/Volumes/JordanExternalDrive4	TIFF, Edited	/Volumes/JordanExternalDrive4/Pictures/2023/2023-08-08 Marco Candelario/Victoria/Edited/TIFF
/Volumes/JordanExternalDrive4	JPEG XL, TIFF, Edited	/Volumes/JordanExternalDrive4/Pictures/2023/2023-08-08 Marco Candelario/Victoria/Edited/TIFF/JPEG XL
/Volumes/JordanExternalDrive4	Edited	/Volumes/JordanExternalDrive4/Pictures/2023/2023-08-08 Marco Candelario/Victoria/Outfit 1/Edited
/Volumes/JordanExternalDrive4	TIFF	/Volumes/JordanExternalDrive4/Pictures/2023/2023-08-08 Marco Candelario/Victoria/Outfit 2/TIFF
/Volumes/JordanExternalDrive4	Cam_Evoto, TIFF	/Volumes/JordanExternalDrive4/Pictures/2023/2023-08-08 Marco Candelario/Victoria/Outfit 2/TIFF/Cam_Evoto
/Volumes/JordanExternalDrive4	Cam_Evoto, JPEG XL, TIFF	/Volumes/JordanExternalDrive4/Pictures/2023/2023-08-08 Marco Candelario/Victoria/Outfit 2/TIFF/Cam_Evoto/JPEG XL
/Volumes/JordanExternalDrive4	JPEG XL, TIFF	/Volumes/JordanExternalDrive4/Pictures/2023/2023-08-08 Marco Candelario/Victoria/Outfit 2/TIFF/JPEG XL
/Volumes/JordanExternalDrive4	Edited	/Volumes/JordanExternalDrive4/Pictures/2023/2023-08-08 Marco Candelario/Victoria/Outfit 3/Edited
/Volumes/JordanExternalDrive4	TIFF, Edited	/Volumes/JordanExternalDrive4/Pictures/2023/2023-08-08 Marco Candelario/Victoria/Outfit 3/Edited/TIFF
/Volumes/JordanExternalDrive4	JPEG XL, TIFF, Edited	/Volumes/JordanExternalDrive4/Pictures/2023/2023-08-08 Marco Candelario/Victoria/Outfit 3/Edited/TIFF/JPEG XL
/Volumes/JordanExternalDrive4	Edited	/Volumes/JordanExternalDrive4/Pictures/2023/2023-08-17 The CIty Magazine/Edited
/Volumes/JordanExternalDrive4	TIFF, Edited	/Volumes/JordanExternalDrive4/Pictures/2023/2023-08-17 The CIty Magazine/Edited/TIFF
/Volumes/JordanExternalDrive4	JPEG XL, TIFF, Edited	/Volumes/JordanExternalDrive4/Pictures/2023/2023-08-17 The CIty Magazine/Edited/TIFF/JPEG XL
/Volumes/JordanExternalDrive4	Edited	/Volumes/JordanExternalDrive4/Pictures/2023/2023-08-20 Chicago/Edited
/Volumes/JordanExternalDrive4	TIFF, Edited	/Volumes/JordanExternalDrive4/Pictures/2023/2023-08-20 Chicago/Edited/TIFF
/Volumes/JordanExternalDrive4	JPEG XL, TIFF, Edited	/Volumes/JordanExternalDrive4/Pictures/2023/2023-08-20 Chicago/Edited/TIFF/JPEG XL
/Volumes/JordanExternalDrive4	Edited	/Volumes/JordanExternalDrive4/Pictures/2023/2023-08-25 Chicago/Edited
/Volumes/JordanExternalDrive4	TIFF, Edited	/Volumes/JordanExternalDrive4/Pictures/2023/2023-08-25 Chicago/Edited/TIFF
/Volumes/JordanExternalDrive4	JPEG XL, TIFF, Edited	/Volumes/JordanExternalDrive4/Pictures/2023/2023-08-25 Chicago/Edited/TIFF/JPEG XL
/Volumes/JordanExternalDrive4	Edited	/Volumes/JordanExternalDrive4/Pictures/2023/2023-08-26 Cleavland/Edited
/Volumes/JordanExternalDrive4	TIFF, Edited	/Volumes/JordanExternalDrive4/Pictures/2023/2023-08-26 Cleavland/Edited/TIFF
/Volumes/JordanExternalDrive4	JPEG XL, TIFF, Edited	/Volumes/JordanExternalDrive4/Pictures/2023/2023-08-26 Cleavland/Edited/TIFF/JPEG XL
/Volumes/JordanExternalDrive4	TIFF	/Volumes/JordanExternalDrive4/Pictures/2023/2023-08-26 Cleavland/TIFF
/Volumes/JordanExternalDrive4	JPEG XL, TIFF	/Volumes/JordanExternalDrive4/Pictures/2023/2023-08-26 Cleavland/TIFF/JPEG XL
/Volumes/JordanExternalDrive4	Edited	/Volumes/JordanExternalDrive4/Pictures/2023/2023-08-30 6236 Franklin Hawk/Edited
/Volumes/JordanExternalDrive4	TIFF, Edited	/Volumes/JordanExternalDrive4/Pictures/2023/2023-08-30 6236 Franklin Hawk/Edited/TIFF
/Volumes/JordanExternalDrive4	JPEG XL, TIFF, Edited	/Volumes/JordanExternalDrive4/Pictures/2023/2023-08-30 6236 Franklin Hawk/Edited/TIFF/JPEG XL
/Volumes/JordanExternalDrive4	TIFF	/Volumes/JordanExternalDrive4/Pictures/2023/2023-08-30 6236 Franklin Hawk/TIFF
/Volumes/JordanExternalDrive4	JPEG XL, TIFF	/Volumes/JordanExternalDrive4/Pictures/2023/2023-08-30 6236 Franklin Hawk/TIFF/JPEG XL
/Volumes/JordanExternalDrive4	Edited	/Volumes/JordanExternalDrive4/Pictures/2023/2023-09-10 Cienna Fernandez/Edited
/Volumes/JordanExternalDrive4	TIFF, Edited	/Volumes/JordanExternalDrive4/Pictures/2023/2023-09-10 Cienna Fernandez/Edited/TIFF
/Volumes/JordanExternalDrive4	JPEG XL, TIFF, Edited	/Volumes/JordanExternalDrive4/Pictures/2023/2023-09-10 Cienna Fernandez/Edited/TIFF/JPEG XL
/Volumes/JordanExternalDrive4	TIFF	/Volumes/JordanExternalDrive4/Pictures/2023/2023-09-10 Cienna Fernandez/TIFF
/Volumes/JordanExternalDrive4	JPEG XL, TIFF	/Volumes/JordanExternalDrive4/Pictures/2023/2023-09-10 Cienna Fernandez/TIFF/JPEG XL
/Volumes/JordanExternalDrive4	Edited	/Volumes/JordanExternalDrive4/Pictures/2023/2023-09-16 Dr Burgos/Outfit 1/Edited
/Volumes/JordanExternalDrive4	TIFF, Edited	/Volumes/JordanExternalDrive4/Pictures/2023/2023-09-16 Dr Burgos/Outfit 1/Edited/TIFF
/Volumes/JordanExternalDrive4	JPEG XL, TIFF, Edited	/Volumes/JordanExternalDrive4/Pictures/2023/2023-09-16 Dr Burgos/Outfit 1/Edited/TIFF/JPEG XL
/Volumes/JordanExternalDrive4	Edited	/Volumes/JordanExternalDrive4/Pictures/2023/2023-09-16 Dr Burgos/Outfit 2/Edited
/Volumes/JordanExternalDrive4	TIFF, Edited	/Volumes/JordanExternalDrive4/Pictures/2023/2023-09-16 Dr Burgos/Outfit 2/Edited/TIFF
/Volumes/JordanExternalDrive4	JPEG XL, TIFF, Edited	/Volumes/JordanExternalDrive4/Pictures/2023/2023-09-16 Dr Burgos/Outfit 2/Edited/TIFF/JPEG XL
/Volumes/JordanExternalDrive4	Edited	/Volumes/JordanExternalDrive4/Pictures/2023/2023-09-16 Dr Burgos/Outfit 3/Edited
/Volumes/JordanExternalDrive4	TIFF, Edited	/Volumes/JordanExternalDrive4/Pictures/2023/2023-09-16 Dr Burgos/Outfit 3/Edited/TIFF
/Volumes/JordanExternalDrive4	JPEG XL, TIFF, Edited	/Volumes/JordanExternalDrive4/Pictures/2023/2023-09-16 Dr Burgos/Outfit 3/Edited/TIFF/JPEG XL
/Volumes/JordanExternalDrive4	Edited	/Volumes/JordanExternalDrive4/Pictures/2023/2023-09-16 Dr Burgos/Outfit 4/Edited
/Volumes/JordanExternalDrive4	TIFF, Edited	/Volumes/JordanExternalDrive4/Pictures/2023/2023-09-16 Dr Burgos/Outfit 4/Edited/TIFF
/Volumes/JordanExternalDrive4	JPEG XL, TIFF, Edited	/Volumes/JordanExternalDrive4/Pictures/2023/2023-09-16 Dr Burgos/Outfit 4/Edited/TIFF/JPEG XL
/Volumes/JordanExternalDrive4	Edited	/Volumes/JordanExternalDrive4/Pictures/2023/2023-09-25 Gia/Edited
/Volumes/JordanExternalDrive4	TIFF, Edited	/Volumes/JordanExternalDrive4/Pictures/2023/2023-09-25 Gia/Edited/TIFF
/Volumes/JordanExternalDrive4	TIFF, Edited	/Volumes/JordanExternalDrive4/Pictures/2023/2023-09-25 Gia/Edited/TIFF/TIFF
/Volumes/JordanExternalDrive4	JPEG XL, TIFF, Edited	/Volumes/JordanExternalDrive4/Pictures/2023/2023-09-25 Gia/Edited/TIFF/TIFF/JPEG XL
/Volumes/JordanExternalDrive4	Edited	/Volumes/JordanExternalDrive4/Pictures/2023/2023-09-25 The City Magazine Children/Edited
/Volumes/JordanExternalDrive4	TIFF, Edited	/Volumes/JordanExternalDrive4/Pictures/2023/2023-09-25 The City Magazine Children/Edited/TIFF
/Volumes/JordanExternalDrive4	JPEG XL, TIFF, Edited	/Volumes/JordanExternalDrive4/Pictures/2023/2023-09-25 The City Magazine Children/Edited/TIFF/JPEG XL
/Volumes/JordanExternalDrive4	Edited	/Volumes/JordanExternalDrive4/Pictures/2023/2023-09-30 Dr Burgos/Edited
/Volumes/JordanExternalDrive4	TIFF, Edited	/Volumes/JordanExternalDrive4/Pictures/2023/2023-09-30 Dr Burgos/Edited/TIFF
/Volumes/JordanExternalDrive4	JPEG XL, TIFF, Edited	/Volumes/JordanExternalDrive4/Pictures/2023/2023-09-30 Dr Burgos/Edited/TIFF/JPEG XL
/Volumes/JordanExternalDrive4	Edited	/Volumes/JordanExternalDrive4/Pictures/2023/2023-10-07/Edited
/Volumes/JordanExternalDrive4	TIFF, Edited	/Volumes/JordanExternalDrive4/Pictures/2023/2023-10-07/Edited/TIFF
/Volumes/JordanExternalDrive4	JPEG XL, TIFF, Edited	/Volumes/JordanExternalDrive4/Pictures/2023/2023-10-07/Edited/TIFF/JPEG XL
/Volumes/JordanExternalDrive4	TIFF	/Volumes/JordanExternalDrive4/Pictures/2023/2023-10-10 Katie, Nathan, and Paulina/Chen/Editef/TIFF
/Volumes/JordanExternalDrive4	JPEG XL, TIFF	/Volumes/JordanExternalDrive4/Pictures/2023/2023-10-10 Katie, Nathan, and Paulina/Chen/Editef/TIFF/JPEG XL
/Volumes/JordanExternalDrive4	TIFF	/Volumes/JordanExternalDrive4/Pictures/2023/2023-10-10 Katie, Nathan, and Paulina/Katie and Jordan/TIFF
/Volumes/JordanExternalDrive4	Cam_Evoto, TIFF	/Volumes/JordanExternalDrive4/Pictures/2023/2023-10-10 Katie, Nathan, and Paulina/Katie and Jordan/TIFF/Cam_Evoto
/Volumes/JordanExternalDrive4	Cam_Evoto, JPEG XL, TIFF	/Volumes/JordanExternalDrive4/Pictures/2023/2023-10-10 Katie, Nathan, and Paulina/Katie and Jordan/TIFF/Cam_Evoto/JPEG XL
/Volumes/JordanExternalDrive4	JPEG XL, TIFF	/Volumes/JordanExternalDrive4/Pictures/2023/2023-10-10 Katie, Nathan, and Paulina/Katie and Jordan/TIFF/JPEG XL
/Volumes/JordanExternalDrive4	TIFF	/Volumes/JordanExternalDrive4/Pictures/2023/2023-10-10 Katie, Nathan, and Paulina/Katie and Nathan/TIFF
/Volumes/JordanExternalDrive4	JPEG XL, TIFF	/Volumes/JordanExternalDrive4/Pictures/2023/2023-10-10 Katie, Nathan, and Paulina/Katie and Nathan/TIFF/JPEG XL
/Volumes/JordanExternalDrive4	Edited	/Volumes/JordanExternalDrive4/Pictures/2023/2023-10-10 Katie, Nathan, and Paulina/Katie/Outfit 1/Edited
/Volumes/JordanExternalDrive4	TIFF	/Volumes/JordanExternalDrive4/Pictures/2023/2023-10-10 Katie, Nathan, and Paulina/Katie/Outfit 1/TIFF
/Volumes/JordanExternalDrive4	JPEG XL, TIFF	/Volumes/JordanExternalDrive4/Pictures/2023/2023-10-10 Katie, Nathan, and Paulina/Katie/Outfit 1/TIFF/JPEG XL
/Volumes/JordanExternalDrive4	JPEG XL, TIFF	/Volumes/JordanExternalDrive4/Pictures/2023/2023-10-10 Katie, Nathan, and Paulina/Katie/Outfit 1/TIFF/Katie_Evoto/JPEG XL
/Volumes/JordanExternalDrive4	TIFF	/Volumes/JordanExternalDrive4/Pictures/2023/2023-10-10 Katie, Nathan, and Paulina/Katie/Outfit 2/TIFF
/Volumes/JordanExternalDrive4	TIFF, Edited	/Volumes/JordanExternalDrive4/Pictures/2023/2023-10-10 Katie, Nathan, and Paulina/Katie/Outfit 2/TIFF/Edited
/Volumes/JordanExternalDrive4	JPEG XL, TIFF, Edited	/Volumes/JordanExternalDrive4/Pictures/2023/2023-10-10 Katie, Nathan, and Paulina/Katie/Outfit 2/TIFF/Edited/JPEG XL
/Volumes/JordanExternalDrive4	JPEG XL, TIFF	/Volumes/JordanExternalDrive4/Pictures/2023/2023-10-10 Katie, Nathan, and Paulina/Katie/Outfit 2/TIFF/JPEG XL
/Volumes/JordanExternalDrive4	TIFF	/Volumes/JordanExternalDrive4/Pictures/2023/2023-10-10 Katie, Nathan, and Paulina/Katie/Outfit 3/TIFF
/Volumes/JordanExternalDrive4	Cam_Evoto, TIFF	/Volumes/JordanExternalDrive4/Pictures/2023/2023-10-10 Katie, Nathan, and Paulina/Katie/Outfit 3/TIFF/Cam_Evoto
/Volumes/JordanExternalDrive4	Cam_Evoto, JPEG XL, TIFF	/Volumes/JordanExternalDrive4/Pictures/2023/2023-10-10 Katie, Nathan, and Paulina/Katie/Outfit 3/TIFF/Cam_Evoto/JPEG XL
/Volumes/JordanExternalDrive4	JPEG XL, TIFF	/Volumes/JordanExternalDrive4/Pictures/2023/2023-10-10 Katie, Nathan, and Paulina/Katie/Outfit 3/TIFF/JPEG XL
/Volumes/JordanExternalDrive4	TIFF	/Volumes/JordanExternalDrive4/Pictures/2023/2023-10-10 Katie, Nathan, and Paulina/Katie/Outfit 4/TIFF
/Volumes/JordanExternalDrive4	JPEG XL, TIFF	/Volumes/JordanExternalDrive4/Pictures/2023/2023-10-10 Katie, Nathan, and Paulina/Katie/Outfit 4/TIFF/JPEG XL
/Volumes/JordanExternalDrive4	JPEG XL, TIFF	/Volumes/JordanExternalDrive4/Pictures/2023/2023-10-10 Katie, Nathan, and Paulina/Katie/Outfit 4/TIFF/Katie Blue sofa_Evoto/JPEG XL
/Volumes/JordanExternalDrive4	JPEG XL	/Volumes/JordanExternalDrive4/Pictures/2023/2023-10-10 Katie, Nathan, and Paulina/Katie/Outfit 5/JPEG XL
/Volumes/JordanExternalDrive4	TIFF	/Volumes/JordanExternalDrive4/Pictures/2023/2023-10-10 Katie, Nathan, and Paulina/Katie/Outfit 5/TIFF 2
/Volumes/JordanExternalDrive4	JPEG XL, TIFF	/Volumes/JordanExternalDrive4/Pictures/2023/2023-10-10 Katie, Nathan, and Paulina/Katie/Outfit 5/TIFF 2/JPEG XL
/Volumes/JordanExternalDrive4	JPEG XL, TIFF	/Volumes/JordanExternalDrive4/Pictures/2023/2023-10-10 Katie, Nathan, and Paulina/Katie/Outfit 5/TIFF 2/Katie_Evoto/JPEG XL
/Volumes/JordanExternalDrive4	Edited	/Volumes/JordanExternalDrive4/Pictures/2023/2023-10-10 Katie, Nathan, and Paulina/Nathan/Outfit 1/Edited
/Volumes/JordanExternalDrive4	TIFF, Edited	/Volumes/JordanExternalDrive4/Pictures/2023/2023-10-10 Katie, Nathan, and Paulina/Nathan/Outfit 1/Edited/TIFF
/Volumes/JordanExternalDrive4	JPEG XL, TIFF, Edited	/Volumes/JordanExternalDrive4/Pictures/2023/2023-10-10 Katie, Nathan, and Paulina/Nathan/Outfit 1/Edited/TIFF/JPEG XL
/Volumes/JordanExternalDrive4	Edited	/Volumes/JordanExternalDrive4/Pictures/2023/2023-10-10 Katie, Nathan, and Paulina/Nathan/Outfit 2/Edited
/Volumes/JordanExternalDrive4	TIFF, Edited	/Volumes/JordanExternalDrive4/Pictures/2023/2023-10-10 Katie, Nathan, and Paulina/Nathan/Outfit 2/Edited/TIFF
/Volumes/JordanExternalDrive4	JPEG XL, TIFF, Edited	/Volumes/JordanExternalDrive4/Pictures/2023/2023-10-10 Katie, Nathan, and Paulina/Nathan/Outfit 2/Edited/TIFF/JPEG XL
/Volumes/JordanExternalDrive4	TIFF	/Volumes/JordanExternalDrive4/Pictures/2023/2023-10-10 Katie, Nathan, and Paulina/Nathan/Outfit 3/TIFF
/Volumes/JordanExternalDrive4	JPEG XL, TIFF	/Volumes/JordanExternalDrive4/Pictures/2023/2023-10-10 Katie, Nathan, and Paulina/Nathan/Outfit 3/TIFF/JPEG XL
/Volumes/JordanExternalDrive4	TIFF	/Volumes/JordanExternalDrive4/Pictures/2023/2023-10-14 Andrea & Grayson/Jordan/1. Home/TIFF
/Volumes/JordanExternalDrive4	TIFF	/Volumes/JordanExternalDrive4/Pictures/2023/2023-10-14 Andrea & Grayson/Jordan/1. Home/TIFF 2
/Volumes/JordanExternalDrive4	JPEG XL, TIFF	/Volumes/JordanExternalDrive4/Pictures/2023/2023-10-14 Andrea & Grayson/Jordan/1. Home/TIFF/JPEG XL
/Volumes/JordanExternalDrive4	TIFF	/Volumes/JordanExternalDrive4/Pictures/2023/2023-10-14 Andrea & Grayson/Jordan/1. Home/TIFF/TIFF
/Volumes/JordanExternalDrive4	JPEG XL, TIFF	/Volumes/JordanExternalDrive4/Pictures/2023/2023-10-14 Andrea & Grayson/Jordan/1. Home/TIFF/TIFF/JPEG XL
/Volumes/JordanExternalDrive4	TIFF	/Volumes/JordanExternalDrive4/Pictures/2023/2023-10-14 Andrea & Grayson/Jordan/10. Last Dance/TIFF
/Volumes/JordanExternalDrive4	TIFF	/Volumes/JordanExternalDrive4/Pictures/2023/2023-10-14 Andrea & Grayson/Jordan/10. Last Dance/TIFF 2
/Volumes/JordanExternalDrive4	JPEG XL, TIFF	/Volumes/JordanExternalDrive4/Pictures/2023/2023-10-14 Andrea & Grayson/Jordan/10. Last Dance/TIFF/JPEG XL
/Volumes/JordanExternalDrive4	TIFF	/Volumes/JordanExternalDrive4/Pictures/2023/2023-10-14 Andrea & Grayson/Jordan/11. Walking Out/TIFF 2
/Volumes/JordanExternalDrive4	TIFF	/Volumes/JordanExternalDrive4/Pictures/2023/2023-10-14 Andrea & Grayson/Jordan/2. Grayson/TIFF 2
/Volumes/JordanExternalDrive4	TIFF	/Volumes/JordanExternalDrive4/Pictures/2023/2023-10-14 Andrea & Grayson/Jordan/3. First Look/TIFF
/Volumes/JordanExternalDrive4	TIFF	/Volumes/JordanExternalDrive4/Pictures/2023/2023-10-14 Andrea & Grayson/Jordan/3. First Look/TIFF 2
/Volumes/JordanExternalDrive4	JPEG XL, TIFF	/Volumes/JordanExternalDrive4/Pictures/2023/2023-10-14 Andrea & Grayson/Jordan/3. First Look/TIFF/JPEG XL
/Volumes/JordanExternalDrive4	TIFF	/Volumes/JordanExternalDrive4/Pictures/2023/2023-10-14 Andrea & Grayson/Jordan/3. First Look/TIFF/TIFF
/Volumes/JordanExternalDrive4	JPEG XL, TIFF	/Volumes/JordanExternalDrive4/Pictures/2023/2023-10-14 Andrea & Grayson/Jordan/3. First Look/TIFF/TIFF/JPEG XL
/Volumes/JordanExternalDrive4	TIFF	/Volumes/JordanExternalDrive4/Pictures/2023/2023-10-14 Andrea & Grayson/Jordan/4. Ceremony/TIFF 2
/Volumes/JordanExternalDrive4	TIFF	/Volumes/JordanExternalDrive4/Pictures/2023/2023-10-14 Andrea & Grayson/Jordan/5. Family & Friends Portraits/TIFF
/Volumes/JordanExternalDrive4	TIFF	/Volumes/JordanExternalDrive4/Pictures/2023/2023-10-14 Andrea & Grayson/Jordan/5. Family & Friends Portraits/TIFF 2
/Volumes/JordanExternalDrive4	JPEG XL, TIFF	/Volumes/JordanExternalDrive4/Pictures/2023/2023-10-14 Andrea & Grayson/Jordan/5. Family & Friends Portraits/TIFF/JPEG XL
/Volumes/JordanExternalDrive4	TIFF	/Volumes/JordanExternalDrive4/Pictures/2023/2023-10-14 Andrea & Grayson/Jordan/6. Andrea & Grayson/TIFF
/Volumes/JordanExternalDrive4	TIFF	/Volumes/JordanExternalDrive4/Pictures/2023/2023-10-14 Andrea & Grayson/Jordan/6. Andrea & Grayson/TIFF 2
/Volumes/JordanExternalDrive4	JPEG XL, TIFF	/Volumes/JordanExternalDrive4/Pictures/2023/2023-10-14 Andrea & Grayson/Jordan/6. Andrea & Grayson/TIFF/JPEG XL
/Volumes/JordanExternalDrive4	TIFF	/Volumes/JordanExternalDrive4/Pictures/2023/2023-10-14 Andrea & Grayson/Jordan/7. Dance/TIFF 2
/Volumes/JordanExternalDrive4	TIFF	/Volumes/JordanExternalDrive4/Pictures/2023/2023-10-14 Andrea & Grayson/Jordan/8. Reception/TIFF
/Volumes/JordanExternalDrive4	TIFF	/Volumes/JordanExternalDrive4/Pictures/2023/2023-10-14 Andrea & Grayson/Jordan/8. Reception/TIFF 2
/Volumes/JordanExternalDrive4	JPEG XL, TIFF	/Volumes/JordanExternalDrive4/Pictures/2023/2023-10-14 Andrea & Grayson/Jordan/8. Reception/TIFF/JPEG XL
/Volumes/JordanExternalDrive4	TIFF	/Volumes/JordanExternalDrive4/Pictures/2023/2023-10-14 Andrea & Grayson/Jordan/9. Cake/TIFF 2
/Volumes/JordanExternalDrive4	JPEG XL	/Volumes/JordanExternalDrive4/Pictures/2023/2023-10-14 Andrea & Grayson/Jordan/Completed/JPEG XL
/Volumes/JordanExternalDrive4	TIFF	/Volumes/JordanExternalDrive4/Pictures/2023/2023-10-14 Andrea & Grayson/Jordan/TIFF 2
/Volumes/JordanExternalDrive4	TIFF	/Volumes/JordanExternalDrive4/Pictures/2023/2023-10-14 Andrea & Grayson/Katherine/1. Home/TIFF
/Volumes/JordanExternalDrive4	TIFF	/Volumes/JordanExternalDrive4/Pictures/2023/2023-10-14 Andrea & Grayson/Katherine/1. Home/TIFF 2
/Volumes/JordanExternalDrive4	JPEG XL, TIFF	/Volumes/JordanExternalDrive4/Pictures/2023/2023-10-14 Andrea & Grayson/Katherine/1. Home/TIFF/JPEG XL
/Volumes/JordanExternalDrive4	TIFF	/Volumes/JordanExternalDrive4/Pictures/2023/2023-10-14 Andrea & Grayson/Katherine/1. Home/TIFF/TIFF 2
/Volumes/JordanExternalDrive4	JPEG XL, TIFF	/Volumes/JordanExternalDrive4/Pictures/2023/2023-10-14 Andrea & Grayson/Katherine/1. Home/TIFF/TIFF 2/JPEG XL
/Volumes/JordanExternalDrive4	TIFF	/Volumes/JordanExternalDrive4/Pictures/2023/2023-10-14 Andrea & Grayson/Katherine/2. The Club/TIFF 2
/Volumes/JordanExternalDrive4	TIFF	/Volumes/JordanExternalDrive4/Pictures/2023/2023-10-14 Andrea & Grayson/Katherine/3. Grayson/TIFF 2
/Volumes/JordanExternalDrive4	TIFF	/Volumes/JordanExternalDrive4/Pictures/2023/2023-10-14 Andrea & Grayson/Katherine/4. The Ceremony/TIFF 2
/Volumes/JordanExternalDrive4	TIFF	/Volumes/JordanExternalDrive4/Pictures/2023/2023-10-14 Andrea & Grayson/Katherine/5. Family & Friends Portraits/TIFF 2
/Volumes/JordanExternalDrive4	TIFF	/Volumes/JordanExternalDrive4/Pictures/2023/2023-10-14 Andrea & Grayson/Katherine/6. Reception/TIFF 2
/Volumes/JordanExternalDrive4	TIFF	/Volumes/JordanExternalDrive4/Pictures/2023/2023-10-14 Andrea & Grayson/Katherine/7. Cake/TIFF 2
/Volumes/JordanExternalDrive4	TIFF	/Volumes/JordanExternalDrive4/Pictures/2023/2023-10-14 Andrea & Grayson/Katherine/8. Last Dance/TIFF 2
/Volumes/JordanExternalDrive4	TIFF	/Volumes/JordanExternalDrive4/Pictures/2023/2023-10-14 Andrea & Grayson/Katherine/9. Walking Out/TIFF 2
/Volumes/JordanExternalDrive4	JPEG XL	/Volumes/JordanExternalDrive4/Pictures/2023/2023-10-14 Andrea & Grayson/Katherine/Completed/JPEG XL
/Volumes/JordanExternalDrive4	TIFF	/Volumes/JordanExternalDrive4/Pictures/2023/2023-10-14 Andrea & Grayson/Katherine/TIFF 2
/Volumes/JordanExternalDrive4	JPEG XL, TIFF	/Volumes/JordanExternalDrive4/Pictures/2023/2023-10-14 Andrea & Grayson/Katherine/TIFF 2/JPEG XL
/Volumes/JordanExternalDrive4	TIFF	/Volumes/JordanExternalDrive4/Pictures/2023/2023-10-14 Andrea & Grayson/Katherine/TIFF 2/TIFF
/Volumes/JordanExternalDrive4	JPEG XL, TIFF	/Volumes/JordanExternalDrive4/Pictures/2023/2023-10-14 Andrea & Grayson/Katherine/TIFF 2/TIFF/JPEG XL
/Volumes/JordanExternalDrive4	JPEG XL	/Volumes/JordanExternalDrive4/Pictures/2023/2023-10-17 Marissa Nichole/Concept 1/JPEG XL
/Volumes/JordanExternalDrive4	Edited	/Volumes/JordanExternalDrive4/Pictures/2023/2023-10-17 Marissa Nichole/Edited
/Volumes/JordanExternalDrive4	TIFF, Edited	/Volumes/JordanExternalDrive4/Pictures/2023/2023-10-17 Marissa Nichole/Edited/TIFF
/Volumes/JordanExternalDrive4	Edited	/Volumes/JordanExternalDrive4/Pictures/2023/2023-10-18 Model Photographer/Alexa Georgina/Enhanced/Edited
/Volumes/JordanExternalDrive4	TIFF, Edited	/Volumes/JordanExternalDrive4/Pictures/2023/2023-10-18 Model Photographer/Alexa Georgina/Enhanced/Edited/TIFF
/Volumes/JordanExternalDrive4	Edited	/Volumes/JordanExternalDrive4/Pictures/2023/2023-10-18 Model Photographer/Rebekah Jimenez/Edited
/Volumes/JordanExternalDrive4	TIFF, Edited	/Volumes/JordanExternalDrive4/Pictures/2023/2023-10-18 Model Photographer/Rebekah Jimenez/Edited/TIFF
/Volumes/JordanExternalDrive4	TIFF	/Volumes/JordanExternalDrive4/Pictures/2023/2023-10-25 The City Magazine - Teresita Corral/TIFF
/Volumes/JordanExternalDrive4	Cam_Evoto, TIFF	/Volumes/JordanExternalDrive4/Pictures/2023/2023-10-25 The City Magazine - Teresita Corral/TIFF/Cam_Evoto
/Volumes/JordanExternalDrive4	Edited	/Volumes/JordanExternalDrive4/Pictures/2023/2023-11-02 The City Magazine Group Shots/Edited
/Volumes/JordanExternalDrive4	TIFF, Edited	/Volumes/JordanExternalDrive4/Pictures/2023/2023-11-02 The City Magazine Group Shots/Edited/TIFF
/Volumes/JordanExternalDrive4	JPEG XL, TIFF, Edited	/Volumes/JordanExternalDrive4/Pictures/2023/2023-11-02 The City Magazine Group Shots/Edited/TIFF/JPEG XL
/Volumes/JordanExternalDrive4	TIFF, Edited	/Volumes/JordanExternalDrive4/Pictures/2023/2023-11-02 The City Magazine Group Shots/Edited/Vertical/TIFF
/Volumes/JordanExternalDrive4	JPEG XL, TIFF, Edited	/Volumes/JordanExternalDrive4/Pictures/2023/2023-11-02 The City Magazine Group Shots/Edited/Vertical/TIFF/JPEG XL
/Volumes/JordanExternalDrive4	TIFF	/Volumes/JordanExternalDrive4/Pictures/2023/2023-11-02 The City Magazine Group Shots/TIFF
/Volumes/JordanExternalDrive4	JPEG XL, TIFF	/Volumes/JordanExternalDrive4/Pictures/2023/2023-11-02 The City Magazine Group Shots/TIFF/JPEG XL
/Volumes/JordanExternalDrive4	Edited	/Volumes/JordanExternalDrive4/Pictures/2023/2023-11-06 El Paso Chamber/Edited
/Volumes/JordanExternalDrive4	TIFF, Edited	/Volumes/JordanExternalDrive4/Pictures/2023/2023-11-06 El Paso Chamber/Edited/TIFF
/Volumes/JordanExternalDrive4	JPEG XL, TIFF, Edited	/Volumes/JordanExternalDrive4/Pictures/2023/2023-11-06 El Paso Chamber/Edited/TIFF/JPEG XL
/Volumes/JordanExternalDrive4	TIFF	/Volumes/JordanExternalDrive4/Pictures/2023/2023-11-06 El Paso Chamber/Retouched Ready/TIFF
/Volumes/JordanExternalDrive4	TIFF	/Volumes/JordanExternalDrive4/Pictures/2023/2023-11-06 El Paso Chamber/Retouched Ready/TIFF/Centered/TIFF
/Volumes/JordanExternalDrive4	JPEG XL, TIFF	/Volumes/JordanExternalDrive4/Pictures/2023/2023-11-06 El Paso Chamber/Retouched Ready/TIFF/Centered/TIFF/JPEG XL
/Volumes/JordanExternalDrive4	JPEG XL, TIFF	/Volumes/JordanExternalDrive4/Pictures/2023/2023-11-06 El Paso Chamber/Retouched Ready/TIFF/JPEG XL
/Volumes/JordanExternalDrive4	TIFF	/Volumes/JordanExternalDrive4/Pictures/2023/2023-11-06 El Paso Chamber/Retouched Ready/TIFF/TIFF
/Volumes/JordanExternalDrive4	JPEG XL, TIFF	/Volumes/JordanExternalDrive4/Pictures/2023/2023-11-06 El Paso Chamber/Retouched Ready/TIFF/TIFF/JPEG XL
/Volumes/JordanExternalDrive4	TIFF	/Volumes/JordanExternalDrive4/Pictures/2023/2023-11-06 El Paso Chamber/TIFF
/Volumes/JordanExternalDrive4	JPEG XL, TIFF	/Volumes/JordanExternalDrive4/Pictures/2023/2023-11-06 El Paso Chamber/TIFF/Gladys_Evoto/JPEG XL
/Volumes/JordanExternalDrive4	JPEG XL, TIFF	/Volumes/JordanExternalDrive4/Pictures/2023/2023-11-06 El Paso Chamber/TIFF/JPEG XL
/Volumes/JordanExternalDrive4	JPEG XL, TIFF	/Volumes/JordanExternalDrive4/Pictures/2023/2023-11-06 El Paso Chamber/TIFF/Lupe_Evoto/JPEG XL
/Volumes/JordanExternalDrive4	TIFF	/Volumes/JordanExternalDrive4/Pictures/2023/2023-11-16 Ana & Camila/Camilia Vazquez/Pre Edit/TIFF
/Volumes/JordanExternalDrive4	JPEG XL, TIFF	/Volumes/JordanExternalDrive4/Pictures/2023/2023-11-16 Ana & Camila/Camilia Vazquez/Pre Edit/TIFF/JPEG XL
/Volumes/JordanExternalDrive4	Edited	/Volumes/JordanExternalDrive4/Pictures/2023/2023-12-02 Ale and Brisa Grad/Ale/Edited
/Volumes/JordanExternalDrive4	JPEG XL, Edited	/Volumes/JordanExternalDrive4/Pictures/2023/2023-12-02 Ale and Brisa Grad/Ale/Edited/JPEG XL
/Volumes/JordanExternalDrive4	TIFF, Edited	/Volumes/JordanExternalDrive4/Pictures/2023/2023-12-02 Ale and Brisa Grad/Ale/Edited/TIFF
/Volumes/JordanExternalDrive4	JPEG XL, TIFF, Edited	/Volumes/JordanExternalDrive4/Pictures/2023/2023-12-02 Ale and Brisa Grad/Ale/Edited/TIFF/JPEG XL
/Volumes/JordanExternalDrive4	JPEG XL	/Volumes/JordanExternalDrive4/Pictures/2023/2023-12-02 Ale and Brisa Grad/Ale/JPEG XL
/Volumes/JordanExternalDrive4	TIFF	/Volumes/JordanExternalDrive4/Pictures/2023/2023-12-02 Ale and Brisa Grad/Ale/TIFF
/Volumes/JordanExternalDrive4	JPEG XL, TIFF	/Volumes/JordanExternalDrive4/Pictures/2023/2023-12-02 Ale and Brisa Grad/Ale/TIFF/Ale Grad_Evoto/JPEG XL
/Volumes/JordanExternalDrive4	Edited	/Volumes/JordanExternalDrive4/Pictures/2023/2023-12-02 Ale and Brisa Grad/Brisa/Edited
/Volumes/JordanExternalDrive4	JPEG XL, Edited	/Volumes/JordanExternalDrive4/Pictures/2023/2023-12-02 Ale and Brisa Grad/Brisa/Edited/JPEG XL
/Volumes/JordanExternalDrive4	TIFF, Edited	/Volumes/JordanExternalDrive4/Pictures/2023/2023-12-02 Ale and Brisa Grad/Brisa/Edited/TIFF
/Volumes/JordanExternalDrive4	JPEG XL, TIFF, Edited	/Volumes/JordanExternalDrive4/Pictures/2023/2023-12-02 Ale and Brisa Grad/Brisa/Edited/TIFF/JPEG XL
/Volumes/JordanExternalDrive4	JPEG XL	/Volumes/JordanExternalDrive4/Pictures/2023/2023-12-02 Ale and Brisa Grad/Brisa/JPEG XL
/Volumes/JordanExternalDrive4	Edited	/Volumes/JordanExternalDrive4/Pictures/2023/2023-12-05 Xochitl/Edited
/Volumes/JordanExternalDrive4	JPEG XL, Edited	/Volumes/JordanExternalDrive4/Pictures/2023/2023-12-05 Xochitl/Edited/Final/JPEG XL
/Volumes/JordanExternalDrive4	JPEG XL, Edited	/Volumes/JordanExternalDrive4/Pictures/2023/2023-12-05 Xochitl/Edited/JPEG XL
/Volumes/JordanExternalDrive4	JPEG XL	/Volumes/JordanExternalDrive4/Pictures/2023/2023-12-05 Xochitl/JPEG XL
/Volumes/JordanExternalDrive4	Edited	/Volumes/JordanExternalDrive4/Pictures/2023/2023-12-11/Edited
/Volumes/JordanExternalDrive4	JPEG XL, Edited	/Volumes/JordanExternalDrive4/Pictures/2023/2023-12-11/Edited/JPEG XL
/Volumes/JordanExternalDrive4	Edited	/Volumes/JordanExternalDrive4/Pictures/2023/2023-12-13 Alyssa Ruiz/Alyssa R/Concept 2/Edited
/Volumes/JordanExternalDrive4	JPEG XL, Edited	/Volumes/JordanExternalDrive4/Pictures/2023/2023-12-13 Alyssa Ruiz/Alyssa R/Concept 2/Edited/JPEG XL
/Volumes/JordanExternalDrive4	TIFF, Edited	/Volumes/JordanExternalDrive4/Pictures/2023/2023-12-13 Alyssa Ruiz/Alyssa R/Concept 2/Edited/TIFF
/Volumes/JordanExternalDrive4	JPEG XL, TIFF, Edited	/Volumes/JordanExternalDrive4/Pictures/2023/2023-12-13 Alyssa Ruiz/Alyssa R/Concept 2/Edited/TIFF/JPEG XL
/Volumes/JordanExternalDrive4	TIFF	/Volumes/JordanExternalDrive4/Pictures/2023/2023-12-13 Alyssa Ruiz/Alyssa R/Concept 3/TIFF
/Volumes/JordanExternalDrive4	JPEG XL, TIFF	/Volumes/JordanExternalDrive4/Pictures/2023/2023-12-13 Alyssa Ruiz/Alyssa R/Concept 3/TIFF/JPEG XL
/Volumes/JordanExternalDrive4	TIFF	/Volumes/JordanExternalDrive4/Pictures/2023/2023-12-13 Alyssa Ruiz/Alyssa R/Concept 3/TIFF/TIFF Completed
/Volumes/JordanExternalDrive4	JPEG XL, TIFF	/Volumes/JordanExternalDrive4/Pictures/2023/2023-12-13 Alyssa Ruiz/Alyssa R/Concept 3/TIFF/TIFF Completed/JPEG XL
/Volumes/JordanExternalDrive4	Edited	/Volumes/JordanExternalDrive4/Pictures/2023/2023-12-13 Alyssa Ruiz/Alyssa R/Concept 5/Edited
/Volumes/JordanExternalDrive4	JPEG XL, Edited	/Volumes/JordanExternalDrive4/Pictures/2023/2023-12-13 Alyssa Ruiz/Alyssa R/Concept 5/Edited/JPEG XL
/Volumes/JordanExternalDrive4	JPEG XL	/Volumes/JordanExternalDrive4/Pictures/2023/2023-12-13 Alyssa Ruiz/Alyssa R/Concept 5/JPEG XL
/Volumes/JordanExternalDrive4	JPEG XL	/Volumes/JordanExternalDrive4/Pictures/2023/2023-12-13 Alyssa Ruiz/Elizabeth/JPEG XL
/Volumes/JordanExternalDrive4	JPEG XL	/Volumes/JordanExternalDrive4/Pictures/2023/2023-12-20 Camryn Heon/Concept 1/Edit/JPEG XL
/Volumes/JordanExternalDrive4	TIFF	/Volumes/JordanExternalDrive4/Pictures/2023/2023-12-20 Camryn Heon/Concept 1/TIFF
/Volumes/JordanExternalDrive4	Cam_Evoto, TIFF	/Volumes/JordanExternalDrive4/Pictures/2023/2023-12-20 Camryn Heon/Concept 1/TIFF/CAM_Evoto
/Volumes/JordanExternalDrive4	Cam_Evoto, JPEG XL, TIFF	/Volumes/JordanExternalDrive4/Pictures/2023/2023-12-20 Camryn Heon/Concept 1/TIFF/CAM_Evoto/JPEG XL
/Volumes/JordanExternalDrive4	JPEG XL, TIFF	/Volumes/JordanExternalDrive4/Pictures/2023/2023-12-20 Camryn Heon/Concept 1/TIFF/JPEG XL
/Volumes/JordanExternalDrive4	JPEG XL	/Volumes/JordanExternalDrive4/Pictures/2023/2023-12-20 Camryn Heon/Concept 2/Edit/JPEG XL
/Volumes/JordanExternalDrive4	TIFF	/Volumes/JordanExternalDrive4/Pictures/2023/2023-12-20 Camryn Heon/Concept 2/TIFF
/Volumes/JordanExternalDrive4	JPEG XL, TIFF	/Volumes/JordanExternalDrive4/Pictures/2023/2023-12-20 Camryn Heon/Concept 2/TIFF/JPEG XL
/Volumes/JordanExternalDrive4	TIFF	/Volumes/JordanExternalDrive4/Pictures/2023/2023-12-20 Camryn Heon/Concept 2/TIFF/TIFF
/Volumes/JordanExternalDrive4	JPEG XL, TIFF	/Volumes/JordanExternalDrive4/Pictures/2023/2023-12-20 Camryn Heon/Concept 2/TIFF/TIFF/JPEG XL
/Volumes/JordanExternalDrive4	JPEG XL	/Volumes/JordanExternalDrive4/Pictures/2023/2023-12-20 Camryn Heon/Concept 4/Completed/JPEG XL
/Volumes/JordanExternalDrive4	TIFF	/Volumes/JordanExternalDrive4/Pictures/2023/2023-12-20 Camryn Heon/Concept 4/TIFF
/Volumes/JordanExternalDrive4	JPEG XL, TIFF	/Volumes/JordanExternalDrive4/Pictures/2023/2023-12-20 Camryn Heon/Concept 4/TIFF/JPEG XL
/Volumes/JordanExternalDrive4	TIFF	/Volumes/JordanExternalDrive4/Pictures/2023/2023-12-20 Camryn Heon/Concept 4/TIFF/TIFF
/Volumes/JordanExternalDrive4	JPEG XL	/Volumes/JordanExternalDrive4/Pictures/2023/2023-12-20 Camryn Heon/Concept 5/Edit/JPEG XL
/Volumes/JordanExternalDrive4	TIFF	/Volumes/JordanExternalDrive4/Pictures/2023/2023-12-20 Camryn Heon/Concept 6/Tiff
/Volumes/JordanExternalDrive4	JPEG XL, TIFF	/Volumes/JordanExternalDrive4/Pictures/2023/2023-12-20 Camryn Heon/Concept 6/Tiff/JPEG XL
/Volumes/JordanExternalDrive4	TIFF	/Volumes/JordanExternalDrive4/Pictures/2023/2023-12-20 Camryn Heon/Concept 6/Tiff/TIFF
/Volumes/JordanExternalDrive4	JPEG XL, TIFF	/Volumes/JordanExternalDrive4/Pictures/2023/2023-12-20 Camryn Heon/Concept 6/Tiff/TIFF/JPEG XL
/Volumes/JordanExternalDrive4	JPEG XL	/Volumes/JordanExternalDrive4/Pictures/2023/2023-12-20 Camryn Heon/Concept 7/JPEG XL
/Volumes/JordanExternalDrive4	TIFF	/Volumes/JordanExternalDrive4/Pictures/2023/2023-12-20 Camryn Heon/Concept 7/TIFF
/Volumes/JordanExternalDrive4	JPEG XL, TIFF	/Volumes/JordanExternalDrive4/Pictures/2023/2023-12-20 Camryn Heon/Concept 7/TIFF/JPEG XL
/Volumes/JordanExternalDrive4	TIFF	/Volumes/JordanExternalDrive4/Pictures/2023/2023-12-20 Camryn Heon/Concept 7/TIFF/TIFF
/Volumes/JordanExternalDrive4	JPEG XL, TIFF	/Volumes/JordanExternalDrive4/Pictures/2023/2023-12-20 Camryn Heon/Concept 7/TIFF/TIFF/JPEG XL
/Volumes/JordanExternalDrive4	TIFF	/Volumes/JordanExternalDrive4/Pictures/2023/2023-12-22 Luisana Rivas/TIFF
/Volumes/JordanExternalDrive4	JPEG XL, TIFF	/Volumes/JordanExternalDrive4/Pictures/2023/2023-12-22 Luisana Rivas/TIFF/JPEG XL
/Volumes/JordanExternalDrive4	TIFF	/Volumes/JordanExternalDrive4/Pictures/2023/2023-12-22 Luisana Rivas/TIFF/TIFF
/Volumes/JordanExternalDrive4	JPEG XL, TIFF	/Volumes/JordanExternalDrive4/Pictures/2023/2023-12-22 Luisana Rivas/TIFF/TIFF/JPEG XL
/Volumes/JordanExternalDrive4	JPEG XL	/Volumes/JordanExternalDrive4/Pictures/2023/2023-12-27 JaySee/JPEG XL
/Volumes/JordanExternalDrive4	TIFF	/Volumes/JordanExternalDrive4/Pictures/2023/2023-12-27 JaySee/TIFF
/Volumes/JordanExternalDrive4	JPEG XL, TIFF	/Volumes/JordanExternalDrive4/Pictures/2023/2023-12-27 JaySee/TIFF/JPEG XL
/Volumes/JordanExternalDrive4	TIFF	/Volumes/JordanExternalDrive4/Pictures/2023/2023-12-27 JaySee/TIFF/TIFF
/Volumes/JordanExternalDrive4	JPEG XL, TIFF	/Volumes/JordanExternalDrive4/Pictures/2023/2023-12-27 JaySee/TIFF/TIFF/JPEG XL
/Volumes/JordanExternalDrive4	TIFF	/Volumes/JordanExternalDrive4/Pictures/2023/2023-12-27 JaySee/TIFF/TIFF/TIFF
/Volumes/JordanExternalDrive4	Cam_Evoto	/Volumes/JordanExternalDrive4/Pictures/2023/2023-12-31 Bianca W/Concept 1/Cam_Evoto
/Volumes/JordanExternalDrive4	Cam_Evoto, JPEG XL	/Volumes/JordanExternalDrive4/Pictures/2023/2023-12-31 Bianca W/Concept 1/Cam_Evoto/JPEG XL
/Volumes/JordanExternalDrive4	JPEG XL	/Volumes/JordanExternalDrive4/Pictures/2023/2023-12-31 Bianca W/Concept 1/Completed/JPEG XL
/Volumes/JordanExternalDrive4	JPEG XL	/Volumes/JordanExternalDrive4/Pictures/2023/2023-12-31 Bianca W/Concept 2/Completed/JPEG XL
/Volumes/JordanExternalDrive4	JPEG XL	/Volumes/JordanExternalDrive4/Pictures/2023/2023-12-31 Bianca W/Concept 3/Completed/Bianca_Evoto/JPEG XL
/Volumes/JordanExternalDrive4	JPEG XL	/Volumes/JordanExternalDrive4/Pictures/2023/2023-12-31 Bianca W/Concept 3/Completed/JPEG XL
/Volumes/JordanExternalDrive4	TIFF	/Volumes/JordanExternalDrive4/Pictures/2024/2024-01-08 Valentina C/Concept 1/TIFF
/Volumes/JordanExternalDrive4	JPEG XL, TIFF	/Volumes/JordanExternalDrive4/Pictures/2024/2024-01-08 Valentina C/Concept 1/TIFF/JPEG XL
/Volumes/JordanExternalDrive4	JPEG XL, TIFF	/Volumes/JordanExternalDrive4/Pictures/2024/2024-01-08 Valentina C/Concept 1/TIFF/Valentina_Evoto/JPEG XL
/Volumes/JordanExternalDrive4	JPEG XL	/Volumes/JordanExternalDrive4/Pictures/2024/2024-01-08 Valentina C/Concept 2/JPEG XL
/Volumes/JordanExternalDrive4	TIFF	/Volumes/JordanExternalDrive4/Pictures/2024/2024-01-08 Valentina C/Concept 2/TIFF
/Volumes/JordanExternalDrive4	JPEG XL, TIFF	/Volumes/JordanExternalDrive4/Pictures/2024/2024-01-08 Valentina C/Concept 2/TIFF/JPEG XL
/Volumes/JordanExternalDrive4	JPEG XL, TIFF	/Volumes/JordanExternalDrive4/Pictures/2024/2024-01-08 Valentina C/Concept 2/TIFF/Valentina Old H_Evoto/JPEG XL
/Volumes/JordanExternalDrive4	TIFF	/Volumes/JordanExternalDrive4/Pictures/2024/2024-01-08 Valentina C/Concept 3/TIFF
/Volumes/JordanExternalDrive4	TIFF	/Volumes/JordanExternalDrive4/Pictures/2024/2024-01-08 Valentina C/Concept 4/TIFF
/Volumes/JordanExternalDrive4	JPEG XL, TIFF	/Volumes/JordanExternalDrive4/Pictures/2024/2024-01-08 Valentina C/Concept 4/TIFF/JPEG XL
/Volumes/JordanExternalDrive4	JPEG XL, TIFF	/Volumes/JordanExternalDrive4/Pictures/2024/2024-01-08 Valentina C/Concept 4/TIFF/Vale_Evoto/JPEG XL
/Volumes/JordanExternalDrive4	JPEG XL, TIFF	/Volumes/JordanExternalDrive4/Pictures/2024/2024-01-08 Valentina C/Concept 4/TIFF/Valentina_Evoto/JPEG XL
/Volumes/JordanExternalDrive4	TIFF	/Volumes/JordanExternalDrive4/Pictures/2024/2024-01-08 Valentina C/Concept 5/TIFF
/Volumes/JordanExternalDrive4	JPEG XL, TIFF	/Volumes/JordanExternalDrive4/Pictures/2024/2024-01-08 Valentina C/Concept 5/TIFF/JPEG XL
/Volumes/JordanExternalDrive4	TIFF	/Volumes/JordanExternalDrive4/Pictures/2024/2024-01-11 Tania/TIFF
/Volumes/JordanExternalDrive4	TIFF	/Volumes/JordanExternalDrive4/Pictures/2024/2024-01-11 Tania/TIFF 2
/Volumes/JordanExternalDrive4	JPEG XL, TIFF	/Volumes/JordanExternalDrive4/Pictures/2024/2024-01-11 Tania/TIFF 2/JPEG XL
/Volumes/JordanExternalDrive4	JPEG XL, TIFF	/Volumes/JordanExternalDrive4/Pictures/2024/2024-01-11 Tania/TIFF 2/Thalia_Evoto/JPEG XL
/Volumes/JordanExternalDrive4	JPEG XL, TIFF	/Volumes/JordanExternalDrive4/Pictures/2024/2024-01-11 Tania/TIFF/JPEG XL
/Volumes/JordanExternalDrive4	JPEG XL, TIFF	/Volumes/JordanExternalDrive4/Pictures/2024/2024-01-11 Tania/TIFF/Talia_Evoto/JPEG XL
/Volumes/JordanExternalDrive4	TIFF	/Volumes/JordanExternalDrive4/Pictures/2024/2024-01-12 Enova Med/TIFF
/Volumes/JordanExternalDrive4	JPEG XL, TIFF	/Volumes/JordanExternalDrive4/Pictures/2024/2024-01-12 Enova Med/TIFF/JPEG XL
/Volumes/JordanExternalDrive4	JPEG XL	/Volumes/JordanExternalDrive4/Pictures/2024/2024-01-16 Nicole/Concept 4/JPEG XL
/Volumes/JordanExternalDrive4	JPEG XL	/Volumes/JordanExternalDrive4/Pictures/2024/2024-01-16 Nicole/Concept 5/JPEG XL
/Volumes/JordanExternalDrive4	TIFF	/Volumes/JordanExternalDrive4/Pictures/2024/2024-01-16 Nicole/Concept 5/TIFF
/Volumes/JordanExternalDrive4	JPEG XL, TIFF	/Volumes/JordanExternalDrive4/Pictures/2024/2024-01-16 Nicole/Concept 5/TIFF/JPEG XL
/Volumes/JordanExternalDrive4	JPEG XL, TIFF	/Volumes/JordanExternalDrive4/Pictures/2024/2024-01-16 Nicole/Concept 5/TIFF/Nicole_Evoto/JPEG XL
/Volumes/JordanExternalDrive4	TIFF	/Volumes/JordanExternalDrive4/Pictures/2024/2024-01-16 Nicole/Concept 6/TIFF
/Volumes/JordanExternalDrive4	JPEG XL, TIFF	/Volumes/JordanExternalDrive4/Pictures/2024/2024-01-16 Nicole/Concept 6/TIFF/JPEG XL
/Volumes/JordanExternalDrive4	JPEG XL, TIFF	/Volumes/JordanExternalDrive4/Pictures/2024/2024-01-16 Nicole/Concept 6/TIFF/NICOLE_Evoto/JPEG XL
/Volumes/JordanExternalDrive4	JPEG XL	/Volumes/JordanExternalDrive4/Pictures/2024/2024-01-27 Dee and Shadha/Dee/Concept 1/Completed/JPEG XL
/Volumes/JordanExternalDrive4	TIFF	/Volumes/JordanExternalDrive4/Pictures/2024/2024-01-27 Dee and Shadha/Dee/Concept 1/TIFF Basic
/Volumes/JordanExternalDrive4	JPEG XL, TIFF	/Volumes/JordanExternalDrive4/Pictures/2024/2024-01-27 Dee and Shadha/Dee/Concept 1/TIFF Basic/JPEG XL
/Volumes/JordanExternalDrive4	TIFF	/Volumes/JordanExternalDrive4/Pictures/2024/2024-01-27 Dee and Shadha/Dee/Concept 1/TIFF Basic/TIFF
/Volumes/JordanExternalDrive4	JPEG XL, TIFF	/Volumes/JordanExternalDrive4/Pictures/2024/2024-01-27 Dee and Shadha/Dee/Concept 1/TIFF Basic/TIFF/JPEG XL
/Volumes/JordanExternalDrive4	TIFF	/Volumes/JordanExternalDrive4/Pictures/2024/2024-01-27 Dee and Shadha/Dee/Concept 2/TIFF Basic
/Volumes/JordanExternalDrive4	JPEG XL, TIFF	/Volumes/JordanExternalDrive4/Pictures/2024/2024-01-27 Dee and Shadha/Dee/Concept 2/TIFF Basic/JPEG XL
/Volumes/JordanExternalDrive4	TIFF	/Volumes/JordanExternalDrive4/Pictures/2024/2024-01-27 Dee and Shadha/Dee/Concept 2/TIFF Basic/TIFF
/Volumes/JordanExternalDrive4	TIFF	/Volumes/JordanExternalDrive4/Pictures/2024/2024-01-27 Dee and Shadha/Dee/Concept 3/TIFF Full
/Volumes/JordanExternalDrive4	JPEG XL, TIFF	/Volumes/JordanExternalDrive4/Pictures/2024/2024-01-27 Dee and Shadha/Dee/Concept 3/TIFF Full/JPEG XL
/Volumes/JordanExternalDrive4	TIFF	/Volumes/JordanExternalDrive4/Pictures/2024/2024-01-27 Dee and Shadha/Dee/Concept 3/TIFF Full/TIFF
/Volumes/JordanExternalDrive4	JPEG XL, TIFF	/Volumes/JordanExternalDrive4/Pictures/2024/2024-01-27 Dee and Shadha/Dee/Concept 3/TIFF Full/TIFF/JPEG XL
/Volumes/JordanExternalDrive4	TIFF	/Volumes/JordanExternalDrive4/Pictures/2024/2024-01-27 Dee and Shadha/Dee/Concept 4/TIFF
/Volumes/JordanExternalDrive4	TIFF	/Volumes/JordanExternalDrive4/Pictures/2024/2024-01-27 Dee and Shadha/Dee/Concept 4/TIFF Full
/Volumes/JordanExternalDrive4	JPEG XL, TIFF	/Volumes/JordanExternalDrive4/Pictures/2024/2024-01-27 Dee and Shadha/Dee/Concept 4/TIFF Full/JPEG XL
/Volumes/JordanExternalDrive4	TIFF	/Volumes/JordanExternalDrive4/Pictures/2024/2024-01-27 Dee and Shadha/Dee/Concept 4/TIFF Full/TIFF
/Volumes/JordanExternalDrive4	JPEG XL, TIFF	/Volumes/JordanExternalDrive4/Pictures/2024/2024-01-27 Dee and Shadha/Dee/Concept 4/TIFF Full/TIFF/JPEG XL
/Volumes/JordanExternalDrive4	JPEG XL, TIFF	/Volumes/JordanExternalDrive4/Pictures/2024/2024-01-27 Dee and Shadha/Dee/Concept 4/TIFF/JPEG XL
/Volumes/JordanExternalDrive4	TIFF	/Volumes/JordanExternalDrive4/Pictures/2024/2024-01-27 Dee and Shadha/Shadha/Mono Light/TIFF
/Volumes/JordanExternalDrive4	JPEG XL, TIFF	/Volumes/JordanExternalDrive4/Pictures/2024/2024-01-27 Dee and Shadha/Shadha/Mono Light/TIFF/JPEG XL
/Volumes/JordanExternalDrive4	TIFF	/Volumes/JordanExternalDrive4/Pictures/2024/2024-01-27 Dee and Shadha/Shadha/Mono Light/TIFF/TIFF
/Volumes/JordanExternalDrive4	JPEG XL, TIFF	/Volumes/JordanExternalDrive4/Pictures/2024/2024-01-27 Dee and Shadha/Shadha/Mono Light/TIFF/TIFF/JPEG XL
/Volumes/JordanExternalDrive4	TIFF	/Volumes/JordanExternalDrive4/Pictures/2024/2024-01-27 Dee and Shadha/Shadha/Natural Light/TIFF
/Volumes/JordanExternalDrive4	JPEG XL, TIFF	/Volumes/JordanExternalDrive4/Pictures/2024/2024-01-27 Dee and Shadha/Shadha/Natural Light/TIFF/JPEG XL
/Volumes/JordanExternalDrive4	TIFF	/Volumes/JordanExternalDrive4/Pictures/2024/2024-01-27 Dee and Shadha/Shadha/Natural Light/TIFF/TIFF
/Volumes/JordanExternalDrive4	JPEG XL, TIFF	/Volumes/JordanExternalDrive4/Pictures/2024/2024-01-27 Dee and Shadha/Shadha/Natural Light/TIFF/TIFF/JPEG XL
/Volumes/JordanExternalDrive4	JPEG XL	/Volumes/JordanExternalDrive4/Pictures/2024/2024-01-29 Penguin Exihibit/JPEG XL
/Volumes/JordanExternalDrive4	TIFF	/Volumes/JordanExternalDrive4/Pictures/2024/2024-01-29 Penguin Exihibit/TIFF
/Volumes/JordanExternalDrive4	TIFF	/Volumes/JordanExternalDrive4/Pictures/2024/2024-01-29 Penguin Exihibit/TIFF FInal
/Volumes/JordanExternalDrive4	JPEG XL, TIFF	/Volumes/JordanExternalDrive4/Pictures/2024/2024-01-29 Penguin Exihibit/TIFF FInal/JPEG XL
/Volumes/JordanExternalDrive4	JPEG XL, TIFF	/Volumes/JordanExternalDrive4/Pictures/2024/2024-01-29 Penguin Exihibit/TIFF/JPEG XL
/Volumes/JordanExternalDrive4	TIFF	/Volumes/JordanExternalDrive4/Pictures/2024/2024-01-29 Penguin Exihibit/TIFF/TIFF
/Volumes/JordanExternalDrive4	TIFF	/Volumes/JordanExternalDrive4/Pictures/2024/2024-01-29 Penguin Exihibit/TIFF/TIFF FInal
/Volumes/JordanExternalDrive4	JPEG XL, TIFF	/Volumes/JordanExternalDrive4/Pictures/2024/2024-01-29 Penguin Exihibit/TIFF/TIFF FInal/JPEG XL
/Volumes/JordanExternalDrive4	JPEG XL, TIFF	/Volumes/JordanExternalDrive4/Pictures/2024/2024-01-29 Penguin Exihibit/TIFF/TIFF/JPEG XL
/Volumes/JordanExternalDrive4	JPEG XL	/Volumes/JordanExternalDrive4/Pictures/2024/2024-01-31 Headshots at Bazaar/81m.poole/JPEG XL
/Volumes/JordanExternalDrive4	TIFF	/Volumes/JordanExternalDrive4/Pictures/2024/2024-01-31 Headshots at Bazaar/81m.poole/TIFF
/Volumes/JordanExternalDrive4	JPEG XL, TIFF	/Volumes/JordanExternalDrive4/Pictures/2024/2024-01-31 Headshots at Bazaar/81m.poole/TIFF/JPEG XL
/Volumes/JordanExternalDrive4	TIFF	/Volumes/JordanExternalDrive4/Pictures/2024/2024-01-31 Headshots at Bazaar/81m.poole/TIFF/TIFF
/Volumes/JordanExternalDrive4	JPEG XL, TIFF	/Volumes/JordanExternalDrive4/Pictures/2024/2024-01-31 Headshots at Bazaar/81m.poole/TIFF/TIFF/JPEG XL
/Volumes/JordanExternalDrive4	JPEG XL	/Volumes/JordanExternalDrive4/Pictures/2024/2024-01-31 Headshots at Bazaar/Jam/JPEG XL
/Volumes/JordanExternalDrive4	JPEG XL	/Volumes/JordanExternalDrive4/Pictures/2024/2024-01-31 Headshots at Bazaar/Jam/Jamiah_Evoto/JPEG XL
/Volumes/JordanExternalDrive4	JPEG XL	/Volumes/JordanExternalDrive4/Pictures/2024/2024-01-31 Headshots at Bazaar/Latisha/JPEG XL
/Volumes/JordanExternalDrive4	JPEG XL	/Volumes/JordanExternalDrive4/Pictures/2024/2024-01-31 Headshots at Bazaar/Latisha/Latisha_Evoto 1/JPEG XL
/Volumes/JordanExternalDrive4	JPEG XL	/Volumes/JordanExternalDrive4/Pictures/2024/2024-01-31 Headshots at Bazaar/Latisha/Latisha_Evoto/JPEG XL
/Volumes/JordanExternalDrive4	TIFF	/Volumes/JordanExternalDrive4/Pictures/2024/2024-01-31 Headshots at Bazaar/TIFF
/Volumes/JordanExternalDrive4	TIFF	/Volumes/JordanExternalDrive4/Pictures/2024/2024-01-31 Headshots at Bazaar/TIFF Asia Re
/Volumes/JordanExternalDrive4	JPEG XL, TIFF	/Volumes/JordanExternalDrive4/Pictures/2024/2024-01-31 Headshots at Bazaar/TIFF Asia Re/JPEG XL
/Volumes/JordanExternalDrive4	JPEG XL, TIFF	/Volumes/JordanExternalDrive4/Pictures/2024/2024-01-31 Headshots at Bazaar/TIFF Asia Re/_DSC7144_Evoto/JPEG XL
/Volumes/JordanExternalDrive4	JPEG XL, TIFF	/Volumes/JordanExternalDrive4/Pictures/2024/2024-01-31 Headshots at Bazaar/TIFF/Chris_Evoto/JPEG XL
/Volumes/JordanExternalDrive4	JPEG XL, TIFF	/Volumes/JordanExternalDrive4/Pictures/2024/2024-01-31 Headshots at Bazaar/TIFF/JPEG XL
/Volumes/JordanExternalDrive4	JPEG XL	/Volumes/JordanExternalDrive4/Pictures/2024/2024-01-31 Headshots at Bazaar/asiasavanh16/JPEG XL
/Volumes/JordanExternalDrive4	JPEG XL	/Volumes/JordanExternalDrive4/Pictures/2024/2024-01-31 Headshots at Bazaar/blossomsworld0/JPEG XL
/Volumes/JordanExternalDrive4	JPEG XL	/Volumes/JordanExternalDrive4/Pictures/2024/2024-01-31 Headshots at Bazaar/blossomsworld0/blossomsworld0_Evoto/JPEG XL
/Volumes/JordanExternalDrive4	JPEG XL	/Volumes/JordanExternalDrive4/Pictures/2024/2024-01-31 Headshots at Bazaar/isalcido2192/Ismael_Evoto/JPEG XL
/Volumes/JordanExternalDrive4	JPEG XL	/Volumes/JordanExternalDrive4/Pictures/2024/2024-01-31 Headshots at Bazaar/isalcido2192/JPEG XL
/Volumes/JordanExternalDrive4	JPEG XL	/Volumes/JordanExternalDrive4/Pictures/2024/2024-01-31 Headshots at Bazaar/kent.p.smithiii/JPEG XL
/Volumes/JordanExternalDrive4	TIFF	/Volumes/JordanExternalDrive4/Pictures/2024/2024-01-31 Headshots at Bazaar/kent.p.smithiii/TIFF
/Volumes/JordanExternalDrive4	JPEG XL	/Volumes/JordanExternalDrive4/Pictures/2024/2024-01-31 Headshots at Bazaar/miahjay.com Submitted/JPEG XL
/Volumes/JordanExternalDrive4	TIFF	/Volumes/JordanExternalDrive4/Pictures/2024/2024-01-31 Headshots at Bazaar/miahjay.com Submitted/TIFF
/Volumes/JordanExternalDrive4	JPEG XL, TIFF	/Volumes/JordanExternalDrive4/Pictures/2024/2024-01-31 Headshots at Bazaar/miahjay.com Submitted/TIFF/JPEG XL
/Volumes/JordanExternalDrive4	JPEG XL	/Volumes/JordanExternalDrive4/Pictures/2024/2024-01-31 Headshots at Bazaar/mrsrga22/JPEG XL
/Volumes/JordanExternalDrive4	TIFF	/Volumes/JordanExternalDrive4/Pictures/2024/2024-01-31 Headshots at Bazaar/mrsrga22/TIFF
/Volumes/JordanExternalDrive4	JPEG XL, TIFF	/Volumes/JordanExternalDrive4/Pictures/2024/2024-01-31 Headshots at Bazaar/mrsrga22/TIFF/Beca_Evoto/JPEG XL
/Volumes/JordanExternalDrive4	JPEG XL, TIFF	/Volumes/JordanExternalDrive4/Pictures/2024/2024-01-31 Headshots at Bazaar/mrsrga22/TIFF/JPEG XL
/Volumes/JordanExternalDrive4	JPEG XL	/Volumes/JordanExternalDrive4/Pictures/2024/2024-01-31/JPEG XL
/Volumes/JordanExternalDrive4	JPEG XL	/Volumes/JordanExternalDrive4/Pictures/2024/2024-02-06 Savanna Cornejo/Concept 1/JPEG XL
/Volumes/JordanExternalDrive4	TIFF	/Volumes/JordanExternalDrive4/Pictures/2024/2024-02-06 Savanna Cornejo/Concept 1/TIFF
/Volumes/JordanExternalDrive4	JPEG XL, TIFF	/Volumes/JordanExternalDrive4/Pictures/2024/2024-02-06 Savanna Cornejo/Concept 1/TIFF/JPEG XL
/Volumes/JordanExternalDrive4	JPEG XL, TIFF	/Volumes/JordanExternalDrive4/Pictures/2024/2024-02-06 Savanna Cornejo/Concept 1/TIFF/Savanah_Evoto/JPEG XL
/Volumes/JordanExternalDrive4	JPEG XL	/Volumes/JordanExternalDrive4/Pictures/2024/2024-02-06 Savanna Cornejo/Concept 2/JPEG XL
/Volumes/JordanExternalDrive4	TIFF	/Volumes/JordanExternalDrive4/Pictures/2024/2024-02-06 Savanna Cornejo/Concept 2/TIFF
/Volumes/JordanExternalDrive4	TIFF	/Volumes/JordanExternalDrive4/Pictures/2024/2024-02-06 Savanna Cornejo/Concept 2/TIFF 2
/Volumes/JordanExternalDrive4	JPEG XL, TIFF	/Volumes/JordanExternalDrive4/Pictures/2024/2024-02-06 Savanna Cornejo/Concept 2/TIFF 2/JPEG XL
/Volumes/JordanExternalDrive4	JPEG XL, TIFF	/Volumes/JordanExternalDrive4/Pictures/2024/2024-02-06 Savanna Cornejo/Concept 2/TIFF 2/Sav infi_Evoto/JPEG XL
/Volumes/JordanExternalDrive4	TIFF	/Volumes/JordanExternalDrive4/Pictures/2024/2024-02-06 Savanna Cornejo/Concept 2/TIFF/TIFF B&W
/Volumes/JordanExternalDrive4	TIFF	/Volumes/JordanExternalDrive4/Pictures/2024/2024-02-06 Savanna Cornejo/Concept 2/TIFF/TIFF B&W/TIFF
/Volumes/JordanExternalDrive4	JPEG XL, TIFF	/Volumes/JordanExternalDrive4/Pictures/2024/2024-02-06 Savanna Cornejo/Concept 2/TIFF/TIFF B&W/TIFF/JPEG XL
/Volumes/JordanExternalDrive4	TIFF	/Volumes/JordanExternalDrive4/Pictures/2024/2024-02-06 Savanna Cornejo/Concept 3/TIFF
/Volumes/JordanExternalDrive4	JPEG XL, TIFF	/Volumes/JordanExternalDrive4/Pictures/2024/2024-02-06 Savanna Cornejo/Concept 3/TIFF/JPEG XL
/Volumes/JordanExternalDrive4	JPEG XL, TIFF	/Volumes/JordanExternalDrive4/Pictures/2024/2024-02-06 Savanna Cornejo/Concept 3/TIFF/Savanah_Evoto/JPEG XL
/Volumes/JordanExternalDrive4	TIFF	/Volumes/JordanExternalDrive4/Pictures/2024/2024-02-07 Abby/Concept 1/TIFF
/Volumes/JordanExternalDrive4	JPEG XL, TIFF	/Volumes/JordanExternalDrive4/Pictures/2024/2024-02-07 Abby/Concept 1/TIFF/Abby_Evoto/JPEG XL
/Volumes/JordanExternalDrive4	JPEG XL, TIFF	/Volumes/JordanExternalDrive4/Pictures/2024/2024-02-07 Abby/Concept 1/TIFF/JPEG XL
/Volumes/JordanExternalDrive4	TIFF	/Volumes/JordanExternalDrive4/Pictures/2024/2024-02-07 Abby/Concept 3/TIFF
/Volumes/JordanExternalDrive4	JPEG XL, TIFF	/Volumes/JordanExternalDrive4/Pictures/2024/2024-02-07 Abby/Concept 3/TIFF/Abby_Evoto/JPEG XL
/Volumes/JordanExternalDrive4	JPEG XL, TIFF	/Volumes/JordanExternalDrive4/Pictures/2024/2024-02-07 Abby/Concept 3/TIFF/JPEG XL
/Volumes/JordanExternalDrive4	TIFF	/Volumes/JordanExternalDrive4/Pictures/2024/2024-02-08 UTEP/TIFF
/Volumes/JordanExternalDrive4	JPEG XL, TIFF	/Volumes/JordanExternalDrive4/Pictures/2024/2024-02-08 UTEP/TIFF/JPEG XL
/Volumes/JordanExternalDrive4	TIFF	/Volumes/JordanExternalDrive4/Pictures/2024/2024-02-10 Violet/TIFF
/Volumes/JordanExternalDrive4	JPEG XL, TIFF	/Volumes/JordanExternalDrive4/Pictures/2024/2024-02-10 Violet/TIFF/JPEG XL
/Volumes/JordanExternalDrive4	JPEG XL, TIFF	/Volumes/JordanExternalDrive4/Pictures/2024/2024-02-10 Violet/TIFF/Violet_Evoto/JPEG XL
/Volumes/JordanExternalDrive4	TIFF	/Volumes/JordanExternalDrive4/Pictures/2024/2024-02-25 Henry/INFINITY TIFF
/Volumes/JordanExternalDrive4	JPEG XL, TIFF	/Volumes/JordanExternalDrive4/Pictures/2024/2024-02-25 Henry/INFINITY TIFF/JPEG XL
/Volumes/JordanExternalDrive4	TIFF	/Volumes/JordanExternalDrive4/Pictures/2024/2024-02-25 Henry/INFINITY TIFF/TIFF
/Volumes/JordanExternalDrive4	JPEG XL, TIFF	/Volumes/JordanExternalDrive4/Pictures/2024/2024-02-25 Henry/INFINITY TIFF/TIFF/Henrt_Evoto/JPEG XL
/Volumes/JordanExternalDrive4	JPEG XL, TIFF	/Volumes/JordanExternalDrive4/Pictures/2024/2024-02-25 Henry/INFINITY TIFF/TIFF/JPEG XL
/Volumes/JordanExternalDrive4	TIFF	/Volumes/JordanExternalDrive4/Pictures/2024/2024-02-25 Henry/TIFF
/Volumes/JordanExternalDrive4	TIFF	/Volumes/JordanExternalDrive4/Pictures/2024/2024-02-25 Henry/TIFF R2
/Volumes/JordanExternalDrive4	JPEG XL, TIFF	/Volumes/JordanExternalDrive4/Pictures/2024/2024-02-25 Henry/TIFF R2/Henrt_Evoto/JPEG XL
/Volumes/JordanExternalDrive4	JPEG XL, TIFF	/Volumes/JordanExternalDrive4/Pictures/2024/2024-02-25 Henry/TIFF R2/JPEG XL
/Volumes/JordanExternalDrive4	JPEG XL, TIFF	/Volumes/JordanExternalDrive4/Pictures/2024/2024-02-25 Henry/TIFF/JPEG XL
/Volumes/JordanExternalDrive4	TIFF	/Volumes/JordanExternalDrive4/Pictures/2024/2024-02-25 Henry/TIFF/TIFF
/Volumes/JordanExternalDrive4	JPEG XL, TIFF	/Volumes/JordanExternalDrive4/Pictures/2024/2024-02-25 Henry/TIFF/TIFF/Henrt_Evoto/JPEG XL
/Volumes/JordanExternalDrive4	JPEG XL, TIFF	/Volumes/JordanExternalDrive4/Pictures/2024/2024-02-25 Henry/TIFF/TIFF/JPEG XL
/Volumes/JordanExternalDrive4	TIFF	/Volumes/JordanExternalDrive4/Pictures/2024/2024-03-02 Anniversary/TIFF
/Volumes/JordanExternalDrive4	JPEG XL, TIFF	/Volumes/JordanExternalDrive4/Pictures/2024/2024-03-02 Anniversary/TIFF/JPEG XL
/Volumes/JordanExternalDrive4	TIFF	/Volumes/JordanExternalDrive4/Pictures/2024/2024-03-06 Cinthia and Fam/TIFF
/Volumes/JordanExternalDrive4	JPEG XL, TIFF	/Volumes/JordanExternalDrive4/Pictures/2024/2024-03-06 Cinthia and Fam/TIFF/Cinthia_Evoto/JPEG XL
/Volumes/JordanExternalDrive4	JPEG XL, TIFF	/Volumes/JordanExternalDrive4/Pictures/2024/2024-03-06 Cinthia and Fam/TIFF/JPEG XL
/Volumes/JordanExternalDrive4	TIFF	/Volumes/JordanExternalDrive4/Pictures/2024/2024-03-07 Fashion Shoot/Concept 1/Subject 1/DNG/TIFF
/Volumes/JordanExternalDrive4	JPEG XL, TIFF	/Volumes/JordanExternalDrive4/Pictures/2024/2024-03-07 Fashion Shoot/Concept 1/Subject 1/DNG/TIFF/JPEG XL
/Volumes/JordanExternalDrive4	TIFF	/Volumes/JordanExternalDrive4/Pictures/2024/2024-03-07 Fashion Shoot/Concept 1/Subject 2/TIFF
/Volumes/JordanExternalDrive4	JPEG XL, TIFF	/Volumes/JordanExternalDrive4/Pictures/2024/2024-03-07 Fashion Shoot/Concept 1/Subject 2/TIFF/JPEG XL
/Volumes/JordanExternalDrive4	JPEG XL, TIFF	/Volumes/JordanExternalDrive4/Pictures/2024/2024-03-07 Fashion Shoot/Concept 1/Subject 2/TIFF/PRUSS_Evoto/JPEG XL
/Volumes/JordanExternalDrive4	TIFF	/Volumes/JordanExternalDrive4/Pictures/2024/2024-03-07 Fashion Shoot/Concept 2/Subject 3/TIFF
/Volumes/JordanExternalDrive4	JPEG XL, TIFF	/Volumes/JordanExternalDrive4/Pictures/2024/2024-03-07 Fashion Shoot/Concept 2/Subject 3/TIFF/JPEG XL
/Volumes/JordanExternalDrive4	TIFF	/Volumes/JordanExternalDrive4/Pictures/2024/2024-03-08 El Paso Economical Development/2024-03-08 Day 1/TIFF
/Volumes/JordanExternalDrive4	JPEG XL, TIFF	/Volumes/JordanExternalDrive4/Pictures/2024/2024-03-08 El Paso Economical Development/2024-03-08 Day 1/TIFF/El Paso Economical Development_Evoto/JPEG XL
/Volumes/JordanExternalDrive4	JPEG XL, TIFF	/Volumes/JordanExternalDrive4/Pictures/2024/2024-03-08 El Paso Economical Development/2024-03-08 Day 1/TIFF/JPEG XL
/Volumes/JordanExternalDrive4	TIFF	/Volumes/JordanExternalDrive4/Pictures/2024/2024-03-08 El Paso Economical Development/2024-03-13 Day 2/TIFF
/Volumes/JordanExternalDrive4	JPEG XL, TIFF	/Volumes/JordanExternalDrive4/Pictures/2024/2024-03-08 El Paso Economical Development/2024-03-13 Day 2/TIFF/JPEG XL
/Volumes/JordanExternalDrive4	JPEG XL, TIFF	/Volumes/JordanExternalDrive4/Pictures/2024/2024-03-08 El Paso Economical Development/2024-03-13 Day 2/TIFF/Katherine_Evoto/JPEG XL
/Volumes/JordanExternalDrive4	TIFF	/Volumes/JordanExternalDrive4/Pictures/2024/2024-03-08 El Paso Economical Development/2024-03-18 Day 3/TIFF
/Volumes/JordanExternalDrive4	JPEG XL, TIFF	/Volumes/JordanExternalDrive4/Pictures/2024/2024-03-08 El Paso Economical Development/2024-03-18 Day 3/TIFF/JPEG XL
/Volumes/JordanExternalDrive4	JPEG XL	/Volumes/JordanExternalDrive4/Pictures/2024/2024-03-08 El Paso Economical Development/2024-03-29 Day 4/Econ Dep_Evoto/JPEG XL
/Volumes/JordanExternalDrive4	JPEG XL	/Volumes/JordanExternalDrive4/Pictures/2024/2024-03-08 El Paso Economical Development/2024-03-29 Day 4/JPEG XL
/Volumes/JordanExternalDrive4	TIFF	/Volumes/JordanExternalDrive4/Pictures/2024/2024-03-08 El Paso Economical Development/2024-05-17 Econ Dev/TIFF
/Volumes/JordanExternalDrive4	JPEG XL, TIFF	/Volumes/JordanExternalDrive4/Pictures/2024/2024-03-08 El Paso Economical Development/2024-05-17 Econ Dev/TIFF/El Paso Economical Development_Evoto/JPEG XL
/Volumes/JordanExternalDrive4	JPEG XL, TIFF	/Volumes/JordanExternalDrive4/Pictures/2024/2024-03-08 El Paso Economical Development/2024-05-17 Econ Dev/TIFF/JPEG XL
/Volumes/JordanExternalDrive4	TIFF	/Volumes/JordanExternalDrive4/Pictures/2024/2024-03-08 El Paso Economical Development/2024-08-06/TIFF
/Volumes/JordanExternalDrive4	JPEG XL, TIFF	/Volumes/JordanExternalDrive4/Pictures/2024/2024-03-08 El Paso Economical Development/2024-08-06/TIFF/El Paso Economical Development_Evoto/JPEG XL
/Volumes/JordanExternalDrive4	JPEG XL, TIFF	/Volumes/JordanExternalDrive4/Pictures/2024/2024-03-08 El Paso Economical Development/2024-08-06/TIFF/JPEG XL
/Volumes/JordanExternalDrive4	TIFF	/Volumes/JordanExternalDrive4/Pictures/2024/2024-03-09 Ana K/Ana/TIFF
/Volumes/JordanExternalDrive4	JPEG XL, TIFF	/Volumes/JordanExternalDrive4/Pictures/2024/2024-03-09 Ana K/Ana/TIFF/Ana K_Evoto/JPEG XL
/Volumes/JordanExternalDrive4	JPEG XL, TIFF	/Volumes/JordanExternalDrive4/Pictures/2024/2024-03-09 Ana K/Ana/TIFF/JPEG XL
/Volumes/JordanExternalDrive4	TIFF	/Volumes/JordanExternalDrive4/Pictures/2024/2024-03-09 Ana K/Ethan/HEAD TIFF
/Volumes/JordanExternalDrive4	JPEG XL, TIFF	/Volumes/JordanExternalDrive4/Pictures/2024/2024-03-09 Ana K/Ethan/HEAD TIFF/Ethan_Evoto/JPEG XL
/Volumes/JordanExternalDrive4	JPEG XL, TIFF	/Volumes/JordanExternalDrive4/Pictures/2024/2024-03-09 Ana K/Ethan/HEAD TIFF/JPEG XL
/Volumes/JordanExternalDrive4	TIFF	/Volumes/JordanExternalDrive4/Pictures/2024/2024-03-09 Ana K/Ethan/INFIN TIFF
/Volumes/JordanExternalDrive4	JPEG XL, TIFF	/Volumes/JordanExternalDrive4/Pictures/2024/2024-03-09 Ana K/Ethan/INFIN TIFF/Ethan infinity Wall_Evoto/JPEG XL
/Volumes/JordanExternalDrive4	JPEG XL, TIFF	/Volumes/JordanExternalDrive4/Pictures/2024/2024-03-09 Ana K/Ethan/INFIN TIFF/JPEG XL
/Volumes/JordanExternalDrive4	TIFF	/Volumes/JordanExternalDrive4/Pictures/2024/2024-03-09 Ana K/Ethan/PORT TIFF
/Volumes/JordanExternalDrive4	JPEG XL, TIFF	/Volumes/JordanExternalDrive4/Pictures/2024/2024-03-09 Ana K/Ethan/PORT TIFF/Concept 1/JPEG XL
/Volumes/JordanExternalDrive4	JPEG XL, TIFF	/Volumes/JordanExternalDrive4/Pictures/2024/2024-03-09 Ana K/Ethan/PORT TIFF/Concept 2/JPEG XL
/Volumes/JordanExternalDrive4	JPEG XL, TIFF	/Volumes/JordanExternalDrive4/Pictures/2024/2024-03-09 Ana K/Ethan/PORT TIFF/Concept 3/JPEG XL
/Volumes/JordanExternalDrive4	TIFF	/Volumes/JordanExternalDrive4/Pictures/2024/2024-03-18 Camryn/TIFF
/Volumes/JordanExternalDrive4	JPEG XL, TIFF	/Volumes/JordanExternalDrive4/Pictures/2024/2024-03-18 Camryn/TIFF/JPEG XL
/Volumes/JordanExternalDrive4	TIFF	/Volumes/JordanExternalDrive4/Pictures/2024/2024-03-18 Camryn/TIFF/TIFF
/Volumes/JordanExternalDrive4	JPEG XL, TIFF	/Volumes/JordanExternalDrive4/Pictures/2024/2024-03-18 Camryn/TIFF/TIFF/JPEG XL
/Volumes/JordanExternalDrive4	TIFF	/Volumes/JordanExternalDrive4/Pictures/2024/2024-03-20 LOI Engineers/LOI Engineers/2024-05-11 LOI ENGINEERS/TIFF
/Volumes/JordanExternalDrive4	JPEG XL, TIFF	/Volumes/JordanExternalDrive4/Pictures/2024/2024-03-20 LOI Engineers/LOI Engineers/2024-05-11 LOI ENGINEERS/TIFF/JPEG XL
/Volumes/JordanExternalDrive4	JPEG XL, TIFF	/Volumes/JordanExternalDrive4/Pictures/2024/2024-03-20 LOI Engineers/LOI Engineers/2024-05-11 LOI ENGINEERS/TIFF/LOI Engineering_Evoto/JPEG XL
/Volumes/JordanExternalDrive4	TIFF	/Volumes/JordanExternalDrive4/Pictures/2024/2024-03-20 LOI Engineers/LOI Engineers/TIFF
/Volumes/JordanExternalDrive4	TIFF	/Volumes/JordanExternalDrive4/Pictures/2024/2024-03-20 LOI Engineers/LOI Engineers/TIFF 2
/Volumes/JordanExternalDrive4	JPEG XL, TIFF	/Volumes/JordanExternalDrive4/Pictures/2024/2024-03-20 LOI Engineers/LOI Engineers/TIFF 2/JPEG XL
/Volumes/JordanExternalDrive4	JPEG XL, TIFF	/Volumes/JordanExternalDrive4/Pictures/2024/2024-03-20 LOI Engineers/LOI Engineers/TIFF 2/LOI Engineering_Evoto/JPEG XL
/Volumes/JordanExternalDrive4	Cam_Evoto, TIFF	/Volumes/JordanExternalDrive4/Pictures/2024/2024-03-20 LOI Engineers/LOI Engineers/TIFF/Cam_Evoto
/Volumes/JordanExternalDrive4	Cam_Evoto, JPEG XL, TIFF	/Volumes/JordanExternalDrive4/Pictures/2024/2024-03-20 LOI Engineers/LOI Engineers/TIFF/Cam_Evoto/JPEG XL
/Volumes/JordanExternalDrive4	JPEG XL, TIFF	/Volumes/JordanExternalDrive4/Pictures/2024/2024-03-20 LOI Engineers/LOI Engineers/TIFF/JPEG XL
/Volumes/JordanExternalDrive4	JPEG XL, TIFF	/Volumes/JordanExternalDrive4/Pictures/2024/2024-03-20 LOI Engineers/LOI Engineers/TIFF/LOI Engineers_Evoto/JPEG XL
/Volumes/JordanExternalDrive4	TIFF	/Volumes/JordanExternalDrive4/Pictures/2024/2024-03-20 LOI Engineers/The City Mag - Linda/TIFF
/Volumes/JordanExternalDrive4	JPEG XL, TIFF	/Volumes/JordanExternalDrive4/Pictures/2024/2024-03-20 LOI Engineers/The City Mag - Linda/TIFF/JPEG XL
/Volumes/JordanExternalDrive4	JPEG XL, TIFF	/Volumes/JordanExternalDrive4/Pictures/2024/2024-03-20 LOI Engineers/The City Mag - Linda/TIFF/The City Mag - Kalid F_Evoto/JPEG XL
/Volumes/JordanExternalDrive4	TIFF	/Volumes/JordanExternalDrive4/Pictures/2024/2024-03-21  Scherr Law Firm/Headshots/TIFF
/Volumes/JordanExternalDrive4	JPEG XL, TIFF	/Volumes/JordanExternalDrive4/Pictures/2024/2024-03-21  Scherr Law Firm/Headshots/TIFF/JPEG XL
/Volumes/JordanExternalDrive4	JPEG XL, TIFF	/Volumes/JordanExternalDrive4/Pictures/2024/2024-03-21  Scherr Law Firm/Headshots/TIFF/Scherr Law Firm_Evoto/JPEG XL
/Volumes/JordanExternalDrive4	TIFF	/Volumes/JordanExternalDrive4/Pictures/2024/2024-03-26 Angel/TIFF
/Volumes/JordanExternalDrive4	JPEG XL, TIFF	/Volumes/JordanExternalDrive4/Pictures/2024/2024-03-26 Angel/TIFF/Angel_Evoto/JPEG XL
/Volumes/JordanExternalDrive4	JPEG XL, TIFF	/Volumes/JordanExternalDrive4/Pictures/2024/2024-03-26 Angel/TIFF/JPEG XL
/Volumes/JordanExternalDrive4	TIFF	/Volumes/JordanExternalDrive4/Pictures/2024/2024-03-26/TIFF
/Volumes/JordanExternalDrive4	JPEG XL, TIFF	/Volumes/JordanExternalDrive4/Pictures/2024/2024-03-26/TIFF/Angel_Evoto/JPEG XL
/Volumes/JordanExternalDrive4	TIFF	/Volumes/JordanExternalDrive4/Pictures/2024/2024-03-30 Taliah/TIFF
/Volumes/JordanExternalDrive4	JPEG XL, TIFF	/Volumes/JordanExternalDrive4/Pictures/2024/2024-03-30 Taliah/TIFF/JPEG XL
/Volumes/JordanExternalDrive4	TIFF	/Volumes/JordanExternalDrive4/Pictures/2024/2024-03-30 Taliah/TIFF/TIFF
/Volumes/JordanExternalDrive4	JPEG XL, TIFF	/Volumes/JordanExternalDrive4/Pictures/2024/2024-03-30 Taliah/TIFF/TIFF/JPEG XL
/Volumes/JordanExternalDrive4	JPEG XL, TIFF	/Volumes/JordanExternalDrive4/Pictures/2024/2024-03-30 Taliah/TIFF/Talia_Evoto/JPEG XL
/Volumes/JordanExternalDrive4	JPEG XL	/Volumes/JordanExternalDrive4/Pictures/2024/2024-04-21/JPEG XL
/Volumes/JordanExternalDrive4	Edited	/Volumes/JordanExternalDrive4/Pictures/2024/2024-04-26 Sherquon/Edited
/Volumes/JordanExternalDrive4	JPEG XL, Edited	/Volumes/JordanExternalDrive4/Pictures/2024/2024-04-26 Sherquon/Edited/JPEG XL
/Volumes/JordanExternalDrive4	JPEG XL	/Volumes/JordanExternalDrive4/Pictures/2024/2024-05-15 The City Mag - Hush Hush/Final/JPEG XL
/Volumes/JordanExternalDrive4	JPEG XL	/Volumes/JordanExternalDrive4/Pictures/2024/2024-05-15 The City Mag - Hush Hush/JPEG XL
/Volumes/JordanExternalDrive4	JPEG XL	/Volumes/JordanExternalDrive4/Pictures/2024/2024-05-15 The City Mag - Hush Hush/Purchased/JPEG XL
/Volumes/JordanExternalDrive4	JPEG XL	/Volumes/JordanExternalDrive4/Pictures/2024/2024-05-21 Mike Pence/JPEG XL
/Volumes/JordanExternalDrive4	JPEG XL	/Volumes/JordanExternalDrive4/Pictures/2024/2024-05-25 Bafidis Law/Chris/Bafidis_Evoto/JPEG XL
/Volumes/JordanExternalDrive4	JPEG XL	/Volumes/JordanExternalDrive4/Pictures/2024/2024-05-25 Bafidis Law/Chris/JPEG XL
/Volumes/JordanExternalDrive4	TIFF	/Volumes/JordanExternalDrive4/Pictures/2024/2024-05-25 Bafidis Law/TIFF
/Volumes/JordanExternalDrive4	JPEG XL, TIFF	/Volumes/JordanExternalDrive4/Pictures/2024/2024-05-25 Bafidis Law/TIFF/Bafidis_Evoto/JPEG XL
/Volumes/JordanExternalDrive4	JPEG XL, TIFF	/Volumes/JordanExternalDrive4/Pictures/2024/2024-05-25 Bafidis Law/TIFF/JPEG XL
/Volumes/JordanExternalDrive4	TIFF	/Volumes/JordanExternalDrive4/Pictures/2024/2024-06-01 Abraham/Concept 1/TIFF
/Volumes/JordanExternalDrive4	JPEG XL, TIFF	/Volumes/JordanExternalDrive4/Pictures/2024/2024-06-01 Abraham/Concept 1/TIFF/JPEG XL
/Volumes/JordanExternalDrive4	TIFF	/Volumes/JordanExternalDrive4/Pictures/2024/2024-06-01 Abraham/Concept 2/TIFF
/Volumes/JordanExternalDrive4	JPEG XL, TIFF	/Volumes/JordanExternalDrive4/Pictures/2024/2024-06-01 Abraham/Concept 2/TIFF/Abraham_Evoto/JPEG XL
/Volumes/JordanExternalDrive4	JPEG XL, TIFF	/Volumes/JordanExternalDrive4/Pictures/2024/2024-06-01 Abraham/Concept 2/TIFF/JPEG XL
/Volumes/JordanExternalDrive4	TIFF	/Volumes/JordanExternalDrive4/Pictures/2024/2024-06-01 Abraham/Concept 3/TIFF
/Volumes/JordanExternalDrive4	JPEG XL, TIFF	/Volumes/JordanExternalDrive4/Pictures/2024/2024-06-01 Abraham/Concept 3/TIFF/JPEG XL
/Volumes/JordanExternalDrive4	TIFF	/Volumes/JordanExternalDrive4/Pictures/2024/2024-06-01 Abraham/Concept 4/TIFF
/Volumes/JordanExternalDrive4	JPEG XL, TIFF	/Volumes/JordanExternalDrive4/Pictures/2024/2024-06-01 Abraham/Concept 4/TIFF/JPEG XL
/Volumes/JordanExternalDrive4	TIFF	/Volumes/JordanExternalDrive4/Pictures/2024/2024-06-05/Andy/TIFF
/Volumes/JordanExternalDrive4	JPEG XL, TIFF	/Volumes/JordanExternalDrive4/Pictures/2024/2024-06-05/Andy/TIFF/JPEG XL
/Volumes/JordanExternalDrive4	TIFF	/Volumes/JordanExternalDrive4/Pictures/2024/2024-06-05/Andy/TIFF/TIFF
/Volumes/JordanExternalDrive4	JPEG XL, TIFF	/Volumes/JordanExternalDrive4/Pictures/2024/2024-06-05/Andy/TIFF/TIFF/JPEG XL
/Volumes/JordanExternalDrive4	TIFF	/Volumes/JordanExternalDrive4/Pictures/2024/2024-06-07 CDA/County Annex/TIFF
/Volumes/JordanExternalDrive4	JPEG XL, TIFF	/Volumes/JordanExternalDrive4/Pictures/2024/2024-06-07 CDA/County Annex/TIFF/JPEG XL
/Volumes/JordanExternalDrive4	TIFF	/Volumes/JordanExternalDrive4/Pictures/2024/2024-06-07 CDA/Delta Water/A7RIV/TIFF
/Volumes/JordanExternalDrive4	JPEG XL, TIFF	/Volumes/JordanExternalDrive4/Pictures/2024/2024-06-07 CDA/Delta Water/A7RIV/TIFF/JPEG XL
/Volumes/JordanExternalDrive4	TIFF	/Volumes/JordanExternalDrive4/Pictures/2024/2024-06-07 CDA/Delta Water/MAVIC 2 Pro/TIFF
/Volumes/JordanExternalDrive4	JPEG XL, TIFF	/Volumes/JordanExternalDrive4/Pictures/2024/2024-06-07 CDA/Delta Water/MAVIC 2 Pro/TIFF/JPEG XL
/Volumes/JordanExternalDrive4	TIFF	/Volumes/JordanExternalDrive4/Pictures/2024/2024-06-09 - The city Mag - Late Night Drive Home/TIFF
/Volumes/JordanExternalDrive4	JPEG XL, TIFF	/Volumes/JordanExternalDrive4/Pictures/2024/2024-06-09 - The city Mag - Late Night Drive Home/TIFF/JPEG XL
/Volumes/JordanExternalDrive4	JPEG XL, TIFF	/Volumes/JordanExternalDrive4/Pictures/2024/2024-06-09 - The city Mag - Late Night Drive Home/TIFF/Late Night Drive Home_Evoto/JPEG XL
/Volumes/JordanExternalDrive4	TIFF	/Volumes/JordanExternalDrive4/Pictures/2024/2024-06-18 Miracle/TIFF
/Volumes/JordanExternalDrive4	JPEG XL, TIFF	/Volumes/JordanExternalDrive4/Pictures/2024/2024-06-18 Miracle/TIFF/JPEG XL
/Volumes/JordanExternalDrive4	JPEG XL, TIFF	/Volumes/JordanExternalDrive4/Pictures/2024/2024-06-18 Miracle/TIFF/Miracle_Evoto/JPEG XL
/Volumes/JordanExternalDrive4	TIFF	/Volumes/JordanExternalDrive4/Pictures/2024/2024-06-19/Olivia/Outfit 1/TIFF
/Volumes/JordanExternalDrive4	JPEG XL, TIFF	/Volumes/JordanExternalDrive4/Pictures/2024/2024-06-19/Olivia/Outfit 1/TIFF/JPEG XL
/Volumes/JordanExternalDrive4	JPEG XL, TIFF	/Volumes/JordanExternalDrive4/Pictures/2024/2024-06-19/Olivia/Outfit 1/TIFF/Olivia 3_Evoto/JPEG XL
/Volumes/JordanExternalDrive4	TIFF	/Volumes/JordanExternalDrive4/Pictures/2024/2024-06-19/Olivia/Outfit 2/TIFF
/Volumes/JordanExternalDrive4	TIFF	/Volumes/JordanExternalDrive4/Pictures/2024/2024-06-19/Olivia/Outfit 2/TIFF 2
/Volumes/JordanExternalDrive4	JPEG XL, TIFF	/Volumes/JordanExternalDrive4/Pictures/2024/2024-06-19/Olivia/Outfit 2/TIFF 2/JPEG XL
/Volumes/JordanExternalDrive4	JPEG XL, TIFF	/Volumes/JordanExternalDrive4/Pictures/2024/2024-06-19/Olivia/Outfit 2/TIFF 2/Olivia_Evoto/JPEG XL
/Volumes/JordanExternalDrive4	JPEG XL, TIFF	/Volumes/JordanExternalDrive4/Pictures/2024/2024-06-19/Olivia/Outfit 2/TIFF/JPEG XL
/Volumes/JordanExternalDrive4	JPEG XL, TIFF	/Volumes/JordanExternalDrive4/Pictures/2024/2024-06-19/Olivia/Outfit 2/TIFF/Olivia 2_Evoto/JPEG XL
/Volumes/JordanExternalDrive4	TIFF	/Volumes/JordanExternalDrive4/Pictures/2024/2024-06-19/Olivia/Outfit 3/TIFF
/Volumes/JordanExternalDrive4	JPEG XL, TIFF	/Volumes/JordanExternalDrive4/Pictures/2024/2024-06-19/Olivia/Outfit 3/TIFF/JPEG XL
/Volumes/JordanExternalDrive4	JPEG XL, TIFF	/Volumes/JordanExternalDrive4/Pictures/2024/2024-06-19/Olivia/Outfit 3/TIFF/Olivia_Evoto/JPEG XL
/Volumes/JordanExternalDrive4	TIFF	/Volumes/JordanExternalDrive4/Pictures/2024/2024-06-19/The City/Group/TIFF 2
/Volumes/JordanExternalDrive4	JPEG XL, TIFF	/Volumes/JordanExternalDrive4/Pictures/2024/2024-06-19/The City/Group/TIFF 2/JPEG XL
/Volumes/JordanExternalDrive4	JPEG XL, TIFF	/Volumes/JordanExternalDrive4/Pictures/2024/2024-06-19/The City/Group/TIFF 2/The City Group shot_Evoto/JPEG XL
/Volumes/JordanExternalDrive4	JPEG XL	/Volumes/JordanExternalDrive4/Pictures/2024/2024-06-19/The City/Liz and Erin/JPEG XL
/Volumes/JordanExternalDrive4	TIFF	/Volumes/JordanExternalDrive4/Pictures/2024/2024-06-19/The City/Liz and Erin/TIFF
/Volumes/JordanExternalDrive4	JPEG XL, TIFF	/Volumes/JordanExternalDrive4/Pictures/2024/2024-06-19/The City/Liz and Erin/TIFF/JPEG XL
/Volumes/JordanExternalDrive4	JPEG XL, TIFF	/Volumes/JordanExternalDrive4/Pictures/2024/2024-06-19/The City/Liz and Erin/TIFF/Liz_Evoto/JPEG XL
/Volumes/JordanExternalDrive4	TIFF	/Volumes/JordanExternalDrive4/Pictures/2024/2024-06-19/The City/Liz and Erin/TIFF/Liz_Evoto/TIFF
/Volumes/JordanExternalDrive4	TIFF	/Volumes/JordanExternalDrive4/Pictures/2024/2024-06-19/The City/TIFF
/Volumes/JordanExternalDrive4	TIFF	/Volumes/JordanExternalDrive4/Pictures/2024/2024-06-19/The City/TIFF 2
/Volumes/JordanExternalDrive4	JPEG XL, TIFF	/Volumes/JordanExternalDrive4/Pictures/2024/2024-06-19/The City/TIFF 2/JPEG XL
/Volumes/JordanExternalDrive4	JPEG XL, TIFF	/Volumes/JordanExternalDrive4/Pictures/2024/2024-06-19/The City/TIFF/JPEG XL
/Volumes/JordanExternalDrive4	JPEG XL, TIFF	/Volumes/JordanExternalDrive4/Pictures/2024/2024-06-19/The City/TIFF/The CIty_Evoto/JPEG XL
/Volumes/JordanExternalDrive4	JPEG XL	/Volumes/JordanExternalDrive4/Pictures/2024/2024-06-25 Camryn/Concept 1/JPEG XL
/Volumes/JordanExternalDrive4	TIFF	/Volumes/JordanExternalDrive4/Pictures/2024/2024-06-25 Camryn/Concept 1/TIFF
/Volumes/JordanExternalDrive4	JPEG XL, TIFF	/Volumes/JordanExternalDrive4/Pictures/2024/2024-06-25 Camryn/Concept 1/TIFF/Camryn Concept 1 Lightroom_Evoto/IG/JPEG XL
/Volumes/JordanExternalDrive4	JPEG XL, TIFF	/Volumes/JordanExternalDrive4/Pictures/2024/2024-06-25 Camryn/Concept 1/TIFF/Camryn Concept 1 Lightroom_Evoto/JPEG XL
/Volumes/JordanExternalDrive4	TIFF	/Volumes/JordanExternalDrive4/Pictures/2024/2024-06-25 Camryn/Concept 2/TIFF
/Volumes/JordanExternalDrive4	JPEG XL, TIFF	/Volumes/JordanExternalDrive4/Pictures/2024/2024-06-25 Camryn/Concept 2/TIFF/Camryn Concept 2_Evoto/JPEG XL
/Volumes/JordanExternalDrive4	TIFF	/Volumes/JordanExternalDrive4/Pictures/2024/2024-06-25 Camryn/Concept 3/TIFF
/Volumes/JordanExternalDrive4	JPEG XL, TIFF	/Volumes/JordanExternalDrive4/Pictures/2024/2024-06-25 Camryn/Concept 3/TIFF/Concept 3_Evoto/JPEG XL
/Volumes/JordanExternalDrive4	TIFF	/Volumes/JordanExternalDrive4/Pictures/2024/2024-07-06 Chelsea Hunter/100MSDCF/Location 1/TIFF
/Volumes/JordanExternalDrive4	JPEG XL, TIFF	/Volumes/JordanExternalDrive4/Pictures/2024/2024-07-06 Chelsea Hunter/100MSDCF/Location 1/TIFF/Chelsea Loc 1_Evoto/JPEG XL
/Volumes/JordanExternalDrive4	TIFF	/Volumes/JordanExternalDrive4/Pictures/2024/2024-07-06 Chelsea Hunter/100MSDCF/Location 2/TIFF
/Volumes/JordanExternalDrive4	TIFF	/Volumes/JordanExternalDrive4/Pictures/2024/2024-07-06 Chelsea Hunter/100MSDCF/Location 2/TIFF 2
/Volumes/JordanExternalDrive4	JPEG XL, TIFF	/Volumes/JordanExternalDrive4/Pictures/2024/2024-07-06 Chelsea Hunter/100MSDCF/Location 2/TIFF 2/Chelsea Loc 2.1_Evoto/JPEG XL
/Volumes/JordanExternalDrive4	JPEG XL, TIFF	/Volumes/JordanExternalDrive4/Pictures/2024/2024-07-06 Chelsea Hunter/100MSDCF/Location 2/TIFF/Chelsea Loc 2_Evoto/JPEG XL
/Volumes/JordanExternalDrive4	TIFF	/Volumes/JordanExternalDrive4/Pictures/2024/2024-07-06 Chelsea Hunter/100MSDCF/Location 3/TIFF
/Volumes/JordanExternalDrive4	JPEG XL, TIFF	/Volumes/JordanExternalDrive4/Pictures/2024/2024-07-06 Chelsea Hunter/100MSDCF/Location 3/TIFF/Chelsea Loc 3_Evoto/JPEG XL
/Volumes/JordanExternalDrive4	JPEG XL, TIFF	/Volumes/JordanExternalDrive4/Pictures/2024/2024-07-06 Chelsea Hunter/100MSDCF/Location 3/TIFF/JPEG XL
/Volumes/JordanExternalDrive4	TIFF	/Volumes/JordanExternalDrive4/Pictures/2024/2024-07-14/TIFF
/Volumes/JordanExternalDrive4	JPEG XL, TIFF	/Volumes/JordanExternalDrive4/Pictures/2024/2024-07-14/TIFF/JPEG XL
/Volumes/JordanExternalDrive4	TIFF	/Volumes/JordanExternalDrive4/Pictures/2024/2024-07-16 Sarah T/Concept 1/TIFF
/Volumes/JordanExternalDrive4	JPEG XL, TIFF	/Volumes/JordanExternalDrive4/Pictures/2024/2024-07-16 Sarah T/Concept 1/TIFF/JPEG XL
/Volumes/JordanExternalDrive4	JPEG XL	/Volumes/JordanExternalDrive4/Pictures/2024/2024-07-16 Sarah T/Concept 2/JPEG XL
/Volumes/JordanExternalDrive4	TIFF	/Volumes/JordanExternalDrive4/Pictures/2024/2024-07-16 Sarah T/Concept 2/TIFF
/Volumes/JordanExternalDrive4	JPEG XL, TIFF	/Volumes/JordanExternalDrive4/Pictures/2024/2024-07-16 Sarah T/Concept 2/TIFF/Sarah T_Evoto/JPEG XL
/Volumes/JordanExternalDrive4	TIFF	/Volumes/JordanExternalDrive4/Pictures/2024/2024-07-16 Sarah T/Concept 3/TIFF
/Volumes/JordanExternalDrive4	Cam_Evoto, TIFF	/Volumes/JordanExternalDrive4/Pictures/2024/2024-07-16 Sarah T/Concept 3/TIFF/Cam_Evoto
/Volumes/JordanExternalDrive4	Cam_Evoto, JPEG XL, TIFF	/Volumes/JordanExternalDrive4/Pictures/2024/2024-07-16 Sarah T/Concept 3/TIFF/Cam_Evoto/JPEG XL
/Volumes/JordanExternalDrive4	JPEG XL, TIFF	/Volumes/JordanExternalDrive4/Pictures/2024/2024-07-16 Sarah T/Concept 3/TIFF/JPEG XL
/Volumes/JordanExternalDrive4	TIFF	/Volumes/JordanExternalDrive4/Pictures/2024/2024-07-16 Sarah T/Concept 4/TIFF
/Volumes/JordanExternalDrive4	JPEG XL, TIFF	/Volumes/JordanExternalDrive4/Pictures/2024/2024-07-16 Sarah T/Concept 4/TIFF/Elzar_Evoto/JPEG XL
/Volumes/JordanExternalDrive4	JPEG XL, TIFF	/Volumes/JordanExternalDrive4/Pictures/2024/2024-07-16 Sarah T/Concept 4/TIFF/JPEG XL
/Volumes/JordanExternalDrive4	JPEG XL	/Volumes/JordanExternalDrive4/Pictures/2024/2024-07-16 Sarah T/Concept 5/JPEG XL
/Volumes/JordanExternalDrive4	TIFF	/Volumes/JordanExternalDrive4/Pictures/2024/2024-07-16 Sarah T/Concept 5/TIFF
/Volumes/JordanExternalDrive4	Cam_Evoto, TIFF	/Volumes/JordanExternalDrive4/Pictures/2024/2024-07-16 Sarah T/Concept 5/TIFF/Cam_Evoto
/Volumes/JordanExternalDrive4	Cam_Evoto, JPEG XL, TIFF	/Volumes/JordanExternalDrive4/Pictures/2024/2024-07-16 Sarah T/Concept 5/TIFF/Cam_Evoto/JPEG XL
/Volumes/JordanExternalDrive4	JPEG XL, TIFF	/Volumes/JordanExternalDrive4/Pictures/2024/2024-07-16 Sarah T/Concept 5/TIFF/JPEG XL
/Volumes/JordanExternalDrive4	TIFF	/Volumes/JordanExternalDrive4/Pictures/2024/2024-07-19 Gorge Med Student/George/TIFF
/Volumes/JordanExternalDrive4	JPEG XL, TIFF	/Volumes/JordanExternalDrive4/Pictures/2024/2024-07-19 Gorge Med Student/George/TIFF/George M_Evoto/JPEG XL
/Volumes/JordanExternalDrive4	TIFF	/Volumes/JordanExternalDrive4/Pictures/2024/2024-07-19 Gorge Med Student/George/TIFF/George M_Evoto/TIFF
/Volumes/JordanExternalDrive4	JPEG XL, TIFF	/Volumes/JordanExternalDrive4/Pictures/2024/2024-07-19 Gorge Med Student/George/TIFF/George M_Evoto/TIFF/JPEG XL
/Volumes/JordanExternalDrive4	JPEG XL, TIFF	/Volumes/JordanExternalDrive4/Pictures/2024/2024-07-19 Gorge Med Student/George/TIFF/JPEG XL
/Volumes/JordanExternalDrive4	TIFF	/Volumes/JordanExternalDrive4/Pictures/2024/2024-07-19 Gorge Med Student/Lia/Concept 1/TIFF
/Volumes/JordanExternalDrive4	JPEG XL, TIFF	/Volumes/JordanExternalDrive4/Pictures/2024/2024-07-19 Gorge Med Student/Lia/Concept 1/TIFF/JPEG XL
/Volumes/JordanExternalDrive4	TIFF	/Volumes/JordanExternalDrive4/Pictures/2024/2024-07-19 Gorge Med Student/Lia/Concept 2/TIFF
/Volumes/JordanExternalDrive4	JPEG XL, TIFF	/Volumes/JordanExternalDrive4/Pictures/2024/2024-07-19 Gorge Med Student/Lia/Concept 2/TIFF/JPEG XL
/Volumes/JordanExternalDrive4	TIFF	/Volumes/JordanExternalDrive4/Pictures/2024/2024-07-19 Gorge Med Student/Lia/Concept 3/TIFF
/Volumes/JordanExternalDrive4	JPEG XL, TIFF	/Volumes/JordanExternalDrive4/Pictures/2024/2024-07-19 Gorge Med Student/Lia/Concept 3/TIFF/JPEG XL
/Volumes/JordanExternalDrive4	JPEG XL, TIFF	/Volumes/JordanExternalDrive4/Pictures/2024/2024-07-19 Gorge Med Student/Lia/Concept 3/TIFF/Lia_Evoto/JPEG XL
/Volumes/JordanExternalDrive4	TIFF	/Volumes/JordanExternalDrive4/Pictures/2024/2024-07-20 Gesuina Diabetes/TIFF
/Volumes/JordanExternalDrive4	JPEG XL, TIFF	/Volumes/JordanExternalDrive4/Pictures/2024/2024-07-20 Gesuina Diabetes/TIFF/GAL_Evoto/JPEG XL
/Volumes/JordanExternalDrive4	JPEG XL	/Volumes/JordanExternalDrive4/Pictures/2024/2024-07-24 Headshot day at Railyard/Subject 2/Look 1/JPEG XL
/Volumes/JordanExternalDrive4	TIFF	/Volumes/JordanExternalDrive4/Pictures/2024/2024-07-24 Headshot day at Railyard/Subject 2/Look 1/TIFF
/Volumes/JordanExternalDrive4	JPEG XL, TIFF	/Volumes/JordanExternalDrive4/Pictures/2024/2024-07-24 Headshot day at Railyard/Subject 2/Look 1/TIFF/Headshots Railyard_Evoto/JPEG XL
/Volumes/JordanExternalDrive4	TIFF	/Volumes/JordanExternalDrive4/Pictures/2024/2024-07-24 Headshot day at Railyard/Subject 2/Look 2/TIFF
/Volumes/JordanExternalDrive4	JPEG XL, TIFF	/Volumes/JordanExternalDrive4/Pictures/2024/2024-07-24 Headshot day at Railyard/Subject 2/Look 2/TIFF/Headshots Railyard_Evoto/JPEG XL
/Volumes/JordanExternalDrive4	JPEG XL, TIFF	/Volumes/JordanExternalDrive4/Pictures/2024/2024-07-24 Headshot day at Railyard/Subject 2/Look 2/TIFF/JPEG XL
/Volumes/JordanExternalDrive4	JPEG XL	/Volumes/JordanExternalDrive4/Pictures/2024/2024-07-24 Headshot day at Railyard/Subject 3/Look 1/JPEG XL
/Volumes/JordanExternalDrive4	TIFF	/Volumes/JordanExternalDrive4/Pictures/2024/2024-07-24 Headshot day at Railyard/Subject 3/Look 1/TIFF
/Volumes/JordanExternalDrive4	JPEG XL, TIFF	/Volumes/JordanExternalDrive4/Pictures/2024/2024-07-24 Headshot day at Railyard/Subject 3/Look 1/TIFF/JPEG XL
/Volumes/JordanExternalDrive4	TIFF	/Volumes/JordanExternalDrive4/Pictures/2024/2024-07-24 Headshot day at Railyard/Subject 3/Look 2/TIFF
/Volumes/JordanExternalDrive4	JPEG XL, TIFF	/Volumes/JordanExternalDrive4/Pictures/2024/2024-07-24 Headshot day at Railyard/Subject 3/Look 2/TIFF/Headshots Railyard_Evoto/JPEG XL
/Volumes/JordanExternalDrive4	JPEG XL, TIFF	/Volumes/JordanExternalDrive4/Pictures/2024/2024-07-24 Headshot day at Railyard/Subject 3/Look 2/TIFF/JPEG XL
/Volumes/JordanExternalDrive4	TIFF	/Volumes/JordanExternalDrive4/Pictures/2024/2024-07-24 Headshot day at Railyard/Subject 4/Look 1/TIFF
/Volumes/JordanExternalDrive4	JPEG XL, TIFF	/Volumes/JordanExternalDrive4/Pictures/2024/2024-07-24 Headshot day at Railyard/Subject 4/Look 1/TIFF/JPEG XL
/Volumes/JordanExternalDrive4	JPEG XL, TIFF	/Volumes/JordanExternalDrive4/Pictures/2024/2024-07-24 Headshot day at Railyard/Subject 4/Look 1/TIFF/Kaomi_Evoto/JPEG XL
/Volumes/JordanExternalDrive4	JPEG XL	/Volumes/JordanExternalDrive4/Pictures/2024/2024-07-31 Salon/JPEG XL
/Volumes/JordanExternalDrive4	TIFF	/Volumes/JordanExternalDrive4/Pictures/2024/2024-08-04 Familia Mari/TIFF
/Volumes/JordanExternalDrive4	JPEG XL, TIFF	/Volumes/JordanExternalDrive4/Pictures/2024/2024-08-04 Familia Mari/TIFF/JPEG XL
/Volumes/JordanExternalDrive4	JPEG XL, TIFF	/Volumes/JordanExternalDrive4/Pictures/2024/2024-08-04 Familia Mari/TIFF/Mari Fam Port_Evoto/JPEG XL
/Volumes/JordanExternalDrive4	JPEG XL	/Volumes/JordanExternalDrive4/Pictures/2024/2024-08-06 Headshots + Jamiah/Headshots/JPEG XL
/Volumes/JordanExternalDrive4	JPEG XL	/Volumes/JordanExternalDrive4/Pictures/2024/2024-08-06 Headshots + Jamiah/Headshots/Jordan Headshots/JPEG XL
/Volumes/JordanExternalDrive4	JPEG XL	/Volumes/JordanExternalDrive4/Pictures/2024/2024-08-06 Headshots + Jamiah/Headshots/Jordan Headshots/Jordan Headshots_Evoto/JPEG XL
/Volumes/JordanExternalDrive4	TIFF	/Volumes/JordanExternalDrive4/Pictures/2024/2024-08-06 Headshots + Jamiah/Jamiah D/Concept 1/TIFF
/Volumes/JordanExternalDrive4	JPEG XL, TIFF	/Volumes/JordanExternalDrive4/Pictures/2024/2024-08-06 Headshots + Jamiah/Jamiah D/Concept 1/TIFF/Jamiah Concept 1_Evoto/JPEG XL
/Volumes/JordanExternalDrive4	TIFF	/Volumes/JordanExternalDrive4/Pictures/2024/2024-08-06 Headshots + Jamiah/Jamiah D/Concept 2/TIFF
/Volumes/JordanExternalDrive4	JPEG XL, TIFF	/Volumes/JordanExternalDrive4/Pictures/2024/2024-08-06 Headshots + Jamiah/Jamiah D/Concept 2/TIFF/Jamiah Concept 1_Evoto/JPEG XL
/Volumes/JordanExternalDrive4	TIFF	/Volumes/JordanExternalDrive4/Pictures/2024/2024-08-06 Headshots + Jamiah/Jamiah D/Concept 3/TIFF
/Volumes/JordanExternalDrive4	JPEG XL, TIFF	/Volumes/JordanExternalDrive4/Pictures/2024/2024-08-06 Headshots + Jamiah/Jamiah D/Concept 3/TIFF/JPEG XL
/Volumes/JordanExternalDrive4	JPEG XL, TIFF	/Volumes/JordanExternalDrive4/Pictures/2024/2024-08-06 Headshots + Jamiah/Jamiah D/Concept 3/TIFF/Jamiah Concept 1_Evoto/JPEG XL
/Volumes/JordanExternalDrive4	JPEG XL	/Volumes/JordanExternalDrive4/Pictures/2024/2024-08-11/Gio_Evoto/JPEG XL
/Volumes/JordanExternalDrive4	TIFF	/Volumes/JordanExternalDrive4/Pictures/2024/2024-08-13 Gia & Jordan/TIFF
/Volumes/JordanExternalDrive4	JPEG XL, TIFF	/Volumes/JordanExternalDrive4/Pictures/2024/2024-08-13 Gia & Jordan/TIFF/JPEG XL
/Volumes/JordanExternalDrive4	JPEG XL, TIFF	/Volumes/JordanExternalDrive4/Pictures/2024/2024-08-13 Gia & Jordan/TIFF/Jordan_Evoto/JPEG XL
/Volumes/JordanExternalDrive4	TIFF	/Volumes/JordanExternalDrive4/Pictures/2024/2024-08-16 Rigo Melchor/TIFF
/Volumes/JordanExternalDrive4	JPEG XL, TIFF	/Volumes/JordanExternalDrive4/Pictures/2024/2024-08-16 Rigo Melchor/TIFF/JPEG XL
/Volumes/JordanExternalDrive4	JPEG XL, TIFF	/Volumes/JordanExternalDrive4/Pictures/2024/2024-08-16 Rigo Melchor/TIFF/RIGO_Evoto/JPEG XL
/Volumes/JordanExternalDrive4	TIFF	/Volumes/JordanExternalDrive4/Pictures/2024/2024-08-22 Abe Bueno/TIFF
/Volumes/JordanExternalDrive4	JPEG XL, TIFF	/Volumes/JordanExternalDrive4/Pictures/2024/2024-08-22 Abe Bueno/TIFF/Abraham Headshots_Evoto/JPEG XL
/Volumes/JordanExternalDrive4	JPEG XL, TIFF	/Volumes/JordanExternalDrive4/Pictures/2024/2024-08-22 Abe Bueno/TIFF/JPEG XL
/Volumes/JordanExternalDrive4	TIFF	/Volumes/JordanExternalDrive4/Pictures/2024/2024-08-31 Rene/TIFF
/Volumes/JordanExternalDrive4	JPEG XL, TIFF	/Volumes/JordanExternalDrive4/Pictures/2024/2024-08-31 Rene/TIFF/JPEG XL
/Volumes/JordanExternalDrive4	JPEG XL, TIFF	/Volumes/JordanExternalDrive4/Pictures/2024/2024-08-31 Rene/TIFF/Rene Melendez_Evoto/JPEG XL
/Volumes/JordanExternalDrive4	TIFF	/Volumes/JordanExternalDrive4/Pictures/2024/2024-09-01 Adriel/TIFF
/Volumes/JordanExternalDrive4	JPEG XL, TIFF	/Volumes/JordanExternalDrive4/Pictures/2024/2024-09-01 Adriel/TIFF/JPEG XL
/Volumes/JordanExternalDrive4	JPEG XL, TIFF	/Volumes/JordanExternalDrive4/Pictures/2024/2024-09-01 Adriel/TIFF/Jesus Jose_Evoto/JPEG XL
/Volumes/JordanExternalDrive4	JPEG XL	/Volumes/JordanExternalDrive4/Pictures/2024/2024-09-12/JPEG XL
/Volumes/JordanExternalDrive4	TIFF	/Volumes/JordanExternalDrive4/Pictures/2024/2024-09-12/TIFF
/Volumes/JordanExternalDrive4	JPEG XL, TIFF	/Volumes/JordanExternalDrive4/Pictures/2024/2024-09-12/TIFF/JPEG XL
/Volumes/JordanExternalDrive4	JPEG XL	/Volumes/JordanExternalDrive4/Pictures/2024/2024-09-25/Abe/JPEG XL
/Volumes/JordanExternalDrive4	Cam_Evoto	/Volumes/JordanExternalDrive4/Pictures/2024/2024-09-25/Abe/New Selection/Cam_Evoto
/Volumes/JordanExternalDrive4	JPEG XL	/Volumes/JordanExternalDrive4/Pictures/2024/2024-09-25/Luly and Abe/Outfit 1/JPEG XL
/Volumes/JordanExternalDrive4	Cam_Evoto	/Volumes/JordanExternalDrive4/Pictures/2024/2024-09-25/Luly and Abe/Outfit 1/New Selection/Cam_Evoto
/Volumes/JordanExternalDrive4	TIFF	/Volumes/JordanExternalDrive4/Pictures/2024/2024-09-25/Luly and Abe/Outfit 1/TIFF
/Volumes/JordanExternalDrive4	Edited	/Volumes/JordanExternalDrive4/Pictures/2024/2024-09-25/Luly and Abe/Outfit 2/Edited
/Volumes/JordanExternalDrive4	JPEG XL	/Volumes/JordanExternalDrive4/Pictures/2024/2024-09-25/Luly and Abe/Outfit 2/JPEG XL
/Volumes/JordanExternalDrive4	Cam_Evoto	/Volumes/JordanExternalDrive4/Pictures/2024/2024-09-25/Luly and Abe/Outfit 2/New Selection/Cam_Evoto
/Volumes/JordanExternalDrive4	TIFF	/Volumes/JordanExternalDrive4/Pictures/2024/2024-09-25/Luly and Abe/Outfit 2/TIFF
/Volumes/JordanExternalDrive4	JPEG XL	/Volumes/JordanExternalDrive4/Pictures/2024/2024-09-25/Luly/Outfit 1/JPEG XL
/Volumes/JordanExternalDrive4	Cam_Evoto	/Volumes/JordanExternalDrive4/Pictures/2024/2024-09-25/Luly/Outfit 1/New Selection/Cam_Evoto
/Volumes/JordanExternalDrive4	TIFF	/Volumes/JordanExternalDrive4/Pictures/2024/2024-09-25/Luly/Outfit 1/TIFF
/Volumes/JordanExternalDrive4	JPEG XL	/Volumes/JordanExternalDrive4/Pictures/2024/2024-09-25/Luly/Outfit 2/JPEG XL
/Volumes/JordanExternalDrive4	Cam_Evoto	/Volumes/JordanExternalDrive4/Pictures/2024/2024-09-25/Luly/Outfit 2/New Selection/Cam_Evoto
/Volumes/JordanExternalDrive4	TIFF	/Volumes/JordanExternalDrive4/Pictures/2024/2024-09-25/TIFF
/Volumes/JordanExternalDrive4	TIFF	/Volumes/JordanExternalDrive4/Pictures/2024/2024-09-25/TIFF LULU ABE
/Volumes/JordanExternalDrive4	JPEG XL, TIFF	/Volumes/JordanExternalDrive4/Pictures/2024/2024-09-25/TIFF LULU ABE/Luly & Abe_Evoto/JPEG XL
/Volumes/JordanExternalDrive4	JPEG XL, TIFF	/Volumes/JordanExternalDrive4/Pictures/2024/2024-09-25/TIFF/JPEG XL
/Volumes/JordanExternalDrive4	JPEG XL, TIFF	/Volumes/JordanExternalDrive4/Pictures/2024/2024-09-25/TIFF/The City Luly & Abe_Evoto/JPEG XL
/Volumes/JordanExternalDrive4	TIFF	/Volumes/JordanExternalDrive4/Pictures/2024/2024-09-30/tiff
/Volumes/JordanExternalDrive4	JPEG XL, TIFF	/Volumes/JordanExternalDrive4/Pictures/2024/2024-09-30/tiff/Baron & Butt_Evoto/JPEG XL
/Volumes/JordanExternalDrive4	JPEG XL, TIFF	/Volumes/JordanExternalDrive4/Pictures/2024/2024-09-30/tiff/JPEG XL
/Volumes/JordanExternalDrive4	TIFF	/Volumes/JordanExternalDrive4/Pictures/2024/2024-10-01/TIFF
/Volumes/JordanExternalDrive4	JPEG XL, TIFF	/Volumes/JordanExternalDrive4/Pictures/2024/2024-10-01/TIFF/ANNA_Evoto/JPEG XL
/Volumes/JordanExternalDrive4	JPEG XL, TIFF	/Volumes/JordanExternalDrive4/Pictures/2024/2024-10-01/TIFF/JPEG XL
/Volumes/JordanExternalDrive4	TIFF	/Volumes/JordanExternalDrive4/Pictures/2024/2024-10-04/TIFF
/Volumes/JordanExternalDrive4	JPEG XL, TIFF	/Volumes/JordanExternalDrive4/Pictures/2024/2024-10-04/TIFF/JPEG XL
/Volumes/JordanExternalDrive4	TIFF	/Volumes/JordanExternalDrive4/Pictures/2024/2024-10-07/El Paso Econ/TIFF
/Volumes/JordanExternalDrive4	JPEG XL, TIFF	/Volumes/JordanExternalDrive4/Pictures/2024/2024-10-07/El Paso Econ/TIFF/Evoto/JPEG XL
/Volumes/JordanExternalDrive4	JPEG XL, TIFF	/Volumes/JordanExternalDrive4/Pictures/2024/2024-10-07/El Paso Econ/TIFF/JPEG XL
/Volumes/JordanExternalDrive4	JPEG XL	/Volumes/JordanExternalDrive4/Pictures/2024/2024-10-07/JPEG XL
/Volumes/JordanExternalDrive4	TIFF	/Volumes/JordanExternalDrive4/Pictures/2024/2024-10-12 Los Angeles/TIFF
/Volumes/JordanExternalDrive4	JPEG XL, TIFF	/Volumes/JordanExternalDrive4/Pictures/2024/2024-10-12 Los Angeles/TIFF/JPEG XL
/Volumes/JordanExternalDrive4	TIFF	/Volumes/JordanExternalDrive4/Pictures/2024/2024-10-18/TIFF
/Volumes/JordanExternalDrive4	JPEG XL, TIFF	/Volumes/JordanExternalDrive4/Pictures/2024/2024-10-18/TIFF/HYUN KANG_Evoto/JPEG XL
/Volumes/JordanExternalDrive4	JPEG XL, TIFF	/Volumes/JordanExternalDrive4/Pictures/2024/2024-10-18/TIFF/JPEG XL
/Volumes/JordanExternalDrive4	TIFF	/Volumes/JordanExternalDrive4/Pictures/2024/2024-11-13/TIFF
/Volumes/JordanExternalDrive4	JPEG XL, TIFF	/Volumes/JordanExternalDrive4/Pictures/2024/2024-11-13/TIFF/Francisco y Ale_Evoto/JPEG XL
/Volumes/JordanExternalDrive4	JPEG XL, TIFF	/Volumes/JordanExternalDrive4/Pictures/2024/2024-11-13/TIFF/JPEG XL
/Volumes/JordanExternalDrive4	TIFF	/Volumes/JordanExternalDrive4/Pictures/2024/2024-11-18 Yellow Brix/TIFF
/Volumes/JordanExternalDrive4	JPEG XL, TIFF	/Volumes/JordanExternalDrive4/Pictures/2024/2024-11-18 Yellow Brix/TIFF/JPEG XL
/Volumes/JordanExternalDrive4	TIFF	/Volumes/JordanExternalDrive4/Pictures/2024/2024-11-22 Branden Quintana/TIFF
/Volumes/JordanExternalDrive4	JPEG XL, TIFF	/Volumes/JordanExternalDrive4/Pictures/2024/2024-11-22 Branden Quintana/TIFF/Brandon_Evoto/JPEG XL
/Volumes/JordanExternalDrive4	JPEG XL, TIFF	/Volumes/JordanExternalDrive4/Pictures/2024/2024-11-22 Branden Quintana/TIFF/JPEG XL
/Volumes/JordanExternalDrive4	TIFF	/Volumes/JordanExternalDrive4/Pictures/2024/2024-11-25 The City Magazine/TIFF
/Volumes/JordanExternalDrive4	JPEG XL, TIFF	/Volumes/JordanExternalDrive4/Pictures/2024/2024-11-25 The City Magazine/TIFF/JPEG XL
/Volumes/JordanExternalDrive4	TIFF	/Volumes/JordanExternalDrive4/Pictures/2024/2024-11-25 The City Magazine/TIFF/TIFF 2
/Volumes/JordanExternalDrive4	JPEG XL, TIFF	/Volumes/JordanExternalDrive4/Pictures/2024/2024-11-25 The City Magazine/TIFF/TIFF 2/JPEG XL
/Volumes/JordanExternalDrive4	JPEG XL, TIFF	/Volumes/JordanExternalDrive4/Pictures/2024/2024-11-25 The City Magazine/TIFF/TIFF 2/The city group_Evoto/JPEG XL
/Volumes/JordanExternalDrive4	TIFF	/Volumes/JordanExternalDrive4/Pictures/2024/2024-11-30 Sonya/Concept 1/TIFF
/Volumes/JordanExternalDrive4	Cam_Evoto, TIFF	/Volumes/JordanExternalDrive4/Pictures/2024/2024-11-30 Sonya/Concept 1/TIFF/Cam_Evoto
/Volumes/JordanExternalDrive4	Cam_Evoto, JPEG XL, TIFF	/Volumes/JordanExternalDrive4/Pictures/2024/2024-11-30 Sonya/Concept 1/TIFF/Cam_Evoto/JPEG XL
/Volumes/JordanExternalDrive4	JPEG XL, TIFF	/Volumes/JordanExternalDrive4/Pictures/2024/2024-11-30 Sonya/Concept 1/TIFF/JPEG XL
/Volumes/JordanExternalDrive4	TIFF	/Volumes/JordanExternalDrive4/Pictures/2024/2024-11-30 Sonya/Concept 2/TIFF
/Volumes/JordanExternalDrive4	Cam_Evoto, TIFF	/Volumes/JordanExternalDrive4/Pictures/2024/2024-11-30 Sonya/Concept 2/TIFF/Cam_Evoto
/Volumes/JordanExternalDrive4	Cam_Evoto, JPEG XL, TIFF	/Volumes/JordanExternalDrive4/Pictures/2024/2024-11-30 Sonya/Concept 2/TIFF/Cam_Evoto/JPEG XL
/Volumes/JordanExternalDrive4	JPEG XL, TIFF	/Volumes/JordanExternalDrive4/Pictures/2024/2024-11-30 Sonya/Concept 2/TIFF/JPEG XL
/Volumes/JordanExternalDrive4	TIFF	/Volumes/JordanExternalDrive4/Pictures/2024/2024-11-30 Sonya/Concept 3/TIFF
/Volumes/JordanExternalDrive4	Cam_Evoto, TIFF	/Volumes/JordanExternalDrive4/Pictures/2024/2024-11-30 Sonya/Concept 3/TIFF/Cam_Evoto
/Volumes/JordanExternalDrive4	Cam_Evoto, JPEG XL, TIFF	/Volumes/JordanExternalDrive4/Pictures/2024/2024-11-30 Sonya/Concept 3/TIFF/Cam_Evoto/JPEG XL
/Volumes/JordanExternalDrive4	JPEG XL, TIFF	/Volumes/JordanExternalDrive4/Pictures/2024/2024-11-30 Sonya/Concept 3/TIFF/JPEG XL
/Volumes/JordanExternalDrive4	TIFF	/Volumes/JordanExternalDrive4/Pictures/2024/2024-11-30 Sonya/Concept 4/TIFF
/Volumes/JordanExternalDrive4	Cam_Evoto, TIFF	/Volumes/JordanExternalDrive4/Pictures/2024/2024-11-30 Sonya/Concept 4/TIFF/Cam_Evoto
/Volumes/JordanExternalDrive4	Cam_Evoto, JPEG XL, TIFF	/Volumes/JordanExternalDrive4/Pictures/2024/2024-11-30 Sonya/Concept 4/TIFF/Cam_Evoto/JPEG XL
/Volumes/JordanExternalDrive4	JPEG XL, TIFF	/Volumes/JordanExternalDrive4/Pictures/2024/2024-11-30 Sonya/Concept 4/TIFF/JPEG XL
/Volumes/JordanExternalDrive4	TIFF	/Volumes/JordanExternalDrive4/Pictures/2024/2024-11-30 Sonya/Concept 5/TIFF
/Volumes/JordanExternalDrive4	Cam_Evoto, TIFF	/Volumes/JordanExternalDrive4/Pictures/2024/2024-11-30 Sonya/Concept 5/TIFF/Cam_Evoto
/Volumes/JordanExternalDrive4	Cam_Evoto, JPEG XL, TIFF	/Volumes/JordanExternalDrive4/Pictures/2024/2024-11-30 Sonya/Concept 5/TIFF/Cam_Evoto/JPEG XL
/Volumes/JordanExternalDrive4	JPEG XL, TIFF	/Volumes/JordanExternalDrive4/Pictures/2024/2024-11-30 Sonya/Concept 5/TIFF/JPEG XL
/Volumes/JordanExternalDrive4	TIFF	/Volumes/JordanExternalDrive4/Pictures/2024/2024-12-04 LOI Engineers/TIFF
/Volumes/JordanExternalDrive4	Cam_Evoto, TIFF	/Volumes/JordanExternalDrive4/Pictures/2024/2024-12-04 LOI Engineers/TIFF/Cam_Evoto
/Volumes/JordanExternalDrive4	Cam_Evoto, JPEG XL, TIFF	/Volumes/JordanExternalDrive4/Pictures/2024/2024-12-04 LOI Engineers/TIFF/Cam_Evoto/JPEG XL
/Volumes/JordanExternalDrive4	JPEG XL, TIFF	/Volumes/JordanExternalDrive4/Pictures/2024/2024-12-04 LOI Engineers/TIFF/JPEG XL
/Volumes/JordanExternalDrive4	JPEG XL	/Volumes/JordanExternalDrive4/Pictures/2024/2024-12-05 LOI Engineers & Vanessa G/LOI Engineers/JPEG XL
/Volumes/JordanExternalDrive4	TIFF	/Volumes/JordanExternalDrive4/Pictures/2024/2024-12-05 LOI Engineers & Vanessa G/LOI Engineers/TIFF
/Volumes/JordanExternalDrive4	Cam_Evoto, TIFF	/Volumes/JordanExternalDrive4/Pictures/2024/2024-12-05 LOI Engineers & Vanessa G/LOI Engineers/TIFF/Cam_Evoto
/Volumes/JordanExternalDrive4	Cam_Evoto, JPEG XL, TIFF	/Volumes/JordanExternalDrive4/Pictures/2024/2024-12-05 LOI Engineers & Vanessa G/LOI Engineers/TIFF/Cam_Evoto/JPEG XL
/Volumes/JordanExternalDrive4	JPEG XL, TIFF	/Volumes/JordanExternalDrive4/Pictures/2024/2024-12-05 LOI Engineers & Vanessa G/LOI Engineers/TIFF/JPEG XL
/Volumes/JordanExternalDrive4	JPEG XL	/Volumes/JordanExternalDrive4/Pictures/2024/2024-12-05 LOI Engineers & Vanessa G/Vanessa/Concept 1/JPEG XL
/Volumes/JordanExternalDrive4	TIFF	/Volumes/JordanExternalDrive4/Pictures/2024/2024-12-05 LOI Engineers & Vanessa G/Vanessa/Concept 3/TIFF
/Volumes/JordanExternalDrive4	JPEG XL, TIFF	/Volumes/JordanExternalDrive4/Pictures/2024/2024-12-05 LOI Engineers & Vanessa G/Vanessa/Concept 3/TIFF/JPEG XL
/Volumes/JordanExternalDrive4	TIFF	/Volumes/JordanExternalDrive4/Pictures/2024/2024-12-09 LOI Engineers/TIFF
/Volumes/JordanExternalDrive4	Cam_Evoto, TIFF	/Volumes/JordanExternalDrive4/Pictures/2024/2024-12-09 LOI Engineers/TIFF/Cam_Evoto
/Volumes/JordanExternalDrive4	Cam_Evoto, JPEG XL, TIFF	/Volumes/JordanExternalDrive4/Pictures/2024/2024-12-09 LOI Engineers/TIFF/Cam_Evoto/JPEG XL
/Volumes/JordanExternalDrive4	JPEG XL, TIFF	/Volumes/JordanExternalDrive4/Pictures/2024/2024-12-09 LOI Engineers/TIFF/JPEG XL
/Volumes/JordanExternalDrive4	TIFF	/Volumes/JordanExternalDrive4/Pictures/2024/2024-12-18 Garret Enriquez/TIFF
/Volumes/JordanExternalDrive4	Cam_Evoto, TIFF	/Volumes/JordanExternalDrive4/Pictures/2024/2024-12-18 Garret Enriquez/TIFF/Cam_Evoto
/Volumes/JordanExternalDrive4	Cam_Evoto, JPEG XL, TIFF	/Volumes/JordanExternalDrive4/Pictures/2024/2024-12-18 Garret Enriquez/TIFF/Cam_Evoto/JPEG XL
/Volumes/JordanExternalDrive4	JPEG XL, TIFF	/Volumes/JordanExternalDrive4/Pictures/2024/2024-12-18 Garret Enriquez/TIFF/JPEG XL
/Volumes/JordanExternalDrive4	Cam_Evoto	/Volumes/JordanExternalDrive4/Pictures/2024/2024-12-19 Katie Scott Cowgirl/Concept 1/Cam_Evoto
/Volumes/JordanExternalDrive4	Cam_Evoto, JPEG XL	/Volumes/JordanExternalDrive4/Pictures/2024/2024-12-19 Katie Scott Cowgirl/Concept 1/Cam_Evoto/JPEG XL
/Volumes/JordanExternalDrive4	Cam_Evoto, JPEG XL	/Volumes/JordanExternalDrive4/Pictures/2024/2024-12-19 Katie Scott Cowgirl/Concept 1/Cam_Evoto/Katie Trailer ig/JPEG XL
/Volumes/JordanExternalDrive4	TIFF	/Volumes/JordanExternalDrive4/Pictures/2024/2024-12-19 Katie Scott Cowgirl/Concept 2/TIFF
/Volumes/JordanExternalDrive4	Cam_Evoto, TIFF	/Volumes/JordanExternalDrive4/Pictures/2024/2024-12-19 Katie Scott Cowgirl/Concept 2/TIFF/Cam_Evoto
/Volumes/JordanExternalDrive4	Cam_Evoto, JPEG XL, TIFF	/Volumes/JordanExternalDrive4/Pictures/2024/2024-12-19 Katie Scott Cowgirl/Concept 2/TIFF/Cam_Evoto/IG/JPEG XL
/Volumes/JordanExternalDrive4	Cam_Evoto, JPEG XL, TIFF	/Volumes/JordanExternalDrive4/Pictures/2024/2024-12-19 Katie Scott Cowgirl/Concept 2/TIFF/Cam_Evoto/JPEG XL
/Volumes/JordanExternalDrive4	JPEG XL, TIFF	/Volumes/JordanExternalDrive4/Pictures/2024/2024-12-19 Katie Scott Cowgirl/Concept 2/TIFF/JPEG XL
/Volumes/JordanExternalDrive4	JPEG XL	/Volumes/JordanExternalDrive4/Pictures/2024/2024-12-19 Katie Scott Cowgirl/Concept 3/JPEG XL
/Volumes/JordanExternalDrive4	Cam_Evoto	/Volumes/JordanExternalDrive4/Pictures/2024/2024-12-19 Katie Scott Cowgirl/Concept 5/Cam_Evoto
/Volumes/JordanExternalDrive4	Cam_Evoto, JPEG XL	/Volumes/JordanExternalDrive4/Pictures/2024/2024-12-19 Katie Scott Cowgirl/Concept 5/Cam_Evoto/JPEG XL
/Volumes/JordanExternalDrive4	TIFF	/Volumes/JordanExternalDrive4/Pictures/2024/2024-12-19 Katie Scott Cowgirl/Concept 6/TIFF
/Volumes/JordanExternalDrive4	Cam_Evoto, TIFF	/Volumes/JordanExternalDrive4/Pictures/2024/2024-12-19 Katie Scott Cowgirl/Concept 6/TIFF/Cam_Evoto
/Volumes/JordanExternalDrive4	Cam_Evoto, JPEG XL, TIFF	/Volumes/JordanExternalDrive4/Pictures/2024/2024-12-19 Katie Scott Cowgirl/Concept 6/TIFF/Cam_Evoto/JPEG XL
/Volumes/JordanExternalDrive4	JPEG XL, TIFF	/Volumes/JordanExternalDrive4/Pictures/2024/2024-12-19 Katie Scott Cowgirl/Concept 6/TIFF/JPEG XL
/Volumes/JordanExternalDrive4	TIFF	/Volumes/JordanExternalDrive4/Pictures/2024/2024-12-28 Mindy/TIFF
/Volumes/JordanExternalDrive4	Cam_Evoto, TIFF	/Volumes/JordanExternalDrive4/Pictures/2024/2024-12-28 Mindy/TIFF/Cam_Evoto
/Volumes/JordanExternalDrive4	Cam_Evoto, JPEG XL, TIFF	/Volumes/JordanExternalDrive4/Pictures/2024/2024-12-28 Mindy/TIFF/Cam_Evoto/JPEG XL
/Volumes/JordanExternalDrive4	Cam_Evoto, TIFF	/Volumes/JordanExternalDrive4/Pictures/2024/2024-12-28 Mindy/TIFF/Cam_Evoto/TIFF
/Volumes/JordanExternalDrive4	Cam_Evoto, TIFF	/Volumes/JordanExternalDrive4/Pictures/2024/2024-12-28 Mindy/TIFF/Cam_Evoto/TIFF/Cam_Evoto
/Volumes/JordanExternalDrive4	Cam_Evoto, JPEG XL, TIFF	/Volumes/JordanExternalDrive4/Pictures/2024/2024-12-28 Mindy/TIFF/Cam_Evoto/TIFF/Cam_Evoto/JPEG XL
/Volumes/JordanExternalDrive4	Cam_Evoto, JPEG XL, TIFF	/Volumes/JordanExternalDrive4/Pictures/2024/2024-12-28 Mindy/TIFF/Cam_Evoto/TIFF/JPEG XL
/Volumes/JordanExternalDrive4	JPEG XL, TIFF	/Volumes/JordanExternalDrive4/Pictures/2024/2024-12-28 Mindy/TIFF/JPEG XL
/Volumes/JordanExternalDrive4	TIFF	/Volumes/JordanExternalDrive4/Pictures/2024/2024-12-30 Orlando Raya Fam/Concept 1/Fam/TIFF
/Volumes/JordanExternalDrive4	JPEG XL, TIFF	/Volumes/JordanExternalDrive4/Pictures/2024/2024-12-30 Orlando Raya Fam/Concept 1/Fam/TIFF/JPEG XL
/Volumes/JordanExternalDrive4	TIFF	/Volumes/JordanExternalDrive4/Pictures/2024/2024-12-30 Orlando Raya Fam/Concept 1/Solo/TIFF
/Volumes/JordanExternalDrive4	Cam_Evoto, TIFF	/Volumes/JordanExternalDrive4/Pictures/2024/2024-12-30 Orlando Raya Fam/Concept 1/Solo/TIFF/Cam_Evoto
/Volumes/JordanExternalDrive4	Cam_Evoto, JPEG XL, TIFF	/Volumes/JordanExternalDrive4/Pictures/2024/2024-12-30 Orlando Raya Fam/Concept 1/Solo/TIFF/Cam_Evoto/JPEG XL
/Volumes/JordanExternalDrive4	JPEG XL, TIFF	/Volumes/JordanExternalDrive4/Pictures/2024/2024-12-30 Orlando Raya Fam/Concept 1/Solo/TIFF/JPEG XL
/Volumes/JordanExternalDrive4	TIFF	/Volumes/JordanExternalDrive4/Pictures/2024/2024-12-30 Orlando Raya Fam/Concept 2/TIFF
/Volumes/JordanExternalDrive4	Cam_Evoto, TIFF	/Volumes/JordanExternalDrive4/Pictures/2024/2024-12-30 Orlando Raya Fam/Concept 2/TIFF/Cam_Evoto
/Volumes/JordanExternalDrive4	Cam_Evoto, JPEG XL, TIFF	/Volumes/JordanExternalDrive4/Pictures/2024/2024-12-30 Orlando Raya Fam/Concept 2/TIFF/Cam_Evoto/JPEG XL
/Volumes/JordanExternalDrive4	JPEG XL, TIFF	/Volumes/JordanExternalDrive4/Pictures/2024/2024-12-30 Orlando Raya Fam/Concept 2/TIFF/JPEG XL
/Volumes/JordanExternalDrive4	Edited	/Volumes/JordanExternalDrive4/Pictures/2024/2024-12-30 Orlando Raya Fam/Concept 3/Edited
/Volumes/JordanExternalDrive4	Cam_Evoto, Edited	/Volumes/JordanExternalDrive4/Pictures/2024/2024-12-30 Orlando Raya Fam/Concept 3/Edited/Cam_Evoto
/Volumes/JordanExternalDrive4	TIFF	/Volumes/JordanExternalDrive4/Pictures/2024/2024-12-30 Orlando Raya Fam/Concept 3/TIFF
/Volumes/JordanExternalDrive4	Cam_Evoto, TIFF	/Volumes/JordanExternalDrive4/Pictures/2024/2024-12-30 Orlando Raya Fam/Concept 3/TIFF/Cam_Evoto
/Volumes/JordanExternalDrive4	Cam_Evoto, JPEG XL, TIFF	/Volumes/JordanExternalDrive4/Pictures/2024/2024-12-30 Orlando Raya Fam/Concept 3/TIFF/Cam_Evoto/JPEG XL
/Volumes/JordanExternalDrive4	JPEG XL, TIFF	/Volumes/JordanExternalDrive4/Pictures/2024/2024-12-30 Orlando Raya Fam/Concept 3/TIFF/JPEG XL
/Volumes/JordanExternalDrive4	TIFF	/Volumes/JordanExternalDrive4/Pictures/2024/2024-12-30 Orlando Raya Fam/Concept 4/TIFF
/Volumes/JordanExternalDrive4	Cam_Evoto, TIFF	/Volumes/JordanExternalDrive4/Pictures/2024/2024-12-30 Orlando Raya Fam/Concept 4/TIFF/Cam_Evoto
/Volumes/JordanExternalDrive4	Cam_Evoto, JPEG XL, TIFF	/Volumes/JordanExternalDrive4/Pictures/2024/2024-12-30 Orlando Raya Fam/Concept 4/TIFF/Cam_Evoto/JPEG XL
/Volumes/JordanExternalDrive4	JPEG XL, TIFF	/Volumes/JordanExternalDrive4/Pictures/2024/2024-12-30 Orlando Raya Fam/Concept 4/TIFF/JPEG XL
/Volumes/JordanExternalDrive4	JPEG XL	/Volumes/JordanExternalDrive4/Pictures/2024/2025-01-03 The Pointe/Enhacned/JPEG XL
/Volumes/JordanExternalDrive4	TIFF	/Volumes/JordanExternalDrive4/Pictures/2025/2025-01-04 Fernanda & Enrique/Couple/TIFF
/Volumes/JordanExternalDrive4	JPEG XL, TIFF	/Volumes/JordanExternalDrive4/Pictures/2025/2025-01-04 Fernanda & Enrique/Couple/TIFF/JPEG XL
/Volumes/JordanExternalDrive4	TIFF	/Volumes/JordanExternalDrive4/Pictures/2025/2025-01-08 Elzar/TIFF
/Volumes/JordanExternalDrive4	Cam_Evoto, TIFF	/Volumes/JordanExternalDrive4/Pictures/2025/2025-01-08 Elzar/TIFF/Cam_Evoto
/Volumes/JordanExternalDrive4	Cam_Evoto, JPEG XL, TIFF	/Volumes/JordanExternalDrive4/Pictures/2025/2025-01-08 Elzar/TIFF/Cam_Evoto/JPEG XL
/Volumes/JordanExternalDrive4	JPEG XL, TIFF	/Volumes/JordanExternalDrive4/Pictures/2025/2025-01-08 Elzar/TIFF/JPEG XL
/Volumes/JordanExternalDrive4	TIFF	/Volumes/JordanExternalDrive4/Pictures/2025/2025-01-11 Francisco, Ale y las Niñas/Concept  1/TIFF
/Volumes/JordanExternalDrive4	TIFF	/Volumes/JordanExternalDrive4/Pictures/2025/2025-01-11 Francisco, Ale y las Niñas/Concept  3/TIFF
/Volumes/JordanExternalDrive4	TIFF	/Volumes/JordanExternalDrive4/Pictures/2025/2025-01-11 Francisco, Ale y las Niñas/Concept  5/TIFF
/Volumes/JordanExternalDrive4	TIFF	/Volumes/JordanExternalDrive4/Pictures/2025/2025-01-11 Francisco, Ale y las Niñas/Concept  6/TIFF 2
/Volumes/JordanExternalDrive4	Cam_Evoto, TIFF	/Volumes/JordanExternalDrive4/Pictures/2025/2025-01-11 Francisco, Ale y las Niñas/Concept  6/TIFF 2/Cam_Evoto
/Volumes/JordanExternalDrive4	TIFF	/Volumes/JordanExternalDrive4/Pictures/2025/2025-01-11 Francisco, Ale y las Niñas/Concept  7/TIFF
/Volumes/JordanExternalDrive4	TIFF	/Volumes/JordanExternalDrive4/Pictures/2025/2025-01-17 Marcel/TIFF
/Volumes/JordanExternalDrive4	Cam_Evoto, TIFF	/Volumes/JordanExternalDrive4/Pictures/2025/2025-01-17 Marcel/TIFF/Cam_Evoto
/Volumes/JordanExternalDrive4	Cam_Evoto, JPEG XL, TIFF	/Volumes/JordanExternalDrive4/Pictures/2025/2025-01-17 Marcel/TIFF/Cam_Evoto/3rd/JPEG XL
/Volumes/JordanExternalDrive4	Cam_Evoto, JPEG XL, TIFF	/Volumes/JordanExternalDrive4/Pictures/2025/2025-01-17 Marcel/TIFF/Cam_Evoto/JPEG XL
/Volumes/JordanExternalDrive4	JPEG XL, TIFF	/Volumes/JordanExternalDrive4/Pictures/2025/2025-01-17 Marcel/TIFF/JPEG XL
/Volumes/JordanExternalDrive4	TIFF	/Volumes/JordanExternalDrive4/Pictures/2025/2025-01-21 The City Mag - El Paso film/ERIN TIFF
/Volumes/JordanExternalDrive4	Cam_Evoto, TIFF	/Volumes/JordanExternalDrive4/Pictures/2025/2025-01-21 The City Mag - El Paso film/ERIN TIFF/Cam_Evoto
/Volumes/JordanExternalDrive4	Cam_Evoto, JPEG XL, TIFF	/Volumes/JordanExternalDrive4/Pictures/2025/2025-01-21 The City Mag - El Paso film/ERIN TIFF/Cam_Evoto/JPEG XL
/Volumes/JordanExternalDrive4	JPEG XL, TIFF	/Volumes/JordanExternalDrive4/Pictures/2025/2025-01-21 The City Mag - El Paso film/ERIN TIFF/JPEG XL
/Volumes/JordanExternalDrive4	TIFF	/Volumes/JordanExternalDrive4/Pictures/2025/2025-01-21 The City Mag - El Paso film/TIFF
/Volumes/JordanExternalDrive4	Cam_Evoto, TIFF	/Volumes/JordanExternalDrive4/Pictures/2025/2025-01-21 The City Mag - El Paso film/TIFF/Cam_Evoto
/Volumes/JordanExternalDrive4	Cam_Evoto, JPEG XL, TIFF	/Volumes/JordanExternalDrive4/Pictures/2025/2025-01-21 The City Mag - El Paso film/TIFF/Cam_Evoto/JPEG XL
/Volumes/JordanExternalDrive4	JPEG XL, TIFF	/Volumes/JordanExternalDrive4/Pictures/2025/2025-01-21 The City Mag - El Paso film/TIFF/JPEG XL
/Volumes/JordanExternalDrive4	JPEG XL	/Volumes/JordanExternalDrive4/Pictures/2025/2025-01-31 Sun City/JPEG XL
/Volumes/JordanExternalDrive4	TIFF	/Volumes/JordanExternalDrive4/Pictures/2025/2025-02-07 Gia/Concept 1/TIFF
/Volumes/JordanExternalDrive4	Cam_Evoto, TIFF	/Volumes/JordanExternalDrive4/Pictures/2025/2025-02-07 Gia/Concept 1/TIFF/Cam_Evoto
/Volumes/JordanExternalDrive4	Cam_Evoto, JPEG XL, TIFF	/Volumes/JordanExternalDrive4/Pictures/2025/2025-02-07 Gia/Concept 1/TIFF/Cam_Evoto/JPEG XL
/Volumes/JordanExternalDrive4	JPEG XL, TIFF	/Volumes/JordanExternalDrive4/Pictures/2025/2025-02-07 Gia/Concept 1/TIFF/JPEG XL
/Volumes/JordanExternalDrive4	TIFF	/Volumes/JordanExternalDrive4/Pictures/2025/2025-02-07 Gia/Concept 1/TIFF/TIFF 2
/Volumes/JordanExternalDrive4	JPEG XL, TIFF	/Volumes/JordanExternalDrive4/Pictures/2025/2025-02-07 Gia/Concept 1/TIFF/TIFF 2/JPEG XL
/Volumes/JordanExternalDrive4	TIFF	/Volumes/JordanExternalDrive4/Pictures/2025/2025-02-07 Gia/Concept 2/TIFF
/Volumes/JordanExternalDrive4	Cam_Evoto, TIFF	/Volumes/JordanExternalDrive4/Pictures/2025/2025-02-07 Gia/Concept 2/TIFF/Cam_Evoto
/Volumes/JordanExternalDrive4	Cam_Evoto, JPEG XL, TIFF	/Volumes/JordanExternalDrive4/Pictures/2025/2025-02-07 Gia/Concept 2/TIFF/Cam_Evoto/JPEG XL
/Volumes/JordanExternalDrive4	JPEG XL, TIFF	/Volumes/JordanExternalDrive4/Pictures/2025/2025-02-07 Gia/Concept 2/TIFF/JPEG XL
/Volumes/JordanExternalDrive4	TIFF	/Volumes/JordanExternalDrive4/Pictures/2025/2025-02-07 Gia/Concept 3/TIFF
/Volumes/JordanExternalDrive4	Cam_Evoto, TIFF	/Volumes/JordanExternalDrive4/Pictures/2025/2025-02-07 Gia/Concept 3/TIFF/Cam_Evoto
/Volumes/JordanExternalDrive4	Cam_Evoto, JPEG XL, TIFF	/Volumes/JordanExternalDrive4/Pictures/2025/2025-02-07 Gia/Concept 3/TIFF/Cam_Evoto/JPEG XL
/Volumes/JordanExternalDrive4	JPEG XL, TIFF	/Volumes/JordanExternalDrive4/Pictures/2025/2025-02-07 Gia/Concept 3/TIFF/JPEG XL
/Volumes/JordanExternalDrive4	TIFF	/Volumes/JordanExternalDrive4/Pictures/2025/2025-02-08/Ana V/Outfi 1/TIFF
/Volumes/JordanExternalDrive4	Cam_Evoto, TIFF	/Volumes/JordanExternalDrive4/Pictures/2025/2025-02-08/Ana V/Outfi 1/TIFF/Cam_Evoto
/Volumes/JordanExternalDrive4	Cam_Evoto, JPEG XL, TIFF	/Volumes/JordanExternalDrive4/Pictures/2025/2025-02-08/Ana V/Outfi 1/TIFF/Cam_Evoto/JPEG XL
/Volumes/JordanExternalDrive4	JPEG XL, TIFF	/Volumes/JordanExternalDrive4/Pictures/2025/2025-02-08/Ana V/Outfi 1/TIFF/JPEG XL
/Volumes/JordanExternalDrive4	TIFF	/Volumes/JordanExternalDrive4/Pictures/2025/2025-02-08/Ana V/Outfit 2/TIFF
/Volumes/JordanExternalDrive4	Cam_Evoto, TIFF	/Volumes/JordanExternalDrive4/Pictures/2025/2025-02-08/Ana V/Outfit 2/TIFF/Cam_Evoto
/Volumes/JordanExternalDrive4	Cam_Evoto, JPEG XL, TIFF	/Volumes/JordanExternalDrive4/Pictures/2025/2025-02-08/Ana V/Outfit 2/TIFF/Cam_Evoto/JPEG XL
/Volumes/JordanExternalDrive4	JPEG XL, TIFF	/Volumes/JordanExternalDrive4/Pictures/2025/2025-02-08/Ana V/Outfit 2/TIFF/JPEG XL
/Volumes/JordanExternalDrive4	TIFF	/Volumes/JordanExternalDrive4/Pictures/2025/2025-02-08/Ana/Concept 1/TIFF
/Volumes/JordanExternalDrive4	Cam_Evoto, TIFF	/Volumes/JordanExternalDrive4/Pictures/2025/2025-02-08/Ana/Concept 1/TIFF/Cam_Evoto
/Volumes/JordanExternalDrive4	Cam_Evoto, JPEG XL, TIFF	/Volumes/JordanExternalDrive4/Pictures/2025/2025-02-08/Ana/Concept 1/TIFF/Cam_Evoto/JPEG XL
/Volumes/JordanExternalDrive4	JPEG XL, TIFF	/Volumes/JordanExternalDrive4/Pictures/2025/2025-02-08/Ana/Concept 1/TIFF/JPEG XL
/Volumes/JordanExternalDrive4	TIFF	/Volumes/JordanExternalDrive4/Pictures/2025/2025-02-08/Ana/Concept 2/TIFF
/Volumes/JordanExternalDrive4	Cam_Evoto, TIFF	/Volumes/JordanExternalDrive4/Pictures/2025/2025-02-08/Ana/Concept 2/TIFF/Cam_Evoto
/Volumes/JordanExternalDrive4	Cam_Evoto, JPEG XL, TIFF	/Volumes/JordanExternalDrive4/Pictures/2025/2025-02-08/Ana/Concept 2/TIFF/Cam_Evoto/JPEG XL
/Volumes/JordanExternalDrive4	JPEG XL, TIFF	/Volumes/JordanExternalDrive4/Pictures/2025/2025-02-08/Ana/Concept 2/TIFF/JPEG XL
/Volumes/JordanExternalDrive4	TIFF	/Volumes/JordanExternalDrive4/Pictures/2025/2025-02-08/Ana/Concept 3/TIFF
/Volumes/JordanExternalDrive4	Cam_Evoto, TIFF	/Volumes/JordanExternalDrive4/Pictures/2025/2025-02-08/Ana/Concept 3/TIFF/Cam_Evoto
/Volumes/JordanExternalDrive4	Cam_Evoto, JPEG XL, TIFF	/Volumes/JordanExternalDrive4/Pictures/2025/2025-02-08/Ana/Concept 3/TIFF/Cam_Evoto/JPEG XL
/Volumes/JordanExternalDrive4	JPEG XL, TIFF	/Volumes/JordanExternalDrive4/Pictures/2025/2025-02-08/Ana/Concept 3/TIFF/JPEG XL
/Volumes/JordanExternalDrive4	TIFF	/Volumes/JordanExternalDrive4/Pictures/2025/2025-02-08/Brenda/Outfit 1/TIFF
/Volumes/JordanExternalDrive4	Cam_Evoto, TIFF	/Volumes/JordanExternalDrive4/Pictures/2025/2025-02-08/Brenda/Outfit 1/TIFF/Cam_Evoto
/Volumes/JordanExternalDrive4	Cam_Evoto, JPEG XL, TIFF	/Volumes/JordanExternalDrive4/Pictures/2025/2025-02-08/Brenda/Outfit 1/TIFF/Cam_Evoto/JPEG XL
/Volumes/JordanExternalDrive4	JPEG XL, TIFF	/Volumes/JordanExternalDrive4/Pictures/2025/2025-02-08/Brenda/Outfit 1/TIFF/JPEG XL
/Volumes/JordanExternalDrive4	TIFF	/Volumes/JordanExternalDrive4/Pictures/2025/2025-02-08/Brenda/Outfit 2/TIFF
/Volumes/JordanExternalDrive4	Cam_Evoto, TIFF	/Volumes/JordanExternalDrive4/Pictures/2025/2025-02-08/Brenda/Outfit 2/TIFF/Cam_Evoto
/Volumes/JordanExternalDrive4	Cam_Evoto, TIFF	/Volumes/JordanExternalDrive4/Pictures/2025/2025-02-08/Brenda/Outfit 2/TIFF/Cam_Evoto/Cam_Evoto
/Volumes/JordanExternalDrive4	Cam_Evoto, JPEG XL, TIFF	/Volumes/JordanExternalDrive4/Pictures/2025/2025-02-08/Brenda/Outfit 2/TIFF/Cam_Evoto/JPEG XL
/Volumes/JordanExternalDrive4	JPEG XL, TIFF	/Volumes/JordanExternalDrive4/Pictures/2025/2025-02-08/Brenda/Outfit 2/TIFF/JPEG XL
/Volumes/JordanExternalDrive4	TIFF	/Volumes/JordanExternalDrive4/Pictures/2025/2025-02-08/Denise/Outfit 1/TIFF
/Volumes/JordanExternalDrive4	Cam_Evoto, TIFF	/Volumes/JordanExternalDrive4/Pictures/2025/2025-02-08/Denise/Outfit 1/TIFF/Cam_Evoto
/Volumes/JordanExternalDrive4	Cam_Evoto, JPEG XL, TIFF	/Volumes/JordanExternalDrive4/Pictures/2025/2025-02-08/Denise/Outfit 1/TIFF/Cam_Evoto/JPEG XL
/Volumes/JordanExternalDrive4	JPEG XL, TIFF	/Volumes/JordanExternalDrive4/Pictures/2025/2025-02-08/Denise/Outfit 1/TIFF/JPEG XL
/Volumes/JordanExternalDrive4	TIFF	/Volumes/JordanExternalDrive4/Pictures/2025/2025-02-08/Denise/Outfit 2/TIFF
/Volumes/JordanExternalDrive4	Cam_Evoto, TIFF	/Volumes/JordanExternalDrive4/Pictures/2025/2025-02-08/Denise/Outfit 2/TIFF/Cam_Evoto
/Volumes/JordanExternalDrive4	Cam_Evoto, JPEG XL, TIFF	/Volumes/JordanExternalDrive4/Pictures/2025/2025-02-08/Denise/Outfit 2/TIFF/Cam_Evoto/JPEG XL
/Volumes/JordanExternalDrive4	JPEG XL, TIFF	/Volumes/JordanExternalDrive4/Pictures/2025/2025-02-08/Denise/Outfit 2/TIFF/JPEG XL
/Volumes/JordanExternalDrive4	TIFF	/Volumes/JordanExternalDrive4/Pictures/2025/2025-02-08/Denise/Outfit 3/TIFF
/Volumes/JordanExternalDrive4	Cam_Evoto, TIFF	/Volumes/JordanExternalDrive4/Pictures/2025/2025-02-08/Denise/Outfit 3/TIFF/Cam_Evoto
/Volumes/JordanExternalDrive4	Cam_Evoto, JPEG XL, TIFF	/Volumes/JordanExternalDrive4/Pictures/2025/2025-02-08/Denise/Outfit 3/TIFF/Cam_Evoto/JPEG XL
/Volumes/JordanExternalDrive4	JPEG XL, TIFF	/Volumes/JordanExternalDrive4/Pictures/2025/2025-02-08/Denise/Outfit 3/TIFF/JPEG XL
/Volumes/JordanExternalDrive4	TIFF	/Volumes/JordanExternalDrive4/Pictures/2025/2025-02-08/Gilda/Outfit 1/TIFF
/Volumes/JordanExternalDrive4	Cam_Evoto, TIFF	/Volumes/JordanExternalDrive4/Pictures/2025/2025-02-08/Gilda/Outfit 1/TIFF/Cam_Evoto
/Volumes/JordanExternalDrive4	Cam_Evoto, JPEG XL, TIFF	/Volumes/JordanExternalDrive4/Pictures/2025/2025-02-08/Gilda/Outfit 1/TIFF/Cam_Evoto/JPEG XL
/Volumes/JordanExternalDrive4	JPEG XL, TIFF	/Volumes/JordanExternalDrive4/Pictures/2025/2025-02-08/Gilda/Outfit 1/TIFF/JPEG XL
/Volumes/JordanExternalDrive4	TIFF	/Volumes/JordanExternalDrive4/Pictures/2025/2025-02-08/Gilda/Outfit 2/TIFF
/Volumes/JordanExternalDrive4	Cam_Evoto, TIFF	/Volumes/JordanExternalDrive4/Pictures/2025/2025-02-08/Gilda/Outfit 2/TIFF/Cam_Evoto
/Volumes/JordanExternalDrive4	Cam_Evoto, JPEG XL, TIFF	/Volumes/JordanExternalDrive4/Pictures/2025/2025-02-08/Gilda/Outfit 2/TIFF/Cam_Evoto/JPEG XL
/Volumes/JordanExternalDrive4	JPEG XL, TIFF	/Volumes/JordanExternalDrive4/Pictures/2025/2025-02-08/Gilda/Outfit 2/TIFF/JPEG XL
/Volumes/JordanExternalDrive4	Cam_Evoto	/Volumes/JordanExternalDrive4/Pictures/2025/2025-02-11 Katie & Nathan/Concept 1/2. Katie/Cam_Evoto
/Volumes/JordanExternalDrive4	Cam_Evoto, JPEG XL	/Volumes/JordanExternalDrive4/Pictures/2025/2025-02-11 Katie & Nathan/Concept 1/2. Katie/Cam_Evoto/IG/JPEG XL
/Volumes/JordanExternalDrive4	Cam_Evoto, JPEG XL	/Volumes/JordanExternalDrive4/Pictures/2025/2025-02-11 Katie & Nathan/Concept 1/2. Katie/Cam_Evoto/JPEG XL
/Volumes/JordanExternalDrive4	JPEG XL	/Volumes/JordanExternalDrive4/Pictures/2025/2025-02-11 Katie & Nathan/Concept 1/3. Jordan Katie & Nathan/JPEG XL
/Volumes/JordanExternalDrive4	Cam_Evoto	/Volumes/JordanExternalDrive4/Pictures/2025/2025-02-11 Katie & Nathan/Concept 2/1. Katie/3/Cam_Evoto
/Volumes/JordanExternalDrive4	Cam_Evoto, JPEG XL	/Volumes/JordanExternalDrive4/Pictures/2025/2025-02-11 Katie & Nathan/Concept 2/1. Katie/3/Cam_Evoto/JPEG XL
/Volumes/JordanExternalDrive4	JPEG XL	/Volumes/JordanExternalDrive4/Pictures/2025/2025-02-11 Katie & Nathan/Concept 2/1. Katie/3/JPEG XL
/Volumes/JordanExternalDrive4	TIFF	/Volumes/JordanExternalDrive4/Pictures/2025/2025-02-11 Katie & Nathan/Concept 2/1. Katie/TIFF
/Volumes/JordanExternalDrive4	JPEG XL, TIFF	/Volumes/JordanExternalDrive4/Pictures/2025/2025-02-11 Katie & Nathan/Concept 2/1. Katie/TIFF/JPEG XL
/Volumes/JordanExternalDrive4	Cam_Evoto	/Volumes/JordanExternalDrive4/Pictures/2025/2025-02-11 Katie & Nathan/Concept 2/3. Katie/3/Cam_Evoto
/Volumes/JordanExternalDrive4	Cam_Evoto, JPEG XL	/Volumes/JordanExternalDrive4/Pictures/2025/2025-02-11 Katie & Nathan/Concept 2/3. Katie/3/Cam_Evoto/JPEG XL
/Volumes/JordanExternalDrive4	JPEG XL	/Volumes/JordanExternalDrive4/Pictures/2025/2025-02-11 Katie & Nathan/Concept 2/3. Katie/3/JPEG XL
/Volumes/JordanExternalDrive4	TIFF	/Volumes/JordanExternalDrive4/Pictures/2025/2025-02-11 Katie & Nathan/Concept 2/3. Nathan/TIFF
/Volumes/JordanExternalDrive4	JPEG XL, TIFF	/Volumes/JordanExternalDrive4/Pictures/2025/2025-02-11 Katie & Nathan/Concept 2/3. Nathan/TIFF/JPEG XL
/Volumes/JordanExternalDrive4	TIFF	/Volumes/JordanExternalDrive4/Pictures/2025/2025-02-11 Katie & Nathan/Concept 4/1. Katie/1. Hat/TIFF
/Volumes/JordanExternalDrive4	Cam_Evoto, TIFF	/Volumes/JordanExternalDrive4/Pictures/2025/2025-02-11 Katie & Nathan/Concept 4/1. Katie/1. Hat/TIFF/Cam_Evoto
/Volumes/JordanExternalDrive4	JPEG XL, TIFF	/Volumes/JordanExternalDrive4/Pictures/2025/2025-02-11 Katie & Nathan/Concept 4/1. Katie/1. Hat/TIFF/JPEG XL
/Volumes/JordanExternalDrive4	Cam_Evoto	/Volumes/JordanExternalDrive4/Pictures/2025/2025-02-11 Katie & Nathan/Concept 4/1. Katie/1. No Hat/Cam_Evoto
/Volumes/JordanExternalDrive4	TIFF	/Volumes/JordanExternalDrive4/Pictures/2025/2025-02-11 Katie & Nathan/Concept 4/1. Katie/1. No Hat/TIFF
/Volumes/JordanExternalDrive4	Cam_Evoto, TIFF	/Volumes/JordanExternalDrive4/Pictures/2025/2025-02-11 Katie & Nathan/Concept 4/1. Katie/1. No Hat/TIFF/Cam_Evoto
/Volumes/JordanExternalDrive4	JPEG XL, TIFF	/Volumes/JordanExternalDrive4/Pictures/2025/2025-02-11 Katie & Nathan/Concept 4/1. Katie/1. No Hat/TIFF/JPEG XL
/Volumes/JordanExternalDrive4	JPEG XL	/Volumes/JordanExternalDrive4/Pictures/2025/2025-02-13/JPEG XL
/Volumes/JordanExternalDrive4	TIFF	/Volumes/JordanExternalDrive4/Pictures/2025/2025-02-17 Scheafer Fam/Concept 1/TIFF
/Volumes/JordanExternalDrive4	Cam_Evoto, TIFF	/Volumes/JordanExternalDrive4/Pictures/2025/2025-02-17 Scheafer Fam/Concept 1/TIFF/Cam_Evoto
/Volumes/JordanExternalDrive4	Cam_Evoto, JPEG XL, TIFF	/Volumes/JordanExternalDrive4/Pictures/2025/2025-02-17 Scheafer Fam/Concept 1/TIFF/Cam_Evoto/JPEG XL
/Volumes/JordanExternalDrive4	JPEG XL, TIFF	/Volumes/JordanExternalDrive4/Pictures/2025/2025-02-17 Scheafer Fam/Concept 1/TIFF/JPEG XL
/Volumes/JordanExternalDrive4	TIFF	/Volumes/JordanExternalDrive4/Pictures/2025/2025-02-17 Scheafer Fam/Concept 2/TIFF
/Volumes/JordanExternalDrive4	Cam_Evoto, TIFF	/Volumes/JordanExternalDrive4/Pictures/2025/2025-02-17 Scheafer Fam/Concept 2/TIFF/Cam_Evoto
/Volumes/JordanExternalDrive4	Cam_Evoto, JPEG XL, TIFF	/Volumes/JordanExternalDrive4/Pictures/2025/2025-02-17 Scheafer Fam/Concept 2/TIFF/Cam_Evoto/JPEG XL
/Volumes/JordanExternalDrive4	JPEG XL, TIFF	/Volumes/JordanExternalDrive4/Pictures/2025/2025-02-17 Scheafer Fam/Concept 2/TIFF/JPEG XL
/Volumes/JordanExternalDrive4	TIFF	/Volumes/JordanExternalDrive4/Pictures/2025/2025-02-17 Scheafer Fam/Concept 3/TIFF
/Volumes/JordanExternalDrive4	Cam_Evoto, TIFF	/Volumes/JordanExternalDrive4/Pictures/2025/2025-02-17 Scheafer Fam/Concept 3/TIFF/Cam_Evoto
/Volumes/JordanExternalDrive4	Cam_Evoto, JPEG XL, TIFF	/Volumes/JordanExternalDrive4/Pictures/2025/2025-02-17 Scheafer Fam/Concept 3/TIFF/Cam_Evoto/JPEG XL
/Volumes/JordanExternalDrive4	JPEG XL, TIFF	/Volumes/JordanExternalDrive4/Pictures/2025/2025-02-17 Scheafer Fam/Concept 3/TIFF/JPEG XL
/Volumes/JordanExternalDrive4	TIFF	/Volumes/JordanExternalDrive4/Pictures/2025/2025-02-19 Lotus/TIFF
/Volumes/JordanExternalDrive4	JPEG XL, TIFF	/Volumes/JordanExternalDrive4/Pictures/2025/2025-02-19 Lotus/TIFF/JPEG XL
/Volumes/JordanExternalDrive4	TIFF	/Volumes/JordanExternalDrive4/Pictures/2025/2025-02-20 Sun City USA/TIFF Katie
/Volumes/JordanExternalDrive4	Cam_Evoto, TIFF	/Volumes/JordanExternalDrive4/Pictures/2025/2025-02-20 Sun City USA/TIFF Katie/Cam_Evoto
/Volumes/JordanExternalDrive4	Cam_Evoto, JPEG XL, TIFF	/Volumes/JordanExternalDrive4/Pictures/2025/2025-02-20 Sun City USA/TIFF Katie/Cam_Evoto/JPEG XL
/Volumes/JordanExternalDrive4	JPEG XL, TIFF	/Volumes/JordanExternalDrive4/Pictures/2025/2025-02-20 Sun City USA/TIFF Katie/JPEG XL
/Volumes/JordanExternalDrive4	JPEG XL	/Volumes/JordanExternalDrive4/Pictures/2025/2025-02-20/JPEG XL
/Volumes/JordanExternalDrive4	TIFF	/Volumes/JordanExternalDrive4/Pictures/2025/2025-02-21 Sun City USA/TIFF
/Volumes/JordanExternalDrive4	Cam_Evoto, TIFF	/Volumes/JordanExternalDrive4/Pictures/2025/2025-02-21 Sun City USA/TIFF/Cam_Evoto
/Volumes/JordanExternalDrive4	Cam_Evoto, JPEG XL, TIFF	/Volumes/JordanExternalDrive4/Pictures/2025/2025-02-21 Sun City USA/TIFF/Cam_Evoto/JPEG XL
/Volumes/JordanExternalDrive4	JPEG XL, TIFF	/Volumes/JordanExternalDrive4/Pictures/2025/2025-02-21 Sun City USA/TIFF/JPEG XL
/Volumes/JordanExternalDrive4	JPEG XL	/Volumes/JordanExternalDrive4/Pictures/2025/2025-02-21/JPEG XL
/Volumes/JordanExternalDrive4	TIFF	/Volumes/JordanExternalDrive4/Pictures/2025/2025-02-22 West Texas Pain Institute/2025-02-15 West Texas Pain Institute/1. Lucia C. Fisher/TIFF
/Volumes/JordanExternalDrive4	Cam_Evoto, TIFF	/Volumes/JordanExternalDrive4/Pictures/2025/2025-02-22 West Texas Pain Institute/2025-02-15 West Texas Pain Institute/1. Lucia C. Fisher/TIFF/Cam_Evoto
/Volumes/JordanExternalDrive4	Cam_Evoto, JPEG XL, TIFF	/Volumes/JordanExternalDrive4/Pictures/2025/2025-02-22 West Texas Pain Institute/2025-02-15 West Texas Pain Institute/1. Lucia C. Fisher/TIFF/Cam_Evoto/JPEG XL
/Volumes/JordanExternalDrive4	JPEG XL, TIFF	/Volumes/JordanExternalDrive4/Pictures/2025/2025-02-22 West Texas Pain Institute/2025-02-15 West Texas Pain Institute/1. Lucia C. Fisher/TIFF/JPEG XL
/Volumes/JordanExternalDrive4	TIFF	/Volumes/JordanExternalDrive4/Pictures/2025/2025-02-22 West Texas Pain Institute/2025-02-15 West Texas Pain Institute/2. Ilyane Yee/TIFF
/Volumes/JordanExternalDrive4	Cam_Evoto, TIFF	/Volumes/JordanExternalDrive4/Pictures/2025/2025-02-22 West Texas Pain Institute/2025-02-15 West Texas Pain Institute/2. Ilyane Yee/TIFF/Cam_Evoto
/Volumes/JordanExternalDrive4	Cam_Evoto, JPEG XL, TIFF	/Volumes/JordanExternalDrive4/Pictures/2025/2025-02-22 West Texas Pain Institute/2025-02-15 West Texas Pain Institute/2. Ilyane Yee/TIFF/Cam_Evoto/JPEG XL
/Volumes/JordanExternalDrive4	JPEG XL, TIFF	/Volumes/JordanExternalDrive4/Pictures/2025/2025-02-22 West Texas Pain Institute/2025-02-15 West Texas Pain Institute/2. Ilyane Yee/TIFF/JPEG XL
/Volumes/JordanExternalDrive4	TIFF	/Volumes/JordanExternalDrive4/Pictures/2025/2025-02-22 West Texas Pain Institute/2025-02-22 West Texas Pain Institute/3. Amanda M. Lopez/TIFF
/Volumes/JordanExternalDrive4	Cam_Evoto, TIFF	/Volumes/JordanExternalDrive4/Pictures/2025/2025-02-22 West Texas Pain Institute/2025-02-22 West Texas Pain Institute/3. Amanda M. Lopez/TIFF/Cam_Evoto
/Volumes/JordanExternalDrive4	Cam_Evoto, JPEG XL, TIFF	/Volumes/JordanExternalDrive4/Pictures/2025/2025-02-22 West Texas Pain Institute/2025-02-22 West Texas Pain Institute/3. Amanda M. Lopez/TIFF/Cam_Evoto/JPEG XL
/Volumes/JordanExternalDrive4	JPEG XL, TIFF	/Volumes/JordanExternalDrive4/Pictures/2025/2025-02-22 West Texas Pain Institute/2025-02-22 West Texas Pain Institute/3. Amanda M. Lopez/TIFF/JPEG XL
/Volumes/JordanExternalDrive4	TIFF	/Volumes/JordanExternalDrive4/Pictures/2025/2025-02-24 Sun City USA/TIFF
/Volumes/JordanExternalDrive4	Cam_Evoto, TIFF	/Volumes/JordanExternalDrive4/Pictures/2025/2025-02-24 Sun City USA/TIFF/Cam_Evoto
/Volumes/JordanExternalDrive4	JPEG XL, TIFF	/Volumes/JordanExternalDrive4/Pictures/2025/2025-02-24 Sun City USA/TIFF/JPEG XL
/Volumes/JordanExternalDrive4	Cam_Evoto	/Volumes/JordanExternalDrive4/Pictures/2025/2025-02-25 Sun City USA/Cam_Evoto
/Volumes/JordanExternalDrive4	Cam_Evoto, JPEG XL	/Volumes/JordanExternalDrive4/Pictures/2025/2025-02-25 Sun City USA/Cam_Evoto/JPEG XL
/Volumes/JordanExternalDrive4	JPEG XL	/Volumes/JordanExternalDrive4/Pictures/2025/2025-02-25 Sun City USA/JPEG XL
/Volumes/JordanExternalDrive4	TIFF	/Volumes/JordanExternalDrive4/Pictures/2025/2025-02-25 Sun City USA/TIFF
/Volumes/JordanExternalDrive4	JPEG XL, TIFF	/Volumes/JordanExternalDrive4/Pictures/2025/2025-02-25 Sun City USA/TIFF/JPEG XL
/Volumes/JordanExternalDrive4	JPEG XL	/Volumes/JordanExternalDrive4/Pictures/2025/2025-02-25/JPEG XL
/Volumes/JordanExternalDrive4	TIFF	/Volumes/JordanExternalDrive4/Pictures/2025/2025-02-26 Sun City USA/TIFF
/Volumes/JordanExternalDrive4	Cam_Evoto, TIFF	/Volumes/JordanExternalDrive4/Pictures/2025/2025-02-26 Sun City USA/TIFF/Cam_Evoto
/Volumes/JordanExternalDrive4	Cam_Evoto, JPEG XL, TIFF	/Volumes/JordanExternalDrive4/Pictures/2025/2025-02-26 Sun City USA/TIFF/Cam_Evoto/JPEG XL
/Volumes/JordanExternalDrive4	JPEG XL, TIFF	/Volumes/JordanExternalDrive4/Pictures/2025/2025-02-26 Sun City USA/TIFF/JPEG XL
/Volumes/JordanExternalDrive4	JPEG XL	/Volumes/JordanExternalDrive4/Pictures/2025/2025-02-26/JPEG XL
/Volumes/JordanExternalDrive4	JPEG XL	/Volumes/JordanExternalDrive4/Pictures/2025/2025-02-27/JPEG XL
/Volumes/JordanExternalDrive4	TIFF	/Volumes/JordanExternalDrive4/Pictures/2025/2025-02-28 Sun City USA/TIFF
/Volumes/JordanExternalDrive4	Cam_Evoto, TIFF	/Volumes/JordanExternalDrive4/Pictures/2025/2025-02-28 Sun City USA/TIFF/Cam_Evoto
/Volumes/JordanExternalDrive4	Cam_Evoto, JPEG XL, TIFF	/Volumes/JordanExternalDrive4/Pictures/2025/2025-02-28 Sun City USA/TIFF/Cam_Evoto/JPEG XL
/Volumes/JordanExternalDrive4	JPEG XL, TIFF	/Volumes/JordanExternalDrive4/Pictures/2025/2025-02-28 Sun City USA/TIFF/JPEG XL
/Volumes/JordanExternalDrive4	TIFF	/Volumes/JordanExternalDrive4/Pictures/2025/2025-02-28 Sun City USA/TIFF/TIFF
/Volumes/JordanExternalDrive4	Cam_Evoto, TIFF	/Volumes/JordanExternalDrive4/Pictures/2025/2025-02-28 Sun City USA/TIFF/TIFF/Cam_Evoto
/Volumes/JordanExternalDrive4	Cam_Evoto, JPEG XL, TIFF	/Volumes/JordanExternalDrive4/Pictures/2025/2025-02-28 Sun City USA/TIFF/TIFF/Cam_Evoto/JPEG XL
/Volumes/JordanExternalDrive4	JPEG XL, TIFF	/Volumes/JordanExternalDrive4/Pictures/2025/2025-02-28 Sun City USA/TIFF/TIFF/JPEG XL
/Volumes/JordanExternalDrive4	JPEG XL	/Volumes/JordanExternalDrive4/Pictures/2025/2025-02-28/JPEG XL
/Volumes/JordanExternalDrive4	TIFF	/Volumes/JordanExternalDrive4/Pictures/2025/2025-03-03 Sun City USA/TIFF
/Volumes/JordanExternalDrive4	Cam_Evoto, TIFF	/Volumes/JordanExternalDrive4/Pictures/2025/2025-03-03 Sun City USA/TIFF/Cam_Evoto
/Volumes/JordanExternalDrive4	Cam_Evoto, JPEG XL, TIFF	/Volumes/JordanExternalDrive4/Pictures/2025/2025-03-03 Sun City USA/TIFF/Cam_Evoto/JPEG XL
/Volumes/JordanExternalDrive4	JPEG XL, TIFF	/Volumes/JordanExternalDrive4/Pictures/2025/2025-03-03 Sun City USA/TIFF/JPEG XL
/Volumes/JordanExternalDrive4	JPEG XL	/Volumes/JordanExternalDrive4/Pictures/2025/2025-03-03/JPEG XL
/Volumes/JordanExternalDrive4	JPEG XL	/Volumes/JordanExternalDrive4/Pictures/2025/2025-03-05/JPEG XL
/Volumes/JordanExternalDrive4	JPEG XL	/Volumes/JordanExternalDrive4/Pictures/2025/2025-03-07 Sun City USA/Finals/JPEG XL
/Volumes/JordanExternalDrive4	TIFF	/Volumes/JordanExternalDrive4/Pictures/2025/2025-03-07 Sun City USA/Finals/TIFF
/Volumes/JordanExternalDrive4	JPEG XL, TIFF	/Volumes/JordanExternalDrive4/Pictures/2025/2025-03-07 Sun City USA/Finals/TIFF/JPEG XL
/Volumes/JordanExternalDrive4	JPEG XL	/Volumes/JordanExternalDrive4/Pictures/2025/2025-03-07/JPEG XL
/Volumes/JordanExternalDrive4	TIFF	/Volumes/JordanExternalDrive4/Pictures/2025/2025-03-11 Steph & The City/Anesthesia/TIFF
/Volumes/JordanExternalDrive4	JPEG XL, TIFF	/Volumes/JordanExternalDrive4/Pictures/2025/2025-03-11 Steph & The City/Anesthesia/TIFF/JPEG XL
/Volumes/JordanExternalDrive4	JPEG XL	/Volumes/JordanExternalDrive4/Pictures/2025/2025-03-11 Steph & The City/Stephanie/JPEG XL
/Volumes/JordanExternalDrive4	TIFF	/Volumes/JordanExternalDrive4/Pictures/2025/2025-03-11 Steph & The City/TIFF
/Volumes/JordanExternalDrive4	Cam_Evoto, TIFF	/Volumes/JordanExternalDrive4/Pictures/2025/2025-03-11 Steph & The City/TIFF/Cam_Evoto
/Volumes/JordanExternalDrive4	Cam_Evoto, TIFF	/Volumes/JordanExternalDrive4/Pictures/2025/2025-03-11 Steph & The City/TIFF/Cam_Evoto/Cam_Evoto
/Volumes/JordanExternalDrive4	Cam_Evoto, JPEG XL, TIFF	/Volumes/JordanExternalDrive4/Pictures/2025/2025-03-11 Steph & The City/TIFF/Cam_Evoto/Cam_Evoto/JPEG XL
/Volumes/JordanExternalDrive4	Cam_Evoto, JPEG XL, TIFF	/Volumes/JordanExternalDrive4/Pictures/2025/2025-03-11 Steph & The City/TIFF/Cam_Evoto/Cam_Evoto/Maddy/JPEG XL
/Volumes/JordanExternalDrive4	Cam_Evoto, JPEG XL, TIFF	/Volumes/JordanExternalDrive4/Pictures/2025/2025-03-11 Steph & The City/TIFF/Cam_Evoto/JPEG XL
/Volumes/JordanExternalDrive4	JPEG XL	/Volumes/JordanExternalDrive4/Pictures/2025/2025-03-13 Izzy Headshots/JPEG XL
/Volumes/JordanExternalDrive4	TIFF	/Volumes/JordanExternalDrive4/Pictures/2025/2025-03-13 Izzy Headshots/TIFF
/Volumes/JordanExternalDrive4	Cam_Evoto, TIFF	/Volumes/JordanExternalDrive4/Pictures/2025/2025-03-13 Izzy Headshots/TIFF/Cam_Evoto
/Volumes/JordanExternalDrive4	Cam_Evoto, JPEG XL, TIFF	/Volumes/JordanExternalDrive4/Pictures/2025/2025-03-13 Izzy Headshots/TIFF/Cam_Evoto/JPEG XL
/Volumes/JordanExternalDrive4	JPEG XL, TIFF	/Volumes/JordanExternalDrive4/Pictures/2025/2025-03-13 Izzy Headshots/TIFF/JPEG XL
/Volumes/JordanExternalDrive4	JPEG XL	/Volumes/JordanExternalDrive4/Pictures/2025/2025-03-14/JPEG XL
/Volumes/JordanExternalDrive4	TIFF	/Volumes/JordanExternalDrive4/Pictures/2025/2025-03-14/TIFF
/Volumes/JordanExternalDrive4	JPEG XL, TIFF	/Volumes/JordanExternalDrive4/Pictures/2025/2025-03-14/TIFF/007/JPEG XL
/Volumes/JordanExternalDrive4	JPEG XL, TIFF	/Volumes/JordanExternalDrive4/Pictures/2025/2025-03-14/TIFF/JPEG XL
/Volumes/JordanExternalDrive4	Cam_Evoto	/Volumes/JordanExternalDrive4/Pictures/2025/2025-03-15 Sun CIty Headshots/Cam_Evoto
/Volumes/JordanExternalDrive4	Cam_Evoto, JPEG XL	/Volumes/JordanExternalDrive4/Pictures/2025/2025-03-15 Sun CIty Headshots/Cam_Evoto/JPEG XL
/Volumes/JordanExternalDrive4	JPEG XL	/Volumes/JordanExternalDrive4/Pictures/2025/2025-03-15 Sun CIty Headshots/JPEG XL
/Volumes/JordanExternalDrive4	TIFF	/Volumes/JordanExternalDrive4/Pictures/2025/2025-03-15 Sun CIty Headshots/TIFF
/Volumes/JordanExternalDrive4	Cam_Evoto, TIFF	/Volumes/JordanExternalDrive4/Pictures/2025/2025-03-15 Sun CIty Headshots/TIFF/Cam_Evoto
/Volumes/JordanExternalDrive4	Cam_Evoto, JPEG XL, TIFF	/Volumes/JordanExternalDrive4/Pictures/2025/2025-03-15 Sun CIty Headshots/TIFF/Cam_Evoto/JPEG XL
/Volumes/JordanExternalDrive4	JPEG XL, TIFF	/Volumes/JordanExternalDrive4/Pictures/2025/2025-03-15 Sun CIty Headshots/TIFF/JPEG XL
/Volumes/JordanExternalDrive4	TIFF	/Volumes/JordanExternalDrive4/Pictures/2025/2025-03-15/TIFF
/Volumes/JordanExternalDrive4	Cam_Evoto, TIFF	/Volumes/JordanExternalDrive4/Pictures/2025/2025-03-15/TIFF/Cam_Evoto
/Volumes/JordanExternalDrive4	Cam_Evoto, JPEG XL, TIFF	/Volumes/JordanExternalDrive4/Pictures/2025/2025-03-15/TIFF/Cam_Evoto/JPEG XL
/Volumes/JordanExternalDrive4	JPEG XL, TIFF	/Volumes/JordanExternalDrive4/Pictures/2025/2025-03-15/TIFF/JPEG XL
/Volumes/JordanExternalDrive4	TIFF	/Volumes/JordanExternalDrive4/Pictures/2025/2025-03-16 Bere & Ernesto/Concept 1/TIFF
/Volumes/JordanExternalDrive4	Cam_Evoto, TIFF	/Volumes/JordanExternalDrive4/Pictures/2025/2025-03-16 Bere & Ernesto/Concept 1/TIFF/Cam_Evoto
/Volumes/JordanExternalDrive4	Cam_Evoto, JPEG XL, TIFF	/Volumes/JordanExternalDrive4/Pictures/2025/2025-03-16 Bere & Ernesto/Concept 1/TIFF/Cam_Evoto/JPEG XL
/Volumes/JordanExternalDrive4	TIFF	/Volumes/JordanExternalDrive4/Pictures/2025/2025-03-16 Bere & Ernesto/Concept 2/TIFF
/Volumes/JordanExternalDrive4	Cam_Evoto, TIFF	/Volumes/JordanExternalDrive4/Pictures/2025/2025-03-16 Bere & Ernesto/Concept 2/TIFF/Cam_Evoto
/Volumes/JordanExternalDrive4	Cam_Evoto, JPEG XL, TIFF	/Volumes/JordanExternalDrive4/Pictures/2025/2025-03-16 Bere & Ernesto/Concept 2/TIFF/Cam_Evoto/JPEG XL
/Volumes/JordanExternalDrive4	TIFF	/Volumes/JordanExternalDrive4/Pictures/2025/2025-03-16 Bere & Ernesto/Concept 3/TIFF
/Volumes/JordanExternalDrive4	Cam_Evoto, TIFF	/Volumes/JordanExternalDrive4/Pictures/2025/2025-03-16 Bere & Ernesto/Concept 3/TIFF/Cam_Evoto
/Volumes/JordanExternalDrive4	Cam_Evoto, JPEG XL, TIFF	/Volumes/JordanExternalDrive4/Pictures/2025/2025-03-16 Bere & Ernesto/Concept 3/TIFF/Cam_Evoto/JPEG XL
/Volumes/JordanExternalDrive4	JPEG XL, TIFF	/Volumes/JordanExternalDrive4/Pictures/2025/2025-03-16 Bere & Ernesto/Concept 3/TIFF/JPEG XL
/Volumes/JordanExternalDrive4	TIFF	/Volumes/JordanExternalDrive4/Pictures/2025/2025-03-16 Bere & Ernesto/Concept 4/TIFF
/Volumes/JordanExternalDrive4	Cam_Evoto, TIFF	/Volumes/JordanExternalDrive4/Pictures/2025/2025-03-16 Bere & Ernesto/Concept 4/TIFF/Cam_Evoto
/Volumes/JordanExternalDrive4	Cam_Evoto, JPEG XL, TIFF	/Volumes/JordanExternalDrive4/Pictures/2025/2025-03-16 Bere & Ernesto/Concept 4/TIFF/Cam_Evoto/JPEG XL
/Volumes/JordanExternalDrive4	JPEG XL, TIFF	/Volumes/JordanExternalDrive4/Pictures/2025/2025-03-16 Bere & Ernesto/Concept 4/TIFF/JPEG XL
/Volumes/JordanExternalDrive4	TIFF	/Volumes/JordanExternalDrive4/Pictures/2025/2025-03-17 Celeste/3/TIFF
/Volumes/JordanExternalDrive4	TIFF	/Volumes/JordanExternalDrive4/Pictures/2025/2025-03-24 The City Mag/The City/TIFF
/Volumes/JordanExternalDrive4	Cam_Evoto, TIFF	/Volumes/JordanExternalDrive4/Pictures/2025/2025-03-24 The City Mag/The City/TIFF/Cam_Evoto
/Volumes/JordanExternalDrive4	Cam_Evoto, JPEG XL, TIFF	/Volumes/JordanExternalDrive4/Pictures/2025/2025-03-24 The City Mag/The City/TIFF/Cam_Evoto/JPEG XL
/Volumes/JordanExternalDrive4	JPEG XL, TIFF	/Volumes/JordanExternalDrive4/Pictures/2025/2025-03-24 The City Mag/The City/TIFF/JPEG XL
/Volumes/JordanExternalDrive4	JPEG XL, TIFF	/Volumes/JordanExternalDrive4/Pictures/2025/2025-03-24 The City Mag/The City/TIFF/JPEG XL/TIFF
/Volumes/JordanExternalDrive4	TIFF	/Volumes/JordanExternalDrive4/Pictures/2025/2025-03-28 Tania S/TIFF
/Volumes/JordanExternalDrive4	Cam_Evoto, TIFF	/Volumes/JordanExternalDrive4/Pictures/2025/2025-03-28 Tania S/TIFF/Cam_Evoto
/Volumes/JordanExternalDrive4	Cam_Evoto, JPEG XL, TIFF	/Volumes/JordanExternalDrive4/Pictures/2025/2025-03-28 Tania S/TIFF/Cam_Evoto/JPEG XL
/Volumes/JordanExternalDrive4	JPEG XL, TIFF	/Volumes/JordanExternalDrive4/Pictures/2025/2025-03-28 Tania S/TIFF/JPEG XL
/Volumes/JordanExternalDrive4	TIFF	/Volumes/JordanExternalDrive4/Pictures/2025/2025-04-02 Gastro Care/TIFF
/Volumes/JordanExternalDrive4	Cam_Evoto, TIFF	/Volumes/JordanExternalDrive4/Pictures/2025/2025-04-02 Gastro Care/TIFF/Cam_Evoto
/Volumes/JordanExternalDrive4	Cam_Evoto, JPEG XL, TIFF	/Volumes/JordanExternalDrive4/Pictures/2025/2025-04-02 Gastro Care/TIFF/Cam_Evoto/JPEG XL
/Volumes/JordanExternalDrive4	JPEG XL, TIFF	/Volumes/JordanExternalDrive4/Pictures/2025/2025-04-02 Gastro Care/TIFF/JPEG XL
/Volumes/JordanExternalDrive4	TIFF	/Volumes/JordanExternalDrive4/Pictures/2025/2025-04-08 The City - Paulina Chavez/Outfit 1/TIFF
/Volumes/JordanExternalDrive4	Cam_Evoto, TIFF	/Volumes/JordanExternalDrive4/Pictures/2025/2025-04-08 The City - Paulina Chavez/Outfit 1/TIFF/Cam_Evoto
/Volumes/JordanExternalDrive4	Cam_Evoto, JPEG XL, TIFF	/Volumes/JordanExternalDrive4/Pictures/2025/2025-04-08 The City - Paulina Chavez/Outfit 1/TIFF/Cam_Evoto/JPEG XL
/Volumes/JordanExternalDrive4	JPEG XL, TIFF	/Volumes/JordanExternalDrive4/Pictures/2025/2025-04-08 The City - Paulina Chavez/Outfit 1/TIFF/JPEG XL
/Volumes/JordanExternalDrive4	TIFF	/Volumes/JordanExternalDrive4/Pictures/2025/2025-04-08 The City - Paulina Chavez/Outfit 3/TIFF
/Volumes/JordanExternalDrive4	Cam_Evoto, TIFF	/Volumes/JordanExternalDrive4/Pictures/2025/2025-04-08 The City - Paulina Chavez/Outfit 3/TIFF/Cam_Evoto
/Volumes/JordanExternalDrive4	Cam_Evoto, JPEG XL, TIFF	/Volumes/JordanExternalDrive4/Pictures/2025/2025-04-08 The City - Paulina Chavez/Outfit 3/TIFF/Cam_Evoto/JPEG XL
/Volumes/JordanExternalDrive4	JPEG XL, TIFF	/Volumes/JordanExternalDrive4/Pictures/2025/2025-04-08 The City - Paulina Chavez/Outfit 3/TIFF/JPEG XL
/Volumes/JordanExternalDrive4	TIFF	/Volumes/JordanExternalDrive4/Pictures/2025/2025-04-08 The City - Paulina Chavez/Outfit 4/TIFF
/Volumes/JordanExternalDrive4	Cam_Evoto, TIFF	/Volumes/JordanExternalDrive4/Pictures/2025/2025-04-08 The City - Paulina Chavez/Outfit 4/TIFF/Cam_Evoto
/Volumes/JordanExternalDrive4	Cam_Evoto, JPEG XL, TIFF	/Volumes/JordanExternalDrive4/Pictures/2025/2025-04-08 The City - Paulina Chavez/Outfit 4/TIFF/Cam_Evoto/JPEG XL
/Volumes/JordanExternalDrive4	Cam_Evoto, TIFF	/Volumes/JordanExternalDrive4/Pictures/2025/2025-04-08 The City - Paulina Chavez/Outfit 4/TIFF/Cam_Evoto/TIFF
/Volumes/JordanExternalDrive4	Cam_Evoto, JPEG XL, TIFF	/Volumes/JordanExternalDrive4/Pictures/2025/2025-04-08 The City - Paulina Chavez/Outfit 4/TIFF/Cam_Evoto/TIFF/JPEG XL
/Volumes/JordanExternalDrive4	JPEG XL, TIFF	/Volumes/JordanExternalDrive4/Pictures/2025/2025-04-08 The City - Paulina Chavez/Outfit 4/TIFF/JPEG XL
/Volumes/JordanExternalDrive4	TIFF	/Volumes/JordanExternalDrive4/Pictures/2025/2025-04-12/TIFF
/Volumes/JordanExternalDrive4	JPEG XL, TIFF	/Volumes/JordanExternalDrive4/Pictures/2025/2025-04-12/TIFF/JPEG XL
/Volumes/JordanExternalDrive4	JPEG XL	/Volumes/JordanExternalDrive4/Pictures/2025/2025-04-22 Analicia Otero/Outfit 1/JPEG XL
/Volumes/JordanExternalDrive4	Cam_Evoto	/Volumes/JordanExternalDrive4/Pictures/2025/2025-04-22 Analicia Otero/Outfit 2/Cam_Evoto
/Volumes/JordanExternalDrive4	TIFF	/Volumes/JordanExternalDrive4/Pictures/2025/2025-04-22 Analicia Otero/Outfit 3/TIFF
/Volumes/JordanExternalDrive4	Cam_Evoto, TIFF	/Volumes/JordanExternalDrive4/Pictures/2025/2025-04-22 Analicia Otero/Outfit 3/TIFF/Cam_Evoto
/Volumes/JordanExternalDrive4	Cam_Evoto, JPEG XL, TIFF	/Volumes/JordanExternalDrive4/Pictures/2025/2025-04-22 Analicia Otero/Outfit 3/TIFF/Cam_Evoto/JPEG XL
/Volumes/JordanExternalDrive4	TIFF	/Volumes/JordanExternalDrive4/Pictures/2025/2025-04-22 Analicia Otero/TIFF
/Volumes/JordanExternalDrive4	Cam_Evoto, TIFF	/Volumes/JordanExternalDrive4/Pictures/2025/2025-04-22 Analicia Otero/TIFF/Cam_Evoto
/Volumes/JordanExternalDrive4	Cam_Evoto, JPEG XL, TIFF	/Volumes/JordanExternalDrive4/Pictures/2025/2025-04-22 Analicia Otero/TIFF/Cam_Evoto/INS/JPEG XL
/Volumes/JordanExternalDrive4	Cam_Evoto, JPEG XL, TIFF	/Volumes/JordanExternalDrive4/Pictures/2025/2025-04-22 Analicia Otero/TIFF/Cam_Evoto/JPEG XL
/Volumes/JordanExternalDrive4	TIFF	/Volumes/JordanExternalDrive4/Pictures/2025/2025-04-28 Texas Arts & Sun City USA/Sun City/TIFF
/Volumes/JordanExternalDrive4	Cam_Evoto, TIFF	/Volumes/JordanExternalDrive4/Pictures/2025/2025-04-28 Texas Arts & Sun City USA/Sun City/TIFF/Cam_Evoto
/Volumes/JordanExternalDrive4	Cam_Evoto, JPEG XL, TIFF	/Volumes/JordanExternalDrive4/Pictures/2025/2025-04-28 Texas Arts & Sun City USA/Sun City/TIFF/Cam_Evoto/JPEG XL
/Volumes/JordanExternalDrive4	JPEG XL, TIFF	/Volumes/JordanExternalDrive4/Pictures/2025/2025-04-28 Texas Arts & Sun City USA/Sun City/TIFF/JPEG XL
/Volumes/JordanExternalDrive4	JPEG XL	/Volumes/JordanExternalDrive4/Pictures/2025/2025-04-29 Texas Arts/1/JPEG XL
/Volumes/JordanExternalDrive4	TIFF	/Volumes/JordanExternalDrive4/Pictures/2025/2025-05-02/JPG/TIFF
/Volumes/JordanExternalDrive4	JPEG XL	/Volumes/JordanExternalDrive4/Pictures/2025/2025-05-03/JPEG XL
/Volumes/JordanExternalDrive4	TIFF	/Volumes/JordanExternalDrive4/Pictures/2025/2025-05-03/TIFF
/Volumes/JordanExternalDrive4	TIFF	/Volumes/JordanExternalDrive4/Pictures/2025/2025-05-12 Iron Clad/Final/Editorial/TIFF
/Volumes/JordanExternalDrive4	JPEG XL, TIFF	/Volumes/JordanExternalDrive4/Pictures/2025/2025-05-12 Iron Clad/Final/Editorial/TIFF/JPEG XL
/Volumes/JordanExternalDrive4	TIFF	/Volumes/JordanExternalDrive4/Pictures/2025/2025-05-12 Iron Clad/Final/Headshots/TIFF
/Volumes/JordanExternalDrive4	JPEG XL, TIFF	/Volumes/JordanExternalDrive4/Pictures/2025/2025-05-12 Iron Clad/Final/Headshots/TIFF/JPEG XL
/Volumes/JordanExternalDrive4	TIFF	/Volumes/JordanExternalDrive4/Pictures/2025/2025-05-12 Iron Clad/Headshots/TIFF
/Volumes/JordanExternalDrive4	Cam_Evoto, TIFF	/Volumes/JordanExternalDrive4/Pictures/2025/2025-05-12 Iron Clad/Headshots/TIFF/Cam_Evoto
/Volumes/JordanExternalDrive4	Cam_Evoto, JPEG XL, TIFF	/Volumes/JordanExternalDrive4/Pictures/2025/2025-05-12 Iron Clad/Headshots/TIFF/Cam_Evoto/JPEG XL
/Volumes/JordanExternalDrive4	JPEG XL, TIFF	/Volumes/JordanExternalDrive4/Pictures/2025/2025-05-12 Iron Clad/Headshots/TIFF/JPEG XL
/Volumes/JordanExternalDrive4	TIFF	/Volumes/JordanExternalDrive4/Pictures/2025/2025-05-12 Iron Clad/Location/TIFF
/Volumes/JordanExternalDrive4	Cam_Evoto, TIFF	/Volumes/JordanExternalDrive4/Pictures/2025/2025-05-12 Iron Clad/Location/TIFF/Cam_Evoto
/Volumes/JordanExternalDrive4	Cam_Evoto, JPEG XL, TIFF	/Volumes/JordanExternalDrive4/Pictures/2025/2025-05-12 Iron Clad/Location/TIFF/Cam_Evoto/JPEG XL
/Volumes/JordanExternalDrive4	JPEG XL, TIFF	/Volumes/JordanExternalDrive4/Pictures/2025/2025-05-12 Iron Clad/Location/TIFF/JPEG XL
/Volumes/JordanExternalDrive4	TIFF	/Volumes/JordanExternalDrive4/Pictures/2025/2025-05-14 Luly & Lev/Concept 1/TIFF
/Volumes/JordanExternalDrive4	Cam_Evoto, TIFF	/Volumes/JordanExternalDrive4/Pictures/2025/2025-05-14 Luly & Lev/Concept 1/TIFF/Cam_Evoto
/Volumes/JordanExternalDrive4	Cam_Evoto, JPEG XL, TIFF	/Volumes/JordanExternalDrive4/Pictures/2025/2025-05-14 Luly & Lev/Concept 1/TIFF/Cam_Evoto/JPEG XL
/Volumes/JordanExternalDrive4	JPEG XL, TIFF	/Volumes/JordanExternalDrive4/Pictures/2025/2025-05-14 Luly & Lev/Concept 1/TIFF/JPEG XL
/Volumes/JordanExternalDrive4	TIFF	/Volumes/JordanExternalDrive4/Pictures/2025/2025-05-14 Luly & Lev/Concept 3/TIFF
/Volumes/JordanExternalDrive4	Cam_Evoto, TIFF	/Volumes/JordanExternalDrive4/Pictures/2025/2025-05-14 Luly & Lev/Concept 3/TIFF/Cam_Evoto
/Volumes/JordanExternalDrive4	Cam_Evoto, JPEG XL, TIFF	/Volumes/JordanExternalDrive4/Pictures/2025/2025-05-14 Luly & Lev/Concept 3/TIFF/Cam_Evoto/JPEG XL
/Volumes/JordanExternalDrive4	JPEG XL, TIFF	/Volumes/JordanExternalDrive4/Pictures/2025/2025-05-14 Luly & Lev/Concept 3/TIFF/JPEG XL
/Volumes/JordanExternalDrive4	TIFF	/Volumes/JordanExternalDrive4/Pictures/2025/2025-05-14 Luly & Lev/Concept 4/TIFF
/Volumes/JordanExternalDrive4	Cam_Evoto, TIFF	/Volumes/JordanExternalDrive4/Pictures/2025/2025-05-14 Luly & Lev/Concept 4/TIFF/Cam_Evoto
/Volumes/JordanExternalDrive4	Cam_Evoto, JPEG XL, TIFF	/Volumes/JordanExternalDrive4/Pictures/2025/2025-05-14 Luly & Lev/Concept 4/TIFF/Cam_Evoto/JPEG XL
/Volumes/JordanExternalDrive4	JPEG XL, TIFF	/Volumes/JordanExternalDrive4/Pictures/2025/2025-05-14 Luly & Lev/Concept 4/TIFF/JPEG XL
/Volumes/JordanExternalDrive4	JPEG XL	/Volumes/JordanExternalDrive4/Pictures/2025/2025-05-15 Sarah Milk/JPEG XL
/Volumes/JordanExternalDrive4	TIFF	/Volumes/JordanExternalDrive4/Pictures/2025/2025-05-15 Sarah Milk/TIFF
/Volumes/JordanExternalDrive4	JPEG XL, TIFF	/Volumes/JordanExternalDrive4/Pictures/2025/2025-05-15 Sarah Milk/TIFF/JPEG XL
/Volumes/JordanExternalDrive4	TIFF	/Volumes/JordanExternalDrive4/Pictures/2025/2025-05-19 Asset, The City, Providence/The City Magazine/TIFF
/Volumes/JordanExternalDrive4	JPEG XL, TIFF	/Volumes/JordanExternalDrive4/Pictures/2025/2025-05-19 Asset, The City, Providence/The City Magazine/TIFF/JPEG XL
/Volumes/JordanExternalDrive4	JPEG XL	/Volumes/JordanExternalDrive4/Pictures/2025/2025-05-21 Scherr Legate/Annie/JPEG XL
/Volumes/JordanExternalDrive4	Cam_Evoto	/Volumes/JordanExternalDrive4/Pictures/2025/2025-05-21 Scherr Legate/Scherr Legate/Cam_Evoto
/Volumes/JordanExternalDrive4	Cam_Evoto, JPEG XL	/Volumes/JordanExternalDrive4/Pictures/2025/2025-05-21 Scherr Legate/Scherr Legate/Cam_Evoto/JPEG XL
/Volumes/JordanExternalDrive4	JPEG XL	/Volumes/JordanExternalDrive4/Pictures/2025/2025-05-21 Scherr Legate/Scherr Legate/JPEG XL
/Volumes/JordanExternalDrive4	TIFF	/Volumes/JordanExternalDrive4/Pictures/2025/2025-05-21 Scherr Legate/TIFF
/Volumes/JordanExternalDrive4	TIFF	/Volumes/JordanExternalDrive4/Pictures/2025/2025-05-26 Bafidis Law/TIFF
/Volumes/JordanExternalDrive4	Cam_Evoto, TIFF	/Volumes/JordanExternalDrive4/Pictures/2025/2025-05-26 Bafidis Law/TIFF/Cam_Evoto
/Volumes/JordanExternalDrive4	Cam_Evoto, JPEG XL, TIFF	/Volumes/JordanExternalDrive4/Pictures/2025/2025-05-26 Bafidis Law/TIFF/Cam_Evoto/JPEG XL
/Volumes/JordanExternalDrive4	JPEG XL, TIFF	/Volumes/JordanExternalDrive4/Pictures/2025/2025-05-26 Bafidis Law/TIFF/JPEG XL
/Volumes/JordanExternalDrive4	TIFF	/Volumes/JordanExternalDrive4/Pictures/2025/2025-05-29 Margo Lepe/Edits/TIFF
/Volumes/JordanExternalDrive4	Cam_Evoto, TIFF	/Volumes/JordanExternalDrive4/Pictures/2025/2025-05-29 Margo Lepe/Edits/TIFF/Cam_Evoto
/Volumes/JordanExternalDrive4	Cam_Evoto, JPEG XL, TIFF	/Volumes/JordanExternalDrive4/Pictures/2025/2025-05-29 Margo Lepe/Edits/TIFF/Cam_Evoto/JPEG XL
/Volumes/JordanExternalDrive4	JPEG XL, TIFF	/Volumes/JordanExternalDrive4/Pictures/2025/2025-05-29 Margo Lepe/Edits/TIFF/JPEG XL
/Volumes/JordanExternalDrive4	JPEG XL	/Volumes/JordanExternalDrive4/Pictures/2025/2025-05-30 Asset Guard and Alfonso/Alfonso Bafidis/JPEG XL
/Volumes/JordanExternalDrive4	TIFF	/Volumes/JordanExternalDrive4/Pictures/2025/2025-05-30 Asset Guard and Alfonso/Alfonso Bafidis/tiff
/Volumes/JordanExternalDrive4	Cam_Evoto, TIFF	/Volumes/JordanExternalDrive4/Pictures/2025/2025-05-30 Asset Guard and Alfonso/Alfonso Bafidis/tiff/Cam_Evoto
/Volumes/JordanExternalDrive4	Cam_Evoto, JPEG XL, TIFF	/Volumes/JordanExternalDrive4/Pictures/2025/2025-05-30 Asset Guard and Alfonso/Alfonso Bafidis/tiff/Cam_Evoto/JPEG XL
/Volumes/JordanExternalDrive4	Cam_Evoto, TIFF	/Volumes/JordanExternalDrive4/Pictures/2025/2025-05-30 Asset Guard and Alfonso/Alfonso Bafidis/tiff/Cam_Evoto/tiff
/Volumes/JordanExternalDrive4	Cam_Evoto, JPEG XL, TIFF	/Volumes/JordanExternalDrive4/Pictures/2025/2025-05-30 Asset Guard and Alfonso/Alfonso Bafidis/tiff/Cam_Evoto/tiff/JPEG XL
/Volumes/JordanExternalDrive4	JPEG XL, TIFF	/Volumes/JordanExternalDrive4/Pictures/2025/2025-05-30 Asset Guard and Alfonso/Alfonso Bafidis/tiff/JPEG XL
/Volumes/JordanExternalDrive4	Cam_Evoto	/Volumes/JordanExternalDrive4/Pictures/2025/2025-06-07 A BLANC SOIREE/Models/Elena/Cam_Evoto
/Volumes/JordanExternalDrive4	Cam_Evoto, JPEG XL	/Volumes/JordanExternalDrive4/Pictures/2025/2025-06-07 A BLANC SOIREE/Models/Elena/Cam_Evoto/JPEG XL
/Volumes/JordanExternalDrive4	JPEG XL	/Volumes/JordanExternalDrive4/Pictures/2025/2025-06-07 A BLANC SOIREE/Models/Elena/JPEG XL
/Volumes/JordanExternalDrive4	JPEG XL	/Volumes/JordanExternalDrive4/Pictures/2025/2025-06-12 Dead Beach Brewery/Photo/JPEG XL
/Volumes/JordanExternalDrive4	TIFF	/Volumes/JordanExternalDrive4/Pictures/2025/2025-06-23 The City Magazine & Bob Wingo/Robert Wingo/TIFF
/Volumes/JordanExternalDrive4	Cam_Evoto, TIFF	/Volumes/JordanExternalDrive4/Pictures/2025/2025-06-23 The City Magazine & Bob Wingo/Robert Wingo/TIFF/Cam_Evoto
/Volumes/JordanExternalDrive4	Cam_Evoto, JPEG XL, TIFF	/Volumes/JordanExternalDrive4/Pictures/2025/2025-06-23 The City Magazine & Bob Wingo/Robert Wingo/TIFF/Cam_Evoto/JPEG XL
/Volumes/JordanExternalDrive4	JPEG XL, TIFF	/Volumes/JordanExternalDrive4/Pictures/2025/2025-06-23 The City Magazine & Bob Wingo/Robert Wingo/TIFF/JPEG XL
/Volumes/JordanExternalDrive4	TIFF	/Volumes/JordanExternalDrive4/Pictures/2025/2025-06-23 The City Magazine & Bob Wingo/The City Magazine - Marcelle/TIFF
/Volumes/JordanExternalDrive4	Cam_Evoto, TIFF	/Volumes/JordanExternalDrive4/Pictures/2025/2025-06-23 The City Magazine & Bob Wingo/The City Magazine - Marcelle/TIFF/Cam_Evoto
/Volumes/JordanExternalDrive4	Cam_Evoto, JPEG XL, TIFF	/Volumes/JordanExternalDrive4/Pictures/2025/2025-06-23 The City Magazine & Bob Wingo/The City Magazine - Marcelle/TIFF/Cam_Evoto/JPEG XL
/Volumes/JordanExternalDrive4	JPEG XL, TIFF	/Volumes/JordanExternalDrive4/Pictures/2025/2025-06-23 The City Magazine & Bob Wingo/The City Magazine - Marcelle/TIFF/JPEG XL
/Volumes/JordanExternalDrive4	TIFF	/Volumes/JordanExternalDrive4/Pictures/2025/2025-06-23 The City Magazine & Bob Wingo/The City Magazine - Marcelle/tiff 2
/Volumes/JordanExternalDrive4	Cam_Evoto, TIFF	/Volumes/JordanExternalDrive4/Pictures/2025/2025-06-23 The City Magazine & Bob Wingo/The City Magazine - Marcelle/tiff 2/Cam_Evoto
/Volumes/JordanExternalDrive4	Cam_Evoto, JPEG XL, TIFF	/Volumes/JordanExternalDrive4/Pictures/2025/2025-06-23 The City Magazine & Bob Wingo/The City Magazine - Marcelle/tiff 2/Cam_Evoto/JPEG XL
/Volumes/JordanExternalDrive4	JPEG XL, TIFF	/Volumes/JordanExternalDrive4/Pictures/2025/2025-06-23 The City Magazine & Bob Wingo/The City Magazine - Marcelle/tiff 2/JPEG XL
/Volumes/JordanExternalDrive4	JPEG XL	/Volumes/JordanExternalDrive4/Pictures/2025/2025-07-08 KK & Mitchelle H/Katie Scott/JPEG XL
/Volumes/JordanExternalDrive4	TIFF	/Volumes/JordanExternalDrive4/Pictures/2025/2025-07-08 KK & Mitchelle H/Katie Scott/TIFF
/Volumes/JordanExternalDrive4	Cam_Evoto, TIFF	/Volumes/JordanExternalDrive4/Pictures/2025/2025-07-08 KK & Mitchelle H/Katie Scott/TIFF/Cam_Evoto
/Volumes/JordanExternalDrive4	Cam_Evoto, JPEG XL, TIFF	/Volumes/JordanExternalDrive4/Pictures/2025/2025-07-08 KK & Mitchelle H/Katie Scott/TIFF/Cam_Evoto/JPEG XL
/Volumes/JordanExternalDrive4	JPEG XL, TIFF	/Volumes/JordanExternalDrive4/Pictures/2025/2025-07-08 KK & Mitchelle H/Katie Scott/TIFF/JPEG XL
/Volumes/JordanExternalDrive4	TIFF	/Volumes/JordanExternalDrive4/Pictures/2025/2025-07-08 KK & Mitchelle H/Michelle Herrera/TIFF
/Volumes/JordanExternalDrive4	Cam_Evoto, TIFF	/Volumes/JordanExternalDrive4/Pictures/2025/2025-07-08 KK & Mitchelle H/Michelle Herrera/TIFF/Cam_Evoto
/Volumes/JordanExternalDrive4	Cam_Evoto, JPEG XL, TIFF	/Volumes/JordanExternalDrive4/Pictures/2025/2025-07-08 KK & Mitchelle H/Michelle Herrera/TIFF/Cam_Evoto/JPEG XL
/Volumes/JordanExternalDrive4	JPEG XL, TIFF	/Volumes/JordanExternalDrive4/Pictures/2025/2025-07-08 KK & Mitchelle H/Michelle Herrera/TIFF/JPEG XL
/Volumes/JordanExternalDrive4	TIFF	/Volumes/JordanExternalDrive4/Pictures/2025/2025-07-10 COX - Asset/Cox PLLC/TIFF
/Volumes/JordanExternalDrive4	Cam_Evoto, TIFF	/Volumes/JordanExternalDrive4/Pictures/2025/2025-07-10 COX - Asset/Cox PLLC/TIFF/Cam_Evoto
/Volumes/JordanExternalDrive4	Cam_Evoto, JPEG XL, TIFF	/Volumes/JordanExternalDrive4/Pictures/2025/2025-07-10 COX - Asset/Cox PLLC/TIFF/Cam_Evoto/JPEG XL
/Volumes/JordanExternalDrive4	Cam_Evoto, TIFF	/Volumes/JordanExternalDrive4/Pictures/2025/2025-07-10 COX - Asset/Cox PLLC/TIFF/Cam_Evoto/TIFF 2
/Volumes/JordanExternalDrive4	Cam_Evoto, JPEG XL, TIFF	/Volumes/JordanExternalDrive4/Pictures/2025/2025-07-10 COX - Asset/Cox PLLC/TIFF/Cam_Evoto/TIFF 2/JPEG XL
/Volumes/JordanExternalDrive4	JPEG XL, TIFF	/Volumes/JordanExternalDrive4/Pictures/2025/2025-07-10 COX - Asset/Cox PLLC/TIFF/JPEG XL
/Volumes/JordanExternalDrive4	Cam_Evoto	/Volumes/JordanExternalDrive4/Pictures/2025/2025-07-23 SunCity/Make a Wish foundation/Selection/Cam_Evoto
/Volumes/JordanExternalDrive4	Cam_Evoto, JPEG XL	/Volumes/JordanExternalDrive4/Pictures/2025/2025-07-23 SunCity/Make a Wish foundation/Selection/Cam_Evoto/JPEG XL
/Volumes/JordanExternalDrive4	Cam_Evoto	/Volumes/JordanExternalDrive4/Pictures/2025/2025-07-23 SunCity/Sun City/Aspen/Cam_Evoto
/Volumes/JordanExternalDrive4	Cam_Evoto, JPEG XL	/Volumes/JordanExternalDrive4/Pictures/2025/2025-07-23 SunCity/Sun City/Aspen/Cam_Evoto/JPEG XL
/Volumes/JordanExternalDrive4	JPEG XL	/Volumes/JordanExternalDrive4/Pictures/2025/2025-07-23 SunCity/Sun City/Aspen/JPEG XL
/Volumes/JordanExternalDrive4	TIFF	/Volumes/JordanExternalDrive4/Pictures/2025/2025-07-23 SunCity/Sun City/Aspen/TIFF
/Volumes/JordanExternalDrive4	Cam_Evoto, TIFF	/Volumes/JordanExternalDrive4/Pictures/2025/2025-07-23 SunCity/Sun City/Aspen/TIFF/Cam_Evoto
/Volumes/JordanExternalDrive4	Cam_Evoto, JPEG XL, TIFF	/Volumes/JordanExternalDrive4/Pictures/2025/2025-07-23 SunCity/Sun City/Aspen/TIFF/Cam_Evoto/JPEG XL
/Volumes/JordanExternalDrive4	JPEG XL, TIFF	/Volumes/JordanExternalDrive4/Pictures/2025/2025-07-23 SunCity/Sun City/Aspen/TIFF/JPEG XL
/Volumes/JordanExternalDrive4	Cam_Evoto	/Volumes/JordanExternalDrive4/Pictures/2025/2025-07-23 SunCity/Sun City/Dannie/Cam_Evoto
/Volumes/JordanExternalDrive4	Cam_Evoto, JPEG XL	/Volumes/JordanExternalDrive4/Pictures/2025/2025-07-23 SunCity/Sun City/Dannie/Cam_Evoto/JPEG XL
/Volumes/JordanExternalDrive4	JPEG XL	/Volumes/JordanExternalDrive4/Pictures/2025/2025-07-23 SunCity/Sun City/Dannie/JPEG XL
/Volumes/JordanExternalDrive4	Cam_Evoto	/Volumes/JordanExternalDrive4/Pictures/2025/2025-07-29 Camryn/Cam_Evoto
/Volumes/JordanExternalDrive4	Cam_Evoto, JPEG XL	/Volumes/JordanExternalDrive4/Pictures/2025/2025-07-29 Camryn/Cam_Evoto/JPEG XL
/Volumes/JordanExternalDrive4	JPEG XL	/Volumes/JordanExternalDrive4/Pictures/2025/2025-07-29 Camryn/JPEG XL
/Volumes/JordanExternalDrive4	TIFF	/Volumes/JordanExternalDrive4/Pictures/2025/2025-07-29 Camryn/TIFF
/Volumes/JordanExternalDrive4	Cam_Evoto, TIFF	/Volumes/JordanExternalDrive4/Pictures/2025/2025-07-29 Camryn/TIFF/Cam_Evoto
/Volumes/JordanExternalDrive4	Cam_Evoto, JPEG XL, TIFF	/Volumes/JordanExternalDrive4/Pictures/2025/2025-07-29 Camryn/TIFF/Cam_Evoto/JPEG XL
/Volumes/JordanExternalDrive4	JPEG XL, TIFF	/Volumes/JordanExternalDrive4/Pictures/2025/2025-07-29 Camryn/TIFF/JPEG XL
/Volumes/JordanExternalDrive4	TIFF	/Volumes/JordanExternalDrive4/Pictures/2025/2025-08-14 Javi/TIFF
/Volumes/JordanExternalDrive4	JPEG XL, TIFF	/Volumes/JordanExternalDrive4/Pictures/2025/2025-08-14 Javi/TIFF/JPEG XL
/Volumes/JordanExternalDrive4	JPEG XL	/Volumes/JordanExternalDrive4/Pictures/2025/2025-08-28/Savvanah/JPEG XL
/Volumes/JordanExternalDrive4	TIFF	/Volumes/JordanExternalDrive4/Pictures/2025/2025-08-28/Savvanah/TIFF
/Volumes/JordanExternalDrive4	Cam_Evoto, TIFF	/Volumes/JordanExternalDrive4/Pictures/2025/2025-08-28/Savvanah/TIFF/Cam_Evoto
/Volumes/JordanExternalDrive4	Cam_Evoto, JPEG XL, TIFF	/Volumes/JordanExternalDrive4/Pictures/2025/2025-08-28/Savvanah/TIFF/Cam_Evoto/JPEG XL
/Volumes/JordanExternalDrive4	JPEG XL, TIFF	/Volumes/JordanExternalDrive4/Pictures/2025/2025-08-28/Savvanah/TIFF/JPEG XL
/Volumes/JordanExternalDrive4	TIFF	/Volumes/JordanExternalDrive4/Pictures/2025/2025-08-28/Tania/TIFF
/Volumes/JordanExternalDrive4	Cam_Evoto, TIFF	/Volumes/JordanExternalDrive4/Pictures/2025/2025-08-28/Tania/TIFF/Cam_Evoto
/Volumes/JordanExternalDrive4	Cam_Evoto, JPEG XL, TIFF	/Volumes/JordanExternalDrive4/Pictures/2025/2025-08-28/Tania/TIFF/Cam_Evoto/JPEG XL
/Volumes/JordanExternalDrive4	Cam_Evoto, TIFF	/Volumes/JordanExternalDrive4/Pictures/2025/2025-08-28/Tania/TIFF/Cam_Evoto/TIFF
/Volumes/JordanExternalDrive4	JPEG XL, TIFF	/Volumes/JordanExternalDrive4/Pictures/2025/2025-08-28/Tania/TIFF/JPEG XL
/Volumes/JordanExternalDrive4	TIFF	/Volumes/JordanExternalDrive4/Pictures/2025/2025-08-30/TIFF
/Volumes/JordanExternalDrive4	Cam_Evoto, TIFF	/Volumes/JordanExternalDrive4/Pictures/2025/2025-08-30/TIFF/Cam_Evoto
/Volumes/JordanExternalDrive4	Cam_Evoto, JPEG XL, TIFF	/Volumes/JordanExternalDrive4/Pictures/2025/2025-08-30/TIFF/Cam_Evoto/JPEG XL
/Volumes/JordanExternalDrive4	JPEG XL, TIFF	/Volumes/JordanExternalDrive4/Pictures/2025/2025-08-30/TIFF/JPEG XL
/Volumes/JordanExternalDrive4	TIFF	/Volumes/JordanExternalDrive4/Pictures/2025/2025-09-03/TIFF
/Volumes/JordanExternalDrive4	Cam_Evoto, TIFF	/Volumes/JordanExternalDrive4/Pictures/2025/2025-09-03/TIFF/Cam_Evoto
/Volumes/JordanExternalDrive4	Cam_Evoto, JPEG XL, TIFF	/Volumes/JordanExternalDrive4/Pictures/2025/2025-09-03/TIFF/Cam_Evoto/JPEG XL
/Volumes/JordanExternalDrive4	JPEG XL, TIFF	/Volumes/JordanExternalDrive4/Pictures/2025/2025-09-03/TIFF/JPEG XL
/Volumes/JordanExternalDrive4	TIFF	/Volumes/JordanExternalDrive4/Pictures/2025/2025-09-04/TIFF
/Volumes/JordanExternalDrive4	Cam_Evoto, TIFF	/Volumes/JordanExternalDrive4/Pictures/2025/2025-09-04/TIFF/Cam_Evoto
/Volumes/JordanExternalDrive4	Cam_Evoto, JPEG XL, TIFF	/Volumes/JordanExternalDrive4/Pictures/2025/2025-09-04/TIFF/Cam_Evoto/JPEG XL
/Volumes/JordanExternalDrive4	Cam_Evoto, TIFF	/Volumes/JordanExternalDrive4/Pictures/2025/2025-09-04/TIFF/Cam_Evoto/tiff2
/Volumes/JordanExternalDrive4	Cam_Evoto, JPEG XL, TIFF	/Volumes/JordanExternalDrive4/Pictures/2025/2025-09-04/TIFF/Cam_Evoto/tiff2/JPEG XL
/Volumes/JordanExternalDrive4	JPEG XL, TIFF	/Volumes/JordanExternalDrive4/Pictures/2025/2025-09-04/TIFF/JPEG XL
/Volumes/JordanExternalDrive4	TIFF	/Volumes/JordanExternalDrive4/Pictures/2025/2025-09-12/TIFF
/Volumes/JordanExternalDrive4	Cam_Evoto, TIFF	/Volumes/JordanExternalDrive4/Pictures/2025/2025-09-12/TIFF/Cam_Evoto
/Volumes/JordanExternalDrive4	Cam_Evoto, JPEG XL, TIFF	/Volumes/JordanExternalDrive4/Pictures/2025/2025-09-12/TIFF/Cam_Evoto/JPEG XL
/Volumes/JordanExternalDrive4	JPEG XL, TIFF	/Volumes/JordanExternalDrive4/Pictures/2025/2025-09-12/TIFF/JPEG XL
/Volumes/JordanExternalDrive4	TIFF	/Volumes/JordanExternalDrive4/Pictures/2025/2025-09-15/TIFF
/Volumes/JordanExternalDrive4	Cam_Evoto, TIFF	/Volumes/JordanExternalDrive4/Pictures/2025/2025-09-15/TIFF/Cam_Evoto
/Volumes/JordanExternalDrive4	Cam_Evoto, JPEG XL, TIFF	/Volumes/JordanExternalDrive4/Pictures/2025/2025-09-15/TIFF/Cam_Evoto/JPEG XL
/Volumes/JordanExternalDrive4	JPEG XL, TIFF	/Volumes/JordanExternalDrive4/Pictures/2025/2025-09-15/TIFF/JPEG XL
/Volumes/JordanExternalDrive4	JPEG XL	/Volumes/JordanExternalDrive4/Pictures/2025/2025-09-18 Sun City USA/Concept 1/01. Danny/JPEG XL
/Volumes/JordanExternalDrive4	TIFF	/Volumes/JordanExternalDrive4/Pictures/2025/2025-09-18 Sun City USA/Concept 1/01. Danny/TIFF
/Volumes/JordanExternalDrive4	Cam_Evoto, TIFF	/Volumes/JordanExternalDrive4/Pictures/2025/2025-09-18 Sun City USA/Concept 1/01. Danny/TIFF/Cam_Evoto
/Volumes/JordanExternalDrive4	Cam_Evoto, JPEG XL, TIFF	/Volumes/JordanExternalDrive4/Pictures/2025/2025-09-18 Sun City USA/Concept 1/01. Danny/TIFF/Cam_Evoto/JPEG XL
/Volumes/JordanExternalDrive4	JPEG XL, TIFF	/Volumes/JordanExternalDrive4/Pictures/2025/2025-09-18 Sun City USA/Concept 1/01. Danny/TIFF/JPEG XL
/Volumes/JordanExternalDrive4	JPEG XL	/Volumes/JordanExternalDrive4/Pictures/2025/2025-09-18 Sun City USA/Concept 1/03. Danny & Aspen/JPEG XL
/Volumes/JordanExternalDrive4	JPEG XL	/Volumes/JordanExternalDrive4/Pictures/2025/2025-09-18 Sun City USA/Concept 2/01. Danny/JPEG XL
/Volumes/JordanExternalDrive4	TIFF	/Volumes/JordanExternalDrive4/Pictures/2025/2025-09-18 Sun City USA/Concept 2/01. Danny/TIFF
/Volumes/JordanExternalDrive4	Cam_Evoto, TIFF	/Volumes/JordanExternalDrive4/Pictures/2025/2025-09-18 Sun City USA/Concept 2/01. Danny/TIFF/Cam_Evoto
/Volumes/JordanExternalDrive4	Edited	/Volumes/JordanExternalDrive4/Pictures/2025/2025-09-18 Sun City USA/Concept 2/02. Danny & Aspen/Edited
/Volumes/JordanExternalDrive4	TIFF	/Volumes/JordanExternalDrive4/Pictures/2025/2025-09-18 Sun City USA/Concept 2/02. Danny & Aspen/TIFF
/Volumes/JordanExternalDrive4	Cam_Evoto, TIFF	/Volumes/JordanExternalDrive4/Pictures/2025/2025-09-18 Sun City USA/Concept 2/02. Danny & Aspen/TIFF/Cam_Evoto
/Volumes/JordanExternalDrive4	TIFF	/Volumes/JordanExternalDrive4/Pictures/2025/2025-09-18 Sun City USA/Concept 2/04. Danny Rarrr/TIFF
/Volumes/JordanExternalDrive4	Cam_Evoto, TIFF	/Volumes/JordanExternalDrive4/Pictures/2025/2025-09-18 Sun City USA/Concept 2/04. Danny Rarrr/TIFF/Cam_Evoto
/Volumes/JordanExternalDrive4	TIFF	/Volumes/JordanExternalDrive4/Pictures/2025/2025-09-18 Sun City USA/TIFF
/Volumes/JordanExternalDrive4	Cam_Evoto, TIFF	/Volumes/JordanExternalDrive4/Pictures/2025/2025-09-18 Sun City USA/TIFF/Cam_Evoto
/Volumes/JordanExternalDrive4	Cam_Evoto, JPEG XL, TIFF	/Volumes/JordanExternalDrive4/Pictures/2025/2025-09-18 Sun City USA/TIFF/Cam_Evoto/JPEG XL
/Volumes/JordanExternalDrive4	JPEG XL, TIFF	/Volumes/JordanExternalDrive4/Pictures/2025/2025-09-18 Sun City USA/TIFF/JPEG XL
/Volumes/JordanExternalDrive4	TIFF	/Volumes/JordanExternalDrive4/Pictures/2025/2025-09-20 Elzar Ares/Elzar/TIFF
/Volumes/JordanExternalDrive4	Cam_Evoto, TIFF	/Volumes/JordanExternalDrive4/Pictures/2025/2025-09-20 Elzar Ares/Elzar/TIFF/Cam_Evoto
/Volumes/JordanExternalDrive4	Cam_Evoto, JPEG XL, TIFF	/Volumes/JordanExternalDrive4/Pictures/2025/2025-09-20 Elzar Ares/Elzar/TIFF/Cam_Evoto/JPEG XL
/Volumes/JordanExternalDrive4	JPEG XL, TIFF	/Volumes/JordanExternalDrive4/Pictures/2025/2025-09-20 Elzar Ares/Elzar/TIFF/JPEG XL
/Volumes/JordanExternalDrive4	TIFF	/Volumes/JordanExternalDrive4/Pictures/2025/2025-09-20 Elzar Ares/JC/TIFF
/Volumes/JordanExternalDrive4	Cam_Evoto, TIFF	/Volumes/JordanExternalDrive4/Pictures/2025/2025-09-20 Elzar Ares/JC/TIFF/Cam_Evoto
/Volumes/JordanExternalDrive4	Cam_Evoto, JPEG XL, TIFF	/Volumes/JordanExternalDrive4/Pictures/2025/2025-09-20 Elzar Ares/JC/TIFF/Cam_Evoto/JPEG XL
/Volumes/JordanExternalDrive4	JPEG XL, TIFF	/Volumes/JordanExternalDrive4/Pictures/2025/2025-09-20 Elzar Ares/JC/TIFF/JPEG XL
/Volumes/JordanExternalDrive4	TIFF	/Volumes/JordanExternalDrive4/Pictures/2025/2025-09-23 Ein/TIFF
/Volumes/JordanExternalDrive4	Cam_Evoto, TIFF	/Volumes/JordanExternalDrive4/Pictures/2025/2025-09-23 Ein/TIFF/Cam_Evoto
/Volumes/JordanExternalDrive4	Cam_Evoto, JPEG XL, TIFF	/Volumes/JordanExternalDrive4/Pictures/2025/2025-09-23 Ein/TIFF/Cam_Evoto/JPEG XL
/Volumes/JordanExternalDrive4	TIFF	/Volumes/JordanExternalDrive4/Pictures/2025/2025-09-30 Jasmine Powers/TIFF
/Volumes/JordanExternalDrive4	Cam_Evoto, TIFF	/Volumes/JordanExternalDrive4/Pictures/2025/2025-09-30 Jasmine Powers/TIFF/Cam_Evoto
/Volumes/JordanExternalDrive4	Cam_Evoto, JPEG XL, TIFF	/Volumes/JordanExternalDrive4/Pictures/2025/2025-09-30 Jasmine Powers/TIFF/Cam_Evoto/JPEG XL
/Volumes/JordanExternalDrive4	JPEG XL, TIFF	/Volumes/JordanExternalDrive4/Pictures/2025/2025-09-30 Jasmine Powers/TIFF/JPEG XL
/Volumes/JordanExternalDrive4	Cam_Evoto	/Volumes/JordanExternalDrive4/Pictures/2025/2025-10-07 Hanna/01. Concept 1/Cam_Evoto
/Volumes/JordanExternalDrive4	Cam_Evoto	/Volumes/JordanExternalDrive4/Pictures/2025/2025-10-07 Hanna/02. Concept 2/Cam_Evoto
/Volumes/JordanExternalDrive4	Cam_Evoto	/Volumes/JordanExternalDrive4/Pictures/2025/2025-10-07 Hanna/03. Concept 3/Cam_Evoto
/Volumes/JordanExternalDrive4	Cam_Evoto	/Volumes/JordanExternalDrive4/Pictures/2025/2025-10-07 Hanna/04. Concept 4/Cam_Evoto
/Volumes/JordanExternalDrive4	TIFF	/Volumes/JordanExternalDrive4/Pictures/2025/2025-10-07 Hanna/04. Concept 4/TIFF
/Volumes/JordanExternalDrive4	JPEG XL, TIFF	/Volumes/JordanExternalDrive4/Pictures/2025/2025-10-07 Hanna/04. Concept 4/TIFF/JPEG XL
/Volumes/JordanExternalDrive4	TIFF	/Volumes/JordanExternalDrive4/Pictures/2025/2025-10-10 Headshot day/01. Pearl/TIFF
/Volumes/JordanExternalDrive4	JPEG XL, TIFF	/Volumes/JordanExternalDrive4/Pictures/2025/2025-10-10 Headshot day/01. Pearl/TIFF/JPEG XL
/Volumes/JordanExternalDrive4	TIFF	/Volumes/JordanExternalDrive4/Pictures/2025/2025-10-10 Headshot day/02. Dorali/TIFF
/Volumes/JordanExternalDrive4	Cam_Evoto, TIFF	/Volumes/JordanExternalDrive4/Pictures/2025/2025-10-10 Headshot day/02. Dorali/TIFF/Cam_Evoto
/Volumes/JordanExternalDrive4	Cam_Evoto, JPEG XL, TIFF	/Volumes/JordanExternalDrive4/Pictures/2025/2025-10-10 Headshot day/02. Dorali/TIFF/Cam_Evoto/JPEG XL
/Volumes/JordanExternalDrive4	JPEG XL, TIFF	/Volumes/JordanExternalDrive4/Pictures/2025/2025-10-10 Headshot day/02. Dorali/TIFF/JPEG XL
/Volumes/JordanExternalDrive4	TIFF	/Volumes/JordanExternalDrive4/Pictures/2025/2025-10-10 Headshot day/03. Mariana/TIFF
/Volumes/JordanExternalDrive4	Cam_Evoto, TIFF	/Volumes/JordanExternalDrive4/Pictures/2025/2025-10-10 Headshot day/03. Mariana/TIFF/Cam_Evoto
/Volumes/JordanExternalDrive4	Cam_Evoto, JPEG XL, TIFF	/Volumes/JordanExternalDrive4/Pictures/2025/2025-10-10 Headshot day/03. Mariana/TIFF/Cam_Evoto/JPEG XL
/Volumes/JordanExternalDrive4	JPEG XL, TIFF	/Volumes/JordanExternalDrive4/Pictures/2025/2025-10-10 Headshot day/03. Mariana/TIFF/JPEG XL
/Volumes/JordanExternalDrive4	TIFF	/Volumes/JordanExternalDrive4/Pictures/2025/2025-10-10 Headshot day/04. JC/01. Headshots/TIFF
/Volumes/JordanExternalDrive4	Cam_Evoto, TIFF	/Volumes/JordanExternalDrive4/Pictures/2025/2025-10-10 Headshot day/04. JC/01. Headshots/TIFF/Cam_Evoto
/Volumes/JordanExternalDrive4	JPEG XL	/Volumes/JordanExternalDrive4/Pictures/2025/2025-10-10 Headshot day/04. JC/02. Concept 1/JPEG XL
/Volumes/JordanExternalDrive4	JPEG XL	/Volumes/JordanExternalDrive4/Pictures/2025/2025-10-14 CDA - Headshots/01. Cesar/JPEG XL
/Volumes/JordanExternalDrive4	JPEG XL, TIFF	/Volumes/JordanExternalDrive4/Pictures/2025/2025-10-14 CDA - Headshots/01. Cesar/JPEG XL/TIFF
/Volumes/JordanExternalDrive4	TIFF	/Volumes/JordanExternalDrive4/Pictures/2025/2025-10-14 CDA - Headshots/01. Cesar/TIFF
/Volumes/JordanExternalDrive4	Cam_Evoto, TIFF	/Volumes/JordanExternalDrive4/Pictures/2025/2025-10-14 CDA - Headshots/01. Cesar/TIFF/Cam_Evoto
/Volumes/JordanExternalDrive4	Cam_Evoto, JPEG XL, TIFF	/Volumes/JordanExternalDrive4/Pictures/2025/2025-10-14 CDA - Headshots/01. Cesar/TIFF/Cam_Evoto/JPEG XL
/Volumes/JordanExternalDrive4	TIFF	/Volumes/JordanExternalDrive4/Pictures/2025/2025-10-14 CDA - Headshots/02. Luis/TIFF
/Volumes/JordanExternalDrive4	Cam_Evoto, TIFF	/Volumes/JordanExternalDrive4/Pictures/2025/2025-10-14 CDA - Headshots/02. Luis/TIFF/Cam_Evoto
/Volumes/JordanExternalDrive4	Cam_Evoto, JPEG XL, TIFF	/Volumes/JordanExternalDrive4/Pictures/2025/2025-10-14 CDA - Headshots/02. Luis/TIFF/Cam_Evoto/JPEG XL
/Volumes/JordanExternalDrive4	JPEG XL, TIFF	/Volumes/JordanExternalDrive4/Pictures/2025/2025-10-14 CDA - Headshots/02. Luis/TIFF/JPEG XL
/Volumes/JordanExternalDrive4	TIFF	/Volumes/JordanExternalDrive4/Pictures/2025/2025-10-14 CDA - Headshots/03. Subject 3/TIFF
/Volumes/JordanExternalDrive4	Cam_Evoto, TIFF	/Volumes/JordanExternalDrive4/Pictures/2025/2025-10-14 CDA - Headshots/03. Subject 3/TIFF/Cam_Evoto
/Volumes/JordanExternalDrive4	TIFF	/Volumes/JordanExternalDrive4/Pictures/2025/2025-10-14 CDA - Headshots/04. Subject 4/TIFF
/Volumes/JordanExternalDrive4	Cam_Evoto, TIFF	/Volumes/JordanExternalDrive4/Pictures/2025/2025-10-14 CDA - Headshots/04. Subject 4/TIFF/Cam_Evoto
/Volumes/JordanExternalDrive4	TIFF	/Volumes/JordanExternalDrive4/Pictures/2025/2025-10-14 CDA - Headshots/05. Subject 5/TIFF
/Volumes/JordanExternalDrive4	Cam_Evoto, TIFF	/Volumes/JordanExternalDrive4/Pictures/2025/2025-10-14 CDA - Headshots/05. Subject 5/TIFF/Cam_Evoto
/Volumes/JordanExternalDrive4	TIFF	/Volumes/JordanExternalDrive4/Pictures/2025/2025-10-14 CDA - Headshots/06. Bruno 7/TIFF
/Volumes/JordanExternalDrive4	Cam_Evoto, TIFF	/Volumes/JordanExternalDrive4/Pictures/2025/2025-10-14 CDA - Headshots/06. Bruno 7/TIFF/Cam_Evoto
/Volumes/JordanExternalDrive4	TIFF	/Volumes/JordanExternalDrive4/Pictures/2025/2025-10-14 CDA - Headshots/07. Subject 8/TIFF
/Volumes/JordanExternalDrive4	Cam_Evoto, TIFF	/Volumes/JordanExternalDrive4/Pictures/2025/2025-10-14 CDA - Headshots/07. Subject 8/TIFF/Cam_Evoto
/Volumes/JordanExternalDrive4	TIFF	/Volumes/JordanExternalDrive4/Pictures/2025/2025-10-16 Alex Ruiz/01. Headshots/TIFF
/Volumes/JordanExternalDrive4	Cam_Evoto, TIFF	/Volumes/JordanExternalDrive4/Pictures/2025/2025-10-16 Alex Ruiz/01. Headshots/TIFF/Cam_Evoto
/Volumes/JordanExternalDrive4	Cam_Evoto	/Volumes/JordanExternalDrive4/Pictures/2025/2025-10-16 Alex Ruiz/02. Concept 1/Cam_Evoto
/Volumes/JordanExternalDrive4	Cam_Evoto	/Volumes/JordanExternalDrive4/Pictures/2025/2025-10-16 Alex Ruiz/03. Concept 3/Cam_Evoto
/Volumes/JordanExternalDrive4	Cam_Evoto	/Volumes/JordanExternalDrive4/Pictures/2025/2025-10-16 Alex Ruiz/04. Concept 4/Cam_Evoto
/Volumes/JordanExternalDrive4	Cam_Evoto	/Volumes/JordanExternalDrive4/Pictures/2025/2025-10-16 Alex Ruiz/05. Concept 5/Cam_Evoto
/Volumes/JordanExternalDrive4	JPEG XL	/Volumes/JordanExternalDrive4/Pictures/2025/2025-10-17 Matthew/El Paso del Norte/01. Raw/XLarge/JPEG XL
/Volumes/JordanExternalDrive4	TIFF	/Volumes/JordanExternalDrive4/Pictures/2025/2025-10-17 Matthew/Matthew F/01. Concept 1/TIFF
/Volumes/JordanExternalDrive4	Cam_Evoto, TIFF	/Volumes/JordanExternalDrive4/Pictures/2025/2025-10-17 Matthew/Matthew F/01. Concept 1/TIFF/Cam_Evoto
/Volumes/JordanExternalDrive4	Cam_Evoto, JPEG XL, TIFF	/Volumes/JordanExternalDrive4/Pictures/2025/2025-10-17 Matthew/Matthew F/01. Concept 1/TIFF/Cam_Evoto/JPEG XL
/Volumes/JordanExternalDrive4	JPEG XL, TIFF	/Volumes/JordanExternalDrive4/Pictures/2025/2025-10-17 Matthew/Matthew F/01. Concept 1/TIFF/JPEG XL
/Volumes/JordanExternalDrive4	TIFF	/Volumes/JordanExternalDrive4/Pictures/2025/2025-10-17 Matthew/Matthew F/02. Concept 2/TIFF
/Volumes/JordanExternalDrive4	Cam_Evoto, TIFF	/Volumes/JordanExternalDrive4/Pictures/2025/2025-10-17 Matthew/Matthew F/02. Concept 2/TIFF/Cam_Evoto
/Volumes/JordanExternalDrive4	Cam_Evoto, JPEG XL, TIFF	/Volumes/JordanExternalDrive4/Pictures/2025/2025-10-17 Matthew/Matthew F/02. Concept 2/TIFF/Cam_Evoto/JPEG XL
/Volumes/JordanExternalDrive4	JPEG XL, TIFF	/Volumes/JordanExternalDrive4/Pictures/2025/2025-10-17 Matthew/Matthew F/02. Concept 2/TIFF/JPEG XL
/Volumes/JordanExternalDrive4	TIFF	/Volumes/JordanExternalDrive4/Pictures/2025/2025-10-17 Matthew/Matthew F/03. Concept 3/TIFF
/Volumes/JordanExternalDrive4	Cam_Evoto, TIFF	/Volumes/JordanExternalDrive4/Pictures/2025/2025-10-17 Matthew/Matthew F/03. Concept 3/TIFF/Cam_Evoto
/Volumes/JordanExternalDrive4	Cam_Evoto, JPEG XL, TIFF	/Volumes/JordanExternalDrive4/Pictures/2025/2025-10-17 Matthew/Matthew F/03. Concept 3/TIFF/Cam_Evoto/JPEG XL
/Volumes/JordanExternalDrive4	JPEG XL, TIFF	/Volumes/JordanExternalDrive4/Pictures/2025/2025-10-17 Matthew/Matthew F/03. Concept 3/TIFF/JPEG XL
/Volumes/JordanExternalDrive4	TIFF	/Volumes/JordanExternalDrive4/Pictures/2025/2025-10-17 Matthew/Matthew F/04. Concept 4/TIFF
/Volumes/JordanExternalDrive4	Cam_Evoto, TIFF	/Volumes/JordanExternalDrive4/Pictures/2025/2025-10-17 Matthew/Matthew F/04. Concept 4/TIFF/Cam_Evoto
/Volumes/JordanExternalDrive4	Cam_Evoto, JPEG XL, TIFF	/Volumes/JordanExternalDrive4/Pictures/2025/2025-10-17 Matthew/Matthew F/04. Concept 4/TIFF/Cam_Evoto/JPEG XL
/Volumes/JordanExternalDrive4	JPEG XL, TIFF	/Volumes/JordanExternalDrive4/Pictures/2025/2025-10-17 Matthew/Matthew F/04. Concept 4/TIFF/JPEG XL
/Volumes/JordanExternalDrive4	TIFF	/Volumes/JordanExternalDrive4/Pictures/2025/2025-10-17 Matthew/Matthew F/05. Concept 5/TIFF
/Volumes/JordanExternalDrive4	Cam_Evoto, TIFF	/Volumes/JordanExternalDrive4/Pictures/2025/2025-10-17 Matthew/Matthew F/05. Concept 5/TIFF/Cam_Evoto
/Volumes/JordanExternalDrive4	Cam_Evoto, JPEG XL, TIFF	/Volumes/JordanExternalDrive4/Pictures/2025/2025-10-17 Matthew/Matthew F/05. Concept 5/TIFF/Cam_Evoto/JPEG XL
/Volumes/JordanExternalDrive4	JPEG XL, TIFF	/Volumes/JordanExternalDrive4/Pictures/2025/2025-10-17 Matthew/Matthew F/05. Concept 5/TIFF/JPEG XL
/Volumes/JordanExternalDrive4	TIFF	/Volumes/JordanExternalDrive4/Pictures/2025/2025-10-17 Matthew/Matthew F/06. Concept 6/TIFF
/Volumes/JordanExternalDrive4	Cam_Evoto, TIFF	/Volumes/JordanExternalDrive4/Pictures/2025/2025-10-17 Matthew/Matthew F/06. Concept 6/TIFF/Cam_Evoto
/Volumes/JordanExternalDrive4	Cam_Evoto, JPEG XL, TIFF	/Volumes/JordanExternalDrive4/Pictures/2025/2025-10-17 Matthew/Matthew F/06. Concept 6/TIFF/Cam_Evoto/JPEG XL
/Volumes/JordanExternalDrive4	JPEG XL, TIFF	/Volumes/JordanExternalDrive4/Pictures/2025/2025-10-17 Matthew/Matthew F/06. Concept 6/TIFF/JPEG XL
/Volumes/JordanExternalDrive4	TIFF	/Volumes/JordanExternalDrive4/Pictures/2025/2025-10-22 Alyssa/TIFF
/Volumes/JordanExternalDrive4	Cam_Evoto, TIFF	/Volumes/JordanExternalDrive4/Pictures/2025/2025-10-22 Alyssa/TIFF/Cam_Evoto
/Volumes/JordanExternalDrive4	Cam_Evoto, JPEG XL, TIFF	/Volumes/JordanExternalDrive4/Pictures/2025/2025-10-22 Alyssa/TIFF/Cam_Evoto/JPEG XL
/Volumes/JordanExternalDrive4	JPEG XL, TIFF	/Volumes/JordanExternalDrive4/Pictures/2025/2025-10-22 Alyssa/TIFF/JPEG XL
/Volumes/JordanExternalDrive4	TIFF	/Volumes/JordanExternalDrive4/Pictures/2025/2025-10-25 Stephanie Han/Concept 1/TIFF
/Volumes/JordanExternalDrive4	Cam_Evoto, TIFF	/Volumes/JordanExternalDrive4/Pictures/2025/2025-10-25 Stephanie Han/Concept 1/TIFF/Cam_Evoto
/Volumes/JordanExternalDrive4	TIFF	/Volumes/JordanExternalDrive4/Pictures/2025/2025-10-25 Stephanie Han/Concept 3/TIFF
/Volumes/JordanExternalDrive4	Cam_Evoto, TIFF	/Volumes/JordanExternalDrive4/Pictures/2025/2025-10-25 Stephanie Han/Concept 3/TIFF/Cam_Evoto
/Volumes/JordanExternalDrive4	TIFF	/Volumes/JordanExternalDrive4/Pictures/2025/2025-10-25 Stephanie Han/Concept 4/TIFF
/Volumes/JordanExternalDrive4	Cam_Evoto, TIFF	/Volumes/JordanExternalDrive4/Pictures/2025/2025-10-25 Stephanie Han/Concept 4/TIFF/Cam_Evoto
/Volumes/JordanExternalDrive4	TIFF	/Volumes/JordanExternalDrive4/Pictures/2025/2025-10-25 Stephanie Han/Concept 5/TIFF
/Volumes/JordanExternalDrive4	Cam_Evoto, TIFF	/Volumes/JordanExternalDrive4/Pictures/2025/2025-10-25 Stephanie Han/Concept 5/TIFF/Cam_Evoto
/Volumes/JordanExternalDrive4	TIFF	/Volumes/JordanExternalDrive4/Pictures/2025/2025-10-25 Stephanie Han/TIFF
/Volumes/JordanExternalDrive4	JPEG XL, TIFF	/Volumes/JordanExternalDrive4/Pictures/2025/2025-10-25 Stephanie Han/TIFF/JPEG XL
/Volumes/JordanExternalDrive4	TIFF	/Volumes/JordanExternalDrive4/Pictures/2025/2025-11-01/TIFF
/Volumes/JordanExternalDrive4	Cam_Evoto, TIFF	/Volumes/JordanExternalDrive4/Pictures/2025/2025-11-01/TIFF/Cam_Evoto
/Volumes/JordanExternalDrive4	Cam_Evoto, TIFF	/Volumes/JordanExternalDrive4/Pictures/2025/2025-11-01/TIFF/Cam_Evoto/TIFF
/Volumes/JordanExternalDrive4	Cam_Evoto	/Volumes/JordanExternalDrive4/Pictures/2025/2025-11-04/Cam_Evoto
/Volumes/JordanExternalDrive4	TIFF	/Volumes/JordanExternalDrive4/Pictures/2025/2025-11-04/TIFF
/Volumes/JordanExternalDrive4	Cam_Evoto	/Volumes/JordanExternalDrive4/Pictures/2025/2025-11-10/Cam_Evoto
/Volumes/JordanExternalDrive4	TIFF	/Volumes/JordanExternalDrive4/Pictures/2025/2025-11-15 Cata Barron/Selection/TIFF
/Volumes/JordanExternalDrive4	Cam_Evoto, TIFF	/Volumes/JordanExternalDrive4/Pictures/2025/2025-11-15 Cata Barron/Selection/TIFF/Cam_Evoto
/Volumes/JordanExternalDrive4	Cam_Evoto, TIFF	/Volumes/JordanExternalDrive4/Pictures/2025/2025-11-15 Cata Barron/Selection/TIFF/Cam_Evoto/tiff2
/Volumes/JordanExternalDrive4	TIFF	/Volumes/JordanExternalDrive4/Pictures/2025/2025-11-15 Cata Barron/tiff
/Volumes/JordanExternalDrive4	TIFF	/Volumes/JordanExternalDrive4/Pictures/2025/2025-11-17/Concept 1/TIFF
/Volumes/JordanExternalDrive4	Cam_Evoto, TIFF	/Volumes/JordanExternalDrive4/Pictures/2025/2025-11-17/Concept 1/TIFF/Cam_Evoto
/Volumes/JordanExternalDrive4	TIFF	/Volumes/JordanExternalDrive4/Pictures/2025/2025-11-17/Concept 2/TIFF
/Volumes/JordanExternalDrive4	Cam_Evoto, TIFF	/Volumes/JordanExternalDrive4/Pictures/2025/2025-11-17/Concept 2/TIFF/Cam_Evoto
/Volumes/JordanExternalDrive4	TIFF	/Volumes/JordanExternalDrive4/Pictures/2025/2025-11-17/Concept 3/TIFF
/Volumes/JordanExternalDrive4	Cam_Evoto, TIFF	/Volumes/JordanExternalDrive4/Pictures/2025/2025-11-17/Concept 3/TIFF/Cam_Evoto
/Volumes/JordanExternalDrive4	TIFF	/Volumes/JordanExternalDrive4/Pictures/2025/2025-11-17/Concept 4/TIFF
/Volumes/JordanExternalDrive4	Cam_Evoto, TIFF	/Volumes/JordanExternalDrive4/Pictures/2025/2025-11-17/Concept 4/TIFF/Cam_Evoto
/Volumes/JordanExternalDrive4	TIFF	/Volumes/JordanExternalDrive4/Pictures/2025/2025-11-17/Concept 5/TIFF
/Volumes/JordanExternalDrive4	Cam_Evoto, TIFF	/Volumes/JordanExternalDrive4/Pictures/2025/2025-11-17/Concept 5/TIFF/Cam_Evoto
/Volumes/JordanExternalDrive4	Cam_Evoto	/Volumes/JordanExternalDrive4/Pictures/2025/2025-11-18 Ichx/Concept 1/Cam_Evoto
/Volumes/JordanExternalDrive4	Cam_Evoto	/Volumes/JordanExternalDrive4/Pictures/2025/2025-11-18 Ichx/Concept 2/Cam_Evoto
/Volumes/JordanExternalDrive4	Cam_Evoto	/Volumes/JordanExternalDrive4/Pictures/2025/2025-11-18 Ichx/Concept 3/Cam_Evoto
/Volumes/JordanExternalDrive4	Cam_Evoto	/Volumes/JordanExternalDrive4/Pictures/2025/2025-11-18 Ichx/Concept 4/Cam_Evoto
/Volumes/JordanExternalDrive4	Cam_Evoto	/Volumes/JordanExternalDrive4/Pictures/2025/2025-11-18 Ichx/Concept 5/Cam_Evoto
/Volumes/JordanExternalDrive4	Cam_Evoto	/Volumes/JordanExternalDrive4/Pictures/2025/2025-11-18 Ichx/Concept 6/Cam_Evoto
/Volumes/JordanExternalDrive4	TIFF	/Volumes/JordanExternalDrive4/Pictures/2025/2025-11-20 Photographer Model Meet Up/1 TIFF
/Volumes/JordanExternalDrive4	TIFF	/Volumes/JordanExternalDrive4/Pictures/2025/2025-11-21 El Paso Chamber/El Paso Chamber/TIFF
/Volumes/JordanExternalDrive4	Cam_Evoto, TIFF	/Volumes/JordanExternalDrive4/Pictures/2025/2025-11-21 El Paso Chamber/El Paso Chamber/TIFF/Cam_Evoto
/Volumes/JordanExternalDrive4	TIFF	/Volumes/JordanExternalDrive4/Pictures/2025/2025-12-02 The City Magazine - Mendez Joodi Izaac/TIFF
/Volumes/JordanExternalDrive4	Cam_Evoto, TIFF	/Volumes/JordanExternalDrive4/Pictures/2025/2025-12-02 The City Magazine - Mendez Joodi Izaac/TIFF/Cam_Evoto
/Volumes/JordanExternalDrive4	TIFF	/Volumes/JordanExternalDrive4/Pictures/2025/2025-12-05/Alexander Davenport/TIFF
/Volumes/JordanExternalDrive4	Cam_Evoto, TIFF	/Volumes/JordanExternalDrive4/Pictures/2025/2025-12-05/Alexander Davenport/TIFF/Cam_Evoto
/Volumes/JordanExternalDrive4	Edited	/Volumes/JordanExternalDrive4/Pictures/2025/2025-12-05/Camryn Heon/Edited
/Volumes/JordanExternalDrive4	TIFF	/Volumes/JordanExternalDrive4/Pictures/2025/2025-12-05/Camryn Heon/TIFF
/Volumes/JordanExternalDrive4	Cam_Evoto, TIFF	/Volumes/JordanExternalDrive4/Pictures/2025/2025-12-05/Camryn Heon/TIFF/Cam_Evoto
/Volumes/JordanExternalDrive5	Edited	/Volumes/JordanExternalDrive5/JordanExternalDrive1/Pictures/2007/2007-11-24/Edited
/Volumes/JordanExternalDrive5	Edited	/Volumes/JordanExternalDrive5/JordanExternalDrive1/Pictures/2010/2010-04-11/Edited
/Volumes/JordanExternalDrive5	Edited	/Volumes/JordanExternalDrive5/JordanExternalDrive1/Pictures/2011/2011-07-14/Edited
/Volumes/JordanExternalDrive5	Edited	/Volumes/JordanExternalDrive5/JordanExternalDrive1/Pictures/2012/2012-04-18/Edited
/Volumes/JordanExternalDrive5	Edited	/Volumes/JordanExternalDrive5/JordanExternalDrive1/Pictures/2013/2013-08-07/Edited
/Volumes/JordanExternalDrive5	Edited	/Volumes/JordanExternalDrive5/JordanExternalDrive1/Pictures/2014/2014-07-20/Edited
/Volumes/JordanExternalDrive5	JPEG XL	/Volumes/JordanExternalDrive5/JordanExternalDrive1/Pictures/2014/2014-07-20/JPEG XL
/Volumes/JordanExternalDrive5	Edited	/Volumes/JordanExternalDrive5/JordanExternalDrive1/Pictures/2014/2014-07-23/edited
/Volumes/JordanExternalDrive5	Edited	/Volumes/JordanExternalDrive5/JordanExternalDrive1/Pictures/2014/2014-08-07 Clinic Interior Design/Edited
/Volumes/JordanExternalDrive5	JPEG XL	/Volumes/JordanExternalDrive5/JordanExternalDrive1/Pictures/2014/2014-08-07 Clinic Interior Design/JPEG XL
/Volumes/JordanExternalDrive5	JPEG XL	/Volumes/JordanExternalDrive5/JordanExternalDrive1/Pictures/2014/2014-08-19 Creel Day 2/JPEG XL
/Volumes/JordanExternalDrive5	TIFF	/Volumes/JordanExternalDrive5/JordanExternalDrive1/Pictures/2014/2014-08-19 Creel Day 2/TIFF
/Volumes/JordanExternalDrive5	Edited	/Volumes/JordanExternalDrive5/JordanExternalDrive1/Pictures/2015/2015-03-31 Mi Piaci/Edited
/Volumes/JordanExternalDrive5	Edited	/Volumes/JordanExternalDrive5/JordanExternalDrive1/Pictures/2015/2015-05-17/edited
/Volumes/JordanExternalDrive5	JPEG XL	/Volumes/JordanExternalDrive5/JordanExternalDrive1/Pictures/2015/2015-08-19/JPEG XL
/Volumes/JordanExternalDrive5	JPEG XL	/Volumes/JordanExternalDrive5/JordanExternalDrive1/Pictures/2015/2015-08-29/JPEG XL
/Volumes/JordanExternalDrive5	Edited	/Volumes/JordanExternalDrive5/JordanExternalDrive1/Pictures/2015/2015-11-13 Alejandra's First Photoshoot/Edited
/Volumes/JordanExternalDrive5	JPEG XL	/Volumes/JordanExternalDrive5/JordanExternalDrive1/Pictures/2015/2015-11-13 Alejandra's First Photoshoot/JPEG XL
/Volumes/JordanExternalDrive5	Edited	/Volumes/JordanExternalDrive5/JordanExternalDrive1/Pictures/2016/2016-07-30/Edited
/Volumes/JordanExternalDrive5	Edited	/Volumes/JordanExternalDrive5/JordanExternalDrive1/Pictures/2016/2016-07-31 Paulina Lopez/Edited
/Volumes/JordanExternalDrive5	Edited	/Volumes/JordanExternalDrive5/JordanExternalDrive1/Pictures/2016/2016-08-18 San Francisco/Edited
/Volumes/JordanExternalDrive5	JPEG XL	/Volumes/JordanExternalDrive5/JordanExternalDrive1/Pictures/2016/2016-08-18 San Francisco/JPEG XL
/Volumes/JordanExternalDrive5	Edited	/Volumes/JordanExternalDrive5/JordanExternalDrive1/Pictures/2016/2016-08-19 San Francisco/Edited
/Volumes/JordanExternalDrive5	JPEG XL	/Volumes/JordanExternalDrive5/JordanExternalDrive1/Pictures/2016/2016-08-19 San Francisco/JPEG XL
/Volumes/JordanExternalDrive5	Edited	/Volumes/JordanExternalDrive5/JordanExternalDrive1/Pictures/2016/2016-08-20 San Francisco/Edited
/Volumes/JordanExternalDrive5	JPEG XL	/Volumes/JordanExternalDrive5/JordanExternalDrive1/Pictures/2016/2016-08-20 San Francisco/JPEG XL
/Volumes/JordanExternalDrive5	Edited	/Volumes/JordanExternalDrive5/JordanExternalDrive1/Pictures/2016/2016-11-07 San Antonio/Edited
/Volumes/JordanExternalDrive5	Edited	/Volumes/JordanExternalDrive5/JordanExternalDrive1/Pictures/2017/2017-01-07 Susy Studio at Indigo/Edited
/Volumes/JordanExternalDrive5	Edited	/Volumes/JordanExternalDrive5/JordanExternalDrive1/Pictures/2017/2017-02-21 Chiapas/Edited
/Volumes/JordanExternalDrive5	JPEG XL, Edited	/Volumes/JordanExternalDrive5/JordanExternalDrive1/Pictures/2017/2017-02-21 Chiapas/Edited/JPEG XL
/Volumes/JordanExternalDrive5	JPEG XL	/Volumes/JordanExternalDrive5/JordanExternalDrive1/Pictures/2017/2017-02-21 Chiapas/JPEG XL
/Volumes/JordanExternalDrive5	JPEG XL	/Volumes/JordanExternalDrive5/JordanExternalDrive1/Pictures/2017/2017-02-22 Chiapas/JPEG XL
/Volumes/JordanExternalDrive5	Edited	/Volumes/JordanExternalDrive5/JordanExternalDrive1/Pictures/2017/2017-03-18 Ruidoso/Edited
/Volumes/JordanExternalDrive5	Edited	/Volumes/JordanExternalDrive5/JordanExternalDrive1/Pictures/2017/2017-04-02 El Taco Parado/Edited
/Volumes/JordanExternalDrive5	Edited	/Volumes/JordanExternalDrive5/JordanExternalDrive1/Pictures/2017/2017-04-30 Lauren and Friend /Edited
/Volumes/JordanExternalDrive5	Edited	/Volumes/JordanExternalDrive5/JordanExternalDrive1/Pictures/2017/2017-05-14 Alamogordo Sobrinos/Edited
/Volumes/JordanExternalDrive5	JPEG XL	/Volumes/JordanExternalDrive5/JordanExternalDrive1/Pictures/2017/2017-07-09 Selfies/JPEG XL
/Volumes/JordanExternalDrive5	Edited	/Volumes/JordanExternalDrive5/JordanExternalDrive1/Pictures/2017/2017-08-13 Chonchito/Edited
/Volumes/JordanExternalDrive5	Edited	/Volumes/JordanExternalDrive5/JordanExternalDrive1/Pictures/2017/2017-09-20 Ohio/Edited
/Volumes/JordanExternalDrive5	JPEG XL	/Volumes/JordanExternalDrive5/JordanExternalDrive1/Pictures/2017/2017-09-20 Ohio/JPEG XL
/Volumes/JordanExternalDrive5	TIFF	/Volumes/JordanExternalDrive5/JordanExternalDrive1/Pictures/2017/2017-09-20 Ohio/TIFF
/Volumes/JordanExternalDrive5	JPEG XL, TIFF	/Volumes/JordanExternalDrive5/JordanExternalDrive1/Pictures/2017/2017-09-20 Ohio/TIFF/JPEG XL
/Volumes/JordanExternalDrive5	Edited	/Volumes/JordanExternalDrive5/JordanExternalDrive1/Pictures/2017/2017-09-21 Canada/Edited
/Volumes/JordanExternalDrive5	Edited	/Volumes/JordanExternalDrive5/JordanExternalDrive1/Pictures/2017/2017-09-22 Canada/Edited
/Volumes/JordanExternalDrive5	Edited	/Volumes/JordanExternalDrive5/JordanExternalDrive1/Pictures/2017/2017-09-23 Canada, Toronto/Edited
/Volumes/JordanExternalDrive5	JPEG XL	/Volumes/JordanExternalDrive5/JordanExternalDrive1/Pictures/2017/2017-11-02/JPEG XL
/Volumes/JordanExternalDrive5	Edited	/Volumes/JordanExternalDrive5/JordanExternalDrive1/Pictures/2017/2017-11-15 Tommy & Ceci/Edited
/Volumes/JordanExternalDrive5	Edited	/Volumes/JordanExternalDrive5/JordanExternalDrive1/Pictures/2017/2017-11-21 Downtown Photowalk/Edited
/Volumes/JordanExternalDrive5	Edited	/Volumes/JordanExternalDrive5/JordanExternalDrive1/Pictures/2017/2017-12-12 Mi Piaci/Edited
/Volumes/JordanExternalDrive5	Edited	/Volumes/JordanExternalDrive5/JordanExternalDrive1/Pictures/2017/2017-12-16 Daniel Graduation/edited
/Volumes/JordanExternalDrive5	Edited	/Volumes/JordanExternalDrive5/JordanExternalDrive1/Pictures/2017/2017-12-24 Chrismas/Edited
/Volumes/JordanExternalDrive5	Edited	/Volumes/JordanExternalDrive5/JordanExternalDrive1/Pictures/2017/2017-12-31 Dorali Christmas photoshoot/Edited
/Volumes/JordanExternalDrive5	Edited	/Volumes/JordanExternalDrive5/JordanExternalDrive1/Pictures/2018/2018-01-06 Dorali Joyeria/Edited
/Volumes/JordanExternalDrive5	Edited	/Volumes/JordanExternalDrive5/JordanExternalDrive1/Pictures/2018/2018-01-20 Studio Ale y yo/Edited
/Volumes/JordanExternalDrive5	Edited	/Volumes/JordanExternalDrive5/JordanExternalDrive1/Pictures/2018/2018-01-24 Mi Piaci/Edited
/Volumes/JordanExternalDrive5	Edited	/Volumes/JordanExternalDrive5/JordanExternalDrive1/Pictures/2018/2018-01-24 Mi Piaci/Mi Piaci/Edited
/Volumes/JordanExternalDrive5	Cam_Evoto	/Volumes/JordanExternalDrive5/JordanExternalDrive1/Pictures/2018/2018-01-29 Mi Piaci/Daniel Headshots/Cam_Evoto
/Volumes/JordanExternalDrive5	Cam_Evoto, JPEG XL	/Volumes/JordanExternalDrive5/JordanExternalDrive1/Pictures/2018/2018-01-29 Mi Piaci/Daniel Headshots/Cam_Evoto/JPEG XL
/Volumes/JordanExternalDrive5	Edited	/Volumes/JordanExternalDrive5/JordanExternalDrive1/Pictures/2018/2018-01-29 Mi Piaci/Edited
/Volumes/JordanExternalDrive5	Edited	/Volumes/JordanExternalDrive5/JordanExternalDrive1/Pictures/2018/2018-01-30 Jeni photoshoot/Edited
/Volumes/JordanExternalDrive5	JPEG XL	/Volumes/JordanExternalDrive5/JordanExternalDrive1/Pictures/2018/2018-02-02 Funeral abuelita Ale/JPEG XL
/Volumes/JordanExternalDrive5	Edited	/Volumes/JordanExternalDrive5/JordanExternalDrive1/Pictures/2018/2018-02-03 Horse Rescue Center/Edited
/Volumes/JordanExternalDrive5	Edited	/Volumes/JordanExternalDrive5/JordanExternalDrive1/Pictures/2018/2018-02-07 Longoria/Edited
/Volumes/JordanExternalDrive5	Edited	/Volumes/JordanExternalDrive5/JordanExternalDrive1/Pictures/2018/2018-02-19 Reyes Elementry School CDA/2018-01-21 Reyes Elementry School CDA/Edited
/Volumes/JordanExternalDrive5	Edited	/Volumes/JordanExternalDrive5/JordanExternalDrive1/Pictures/2018/2018-02-19 Reyes Elementry School CDA/Edited
/Volumes/JordanExternalDrive5	Edited	/Volumes/JordanExternalDrive5/JordanExternalDrive1/Pictures/2018/2018-02-21 Engagement Photoshoot/Edited
/Volumes/JordanExternalDrive5	Edited	/Volumes/JordanExternalDrive5/JordanExternalDrive1/Pictures/2018/2018-03-03/Edited
/Volumes/JordanExternalDrive5	Edited	/Volumes/JordanExternalDrive5/JordanExternalDrive1/Pictures/2018/2018-03-08 Pielogy and Pokeworks CDA/Edited
/Volumes/JordanExternalDrive5	Edited	/Volumes/JordanExternalDrive5/JordanExternalDrive1/Pictures/2018/2018-03-11 Pielogy and Pokeworks CDA/Edited
/Volumes/JordanExternalDrive5	Edited	/Volumes/JordanExternalDrive5/JordanExternalDrive1/Pictures/2018/2018-03-12 Alicia Reyna Xirca and agave/Edited
/Volumes/JordanExternalDrive5	Edited	/Volumes/JordanExternalDrive5/JordanExternalDrive1/Pictures/2018/2018-03-13 Elda y Jose pre engagement/Edited-Sharpen
/Volumes/JordanExternalDrive5	JPEG XL	/Volumes/JordanExternalDrive5/JordanExternalDrive1/Pictures/2018/2018-03-13 Elda y Jose pre engagement/JPEG XL
/Volumes/JordanExternalDrive5	Edited	/Volumes/JordanExternalDrive5/JordanExternalDrive1/Pictures/2018/2018-03-17 Licon Mendoza Fam Potraits/Edited
/Volumes/JordanExternalDrive5	Edited	/Volumes/JordanExternalDrive5/JordanExternalDrive1/Pictures/2018/2018-03-18 Pielogy Graduation Shoot/Edited
/Volumes/JordanExternalDrive5	Edited	/Volumes/JordanExternalDrive5/JordanExternalDrive1/Pictures/2018/2018-03-20 Steffanie agave and xyrca/Edited
/Volumes/JordanExternalDrive5	Edited	/Volumes/JordanExternalDrive5/JordanExternalDrive1/Pictures/2018/2018-03-22 Matt y Amiee/Edited
/Volumes/JordanExternalDrive5	Edited	/Volumes/JordanExternalDrive5/JordanExternalDrive1/Pictures/2018/2018-03-24 ATG group/Edited
/Volumes/JordanExternalDrive5	Edited	/Volumes/JordanExternalDrive5/JordanExternalDrive1/Pictures/2018/2018-03-31 Graduation 2/Edited D'Shon
/Volumes/JordanExternalDrive5	Edited	/Volumes/JordanExternalDrive5/JordanExternalDrive1/Pictures/2018/2018-03-31 Graduation 2/Edited Tony
/Volumes/JordanExternalDrive5	Edited	/Volumes/JordanExternalDrive5/JordanExternalDrive1/Pictures/2018/2018-04-05 Zoo CDA-Potraits-Jefferson High School/El Paso Zoo Bird Show Main/Edited
/Volumes/JordanExternalDrive5	Edited	/Volumes/JordanExternalDrive5/JordanExternalDrive1/Pictures/2018/2018-04-06 Mama & Monica Graduation/Mama Potraits/Edited
/Volumes/JordanExternalDrive5	Edited	/Volumes/JordanExternalDrive5/JordanExternalDrive1/Pictures/2018/2018-04-06 Mama & Monica Graduation/Monica Graduation/Edited
/Volumes/JordanExternalDrive5	Edited	/Volumes/JordanExternalDrive5/JordanExternalDrive1/Pictures/2018/2018-04-11 Chelsea Hunter/Edited
/Volumes/JordanExternalDrive5	TIFF	/Volumes/JordanExternalDrive5/JordanExternalDrive1/Pictures/2018/2018-04-11 Chelsea Hunter/TIFF
/Volumes/JordanExternalDrive5	JPEG XL, TIFF	/Volumes/JordanExternalDrive5/JordanExternalDrive1/Pictures/2018/2018-04-11 Chelsea Hunter/TIFF/Chelase_Evoto/JPEG XL
/Volumes/JordanExternalDrive5	JPEG XL, TIFF	/Volumes/JordanExternalDrive5/JordanExternalDrive1/Pictures/2018/2018-04-11 Chelsea Hunter/TIFF/JPEG XL
/Volumes/JordanExternalDrive5	Edited	/Volumes/JordanExternalDrive5/JordanExternalDrive1/Pictures/2018/2018-04-16 Julios Shooting #1/Edited
/Volumes/JordanExternalDrive5	Edited	/Volumes/JordanExternalDrive5/JordanExternalDrive1/Pictures/2018/2018-04-27 Sabrina & Alejandra/Edited
/Volumes/JordanExternalDrive5	Edited	/Volumes/JordanExternalDrive5/JordanExternalDrive1/Pictures/2018/2018-04-28 Cumpleanos Jessica/Edited
/Volumes/JordanExternalDrive5	Edited	/Volumes/JordanExternalDrive5/JordanExternalDrive1/Pictures/2018/2018-05-03 Rio Bravo Middle School CDA/Edited
/Volumes/JordanExternalDrive5	Edited	/Volumes/JordanExternalDrive5/JordanExternalDrive1/Pictures/2018/2018-05-06 Hilda's Family Photoshoot/Edited
/Volumes/JordanExternalDrive5	Edited	/Volumes/JordanExternalDrive5/JordanExternalDrive1/Pictures/2018/2018-05-08 Hanna Photoshoot/Edited
/Volumes/JordanExternalDrive5	JPEG XL	/Volumes/JordanExternalDrive5/JordanExternalDrive1/Pictures/2018/2018-05-18 Diana O'Donnel/JPEG XL
/Volumes/JordanExternalDrive5	Edited	/Volumes/JordanExternalDrive5/JordanExternalDrive1/Pictures/2018/2018-05-22 Cancun Dia 4/edited
/Volumes/JordanExternalDrive5	JPEG XL	/Volumes/JordanExternalDrive5/JordanExternalDrive1/Pictures/2018/2018-05-23 Cancun Dia 4/JPEG XL
/Volumes/JordanExternalDrive5	Edited	/Volumes/JordanExternalDrive5/JordanExternalDrive1/Pictures/2018/2018-05-29 Erika Molinar/Edited
/Volumes/JordanExternalDrive5	Edited	/Volumes/JordanExternalDrive5/JordanExternalDrive1/Pictures/2018/2018-06-05 Rescue Mission of El Paso CDA/Edited
/Volumes/JordanExternalDrive5	Edited	/Volumes/JordanExternalDrive5/JordanExternalDrive1/Pictures/2018/2018-06-07 Valentina's Photoshoot/Edited
/Volumes/JordanExternalDrive5	Edited	/Volumes/JordanExternalDrive5/JordanExternalDrive1/Pictures/2018/2018-06-08 Shirtless selfies/Edited
/Volumes/JordanExternalDrive5	Edited	/Volumes/JordanExternalDrive5/JordanExternalDrive1/Pictures/2018/2018-06-22 Incredible Marketing CDA/2018-06-23/Edited
/Volumes/JordanExternalDrive5	JPEG XL, Edited	/Volumes/JordanExternalDrive5/JordanExternalDrive1/Pictures/2018/2018-06-22 Incredible Marketing CDA/2018-06-23/Edited/JPEG XL
/Volumes/JordanExternalDrive5	JPEG XL	/Volumes/JordanExternalDrive5/JordanExternalDrive1/Pictures/2018/2018-06-22 Incredible Marketing CDA/2018-06-23/JPEG XL
/Volumes/JordanExternalDrive5	Edited	/Volumes/JordanExternalDrive5/JordanExternalDrive1/Pictures/2018/2018-06-22 Incredible Marketing CDA/Edited
/Volumes/JordanExternalDrive5	Edited	/Volumes/JordanExternalDrive5/JordanExternalDrive1/Pictures/2018/2018-06-26 Dorali's Photoshoot/Edited
/Volumes/JordanExternalDrive5	Edited	/Volumes/JordanExternalDrive5/JordanExternalDrive1/Pictures/2018/2018-06-30 Julio's Buffette/Edited
/Volumes/JordanExternalDrive5	Edited	/Volumes/JordanExternalDrive5/JordanExternalDrive1/Pictures/2018/2018-07-05 Dreams/Edited
/Volumes/JordanExternalDrive5	Edited	/Volumes/JordanExternalDrive5/JordanExternalDrive1/Pictures/2018/2018-07-09 Amada Soto/Edited
/Volumes/JordanExternalDrive5	Edited	/Volumes/JordanExternalDrive5/JordanExternalDrive1/Pictures/2018/2018-07-16 Arianna/Edited
/Volumes/JordanExternalDrive5	Edited	/Volumes/JordanExternalDrive5/JordanExternalDrive1/Pictures/2018/2018-07-25 Samira Ponce de Leon/Edited
/Volumes/JordanExternalDrive5	Edited	/Volumes/JordanExternalDrive5/JordanExternalDrive1/Pictures/2018/2018-08-06 Brio Architecture CDA/Edited
/Volumes/JordanExternalDrive5	Edited	/Volumes/JordanExternalDrive5/JordanExternalDrive1/Pictures/2018/2018-08-08 Alamogordo/Edited
/Volumes/JordanExternalDrive5	JPEG XL	/Volumes/JordanExternalDrive5/JordanExternalDrive1/Pictures/2018/2018-08-08 Alamogordo/JPEG XL
/Volumes/JordanExternalDrive5	Edited	/Volumes/JordanExternalDrive5/JordanExternalDrive1/Pictures/2018/2018-08-08 Jordan Traje/Edited
/Volumes/JordanExternalDrive5	TIFF	/Volumes/JordanExternalDrive5/JordanExternalDrive1/Pictures/2018/2018-08-08 Jordan Traje/TIFF
/Volumes/JordanExternalDrive5	Cam_Evoto, TIFF	/Volumes/JordanExternalDrive5/JordanExternalDrive1/Pictures/2018/2018-08-08 Jordan Traje/TIFF/Cam_Evoto
/Volumes/JordanExternalDrive5	Cam_Evoto, TIFF	/Volumes/JordanExternalDrive5/JordanExternalDrive1/Pictures/2018/2018-08-08 Jordan Traje/TIFF/Cam_Evoto/TIFF
/Volumes/JordanExternalDrive5	Cam_Evoto, TIFF	/Volumes/JordanExternalDrive5/JordanExternalDrive1/Pictures/2018/2018-08-08 Jordan Traje/TIFF/Cam_Evoto/TIFF/TIFF
/Volumes/JordanExternalDrive5	Edited	/Volumes/JordanExternalDrive5/JordanExternalDrive1/Pictures/2018/2018-08-16 Station 31 and Atomic Marketing Staff CDA/Edited
/Volumes/JordanExternalDrive5	Edited	/Volumes/JordanExternalDrive5/JordanExternalDrive1/Pictures/2018/2018-08-26 Steven and Angie/Edited
/Volumes/JordanExternalDrive5	Edited	/Volumes/JordanExternalDrive5/JordanExternalDrive1/Pictures/2018/2018-08-29 New York Trip/Edited
/Volumes/JordanExternalDrive5	Edited	/Volumes/JordanExternalDrive5/JordanExternalDrive1/Pictures/2018/2018-08-29 New York/Edited
/Volumes/JordanExternalDrive5	TIFF	/Volumes/JordanExternalDrive5/JordanExternalDrive1/Pictures/2018/2018-08-30 New York/TIFF
/Volumes/JordanExternalDrive5	TIFF	/Volumes/JordanExternalDrive5/JordanExternalDrive1/Pictures/2018/2018-08-30 New York/TIFF/TIFF
/Volumes/JordanExternalDrive5	Edited	/Volumes/JordanExternalDrive5/JordanExternalDrive1/Pictures/2018/2018-08-31 New York/Edited
/Volumes/JordanExternalDrive5	TIFF, Edited	/Volumes/JordanExternalDrive5/JordanExternalDrive1/Pictures/2018/2018-08-31 New York/Edited/Jorda TIFF
/Volumes/JordanExternalDrive5	TIFF	/Volumes/JordanExternalDrive5/JordanExternalDrive1/Pictures/2018/2018-08-31 New York/Jorda TIFF
/Volumes/JordanExternalDrive5	TIFF	/Volumes/JordanExternalDrive5/JordanExternalDrive1/Pictures/2018/2018-08-31 New York/TIFF
/Volumes/JordanExternalDrive5	TIFF	/Volumes/JordanExternalDrive5/JordanExternalDrive1/Pictures/2018/2018-08-31 New York/TIFF/TIFF
/Volumes/JordanExternalDrive5	Edited	/Volumes/JordanExternalDrive5/JordanExternalDrive1/Pictures/2018/2018-09-01 New York/Edited
/Volumes/JordanExternalDrive5	JPEG XL	/Volumes/JordanExternalDrive5/JordanExternalDrive1/Pictures/2018/2018-09-01 New York/JPEG XL
/Volumes/JordanExternalDrive5	Edited	/Volumes/JordanExternalDrive5/JordanExternalDrive1/Pictures/2018/2018-09-10 Vaquero Trading/Edited
/Volumes/JordanExternalDrive5	Edited	/Volumes/JordanExternalDrive5/JordanExternalDrive1/Pictures/2018/2018-09-15 Carinos CDA/Edited
/Volumes/JordanExternalDrive5	TIFF	/Volumes/JordanExternalDrive5/JordanExternalDrive1/Pictures/2018/2018-09-15 Carinos CDA/TIFF
/Volumes/JordanExternalDrive5	Edited	/Volumes/JordanExternalDrive5/JordanExternalDrive1/Pictures/2018/2018-10-17 Model-Photographer Shoot Out/Edited
/Volumes/JordanExternalDrive5	Edited	/Volumes/JordanExternalDrive5/JordanExternalDrive1/Pictures/2018/2018-10-17 Model-Photographer Shoot Out/Edited/Amanda Edited
/Volumes/JordanExternalDrive5	Edited	/Volumes/JordanExternalDrive5/JordanExternalDrive1/Pictures/2018/2018-10-27 Vaquero Trading/Edited
/Volumes/JordanExternalDrive5	Edited	/Volumes/JordanExternalDrive5/JordanExternalDrive1/Pictures/2018/2018-11-10 Paola Sapien/Edited
/Volumes/JordanExternalDrive5	Edited	/Volumes/JordanExternalDrive5/JordanExternalDrive1/Pictures/2018/2018-11-14 pipe Corp Headshots/Edited
/Volumes/JordanExternalDrive5	TIFF	/Volumes/JordanExternalDrive5/JordanExternalDrive1/Pictures/2018/2018-11-14 pipe Corp Headshots/TIFF
/Volumes/JordanExternalDrive5	Cam_Evoto, TIFF	/Volumes/JordanExternalDrive5/JordanExternalDrive1/Pictures/2018/2018-11-14 pipe Corp Headshots/TIFF/Cam_Evoto
/Volumes/JordanExternalDrive5	Cam_Evoto, JPEG XL, TIFF	/Volumes/JordanExternalDrive5/JordanExternalDrive1/Pictures/2018/2018-11-14 pipe Corp Headshots/TIFF/Cam_Evoto/JPEG XL
/Volumes/JordanExternalDrive5	JPEG XL, TIFF	/Volumes/JordanExternalDrive5/JordanExternalDrive1/Pictures/2018/2018-11-14 pipe Corp Headshots/TIFF/JPEG XL
/Volumes/JordanExternalDrive5	Edited	/Volumes/JordanExternalDrive5/JordanExternalDrive1/Pictures/2018/2018-11-18 Porfolio Building Day/Edited
/Volumes/JordanExternalDrive5	TIFF	/Volumes/JordanExternalDrive5/JordanExternalDrive1/Pictures/2018/2018-11-18 Porfolio Building Day/TIFF
/Volumes/JordanExternalDrive5	JPEG XL, TIFF	/Volumes/JordanExternalDrive5/JordanExternalDrive1/Pictures/2018/2018-11-18 Porfolio Building Day/TIFF/JPEG XL
/Volumes/JordanExternalDrive5	JPEG XL, TIFF	/Volumes/JordanExternalDrive5/JordanExternalDrive1/Pictures/2018/2018-11-18 Porfolio Building Day/TIFF/Maria Antonieta_Evoto/JPEG XL
/Volumes/JordanExternalDrive5	Edited	/Volumes/JordanExternalDrive5/JordanExternalDrive1/Pictures/2018/2018-11-21 Jhovanna Juan Alex Pao y Georgett/Edited
/Volumes/JordanExternalDrive5	JPEG XL	/Volumes/JordanExternalDrive5/JordanExternalDrive1/Pictures/2018/2018-11-21 Jhovanna Juan Alex Pao y Georgett/JPEG XL
/Volumes/JordanExternalDrive5	Edited	/Volumes/JordanExternalDrive5/JordanExternalDrive1/Pictures/2018/2018-11-24 Steffanie T/Edited Toto
/Volumes/JordanExternalDrive5	Edited	/Volumes/JordanExternalDrive5/JordanExternalDrive1/Pictures/2018/2018-11-25 Claudia Vera y Ana Heiras/Edited
/Volumes/JordanExternalDrive5	JPEG XL, Edited	/Volumes/JordanExternalDrive5/JordanExternalDrive1/Pictures/2018/2018-11-25 Claudia Vera y Ana Heiras/Edited/JPEG XL
/Volumes/JordanExternalDrive5	Edited	/Volumes/JordanExternalDrive5/JordanExternalDrive1/Pictures/2018/2018-11-25 Claudia Vera y Ana Heiras/Edited/Non Edited
/Volumes/JordanExternalDrive5	Edited	/Volumes/JordanExternalDrive5/JordanExternalDrive1/Pictures/2018/2018-11-27 Samira/Edited
/Volumes/JordanExternalDrive5	Edited	/Volumes/JordanExternalDrive5/JordanExternalDrive1/Pictures/2018/2018-11-28 Elizabeth/Edited
/Volumes/JordanExternalDrive5	Edited	/Volumes/JordanExternalDrive5/JordanExternalDrive1/Pictures/2018/2018-11-29 Sarah/Edited
/Volumes/JordanExternalDrive5	Edited	/Volumes/JordanExternalDrive5/JordanExternalDrive1/Pictures/2018/2018-11-30 Valentina & Lavita Corona/Edited Lavita
/Volumes/JordanExternalDrive5	JPEG XL, Edited	/Volumes/JordanExternalDrive5/JordanExternalDrive1/Pictures/2018/2018-11-30 Valentina & Lavita Corona/Edited Lavita/JPEG XL
/Volumes/JordanExternalDrive5	JPEG XL	/Volumes/JordanExternalDrive5/JordanExternalDrive1/Pictures/2018/2018-11-30 Valentina & Lavita Corona/JPEG XL
/Volumes/JordanExternalDrive5	Edited	/Volumes/JordanExternalDrive5/JordanExternalDrive1/Pictures/2018/2018-11-30 Valentina & Lavita Corona/Valentina Edited
/Volumes/JordanExternalDrive5	Edited	/Volumes/JordanExternalDrive5/JordanExternalDrive1/Pictures/2018/2018-12-14 Stephany Nevarez Graduation/Edited
/Volumes/JordanExternalDrive5	Edited	/Volumes/JordanExternalDrive5/JordanExternalDrive1/Pictures/2018/2018-12-23 Little Italy OH Ari fotos/Edited
/Volumes/JordanExternalDrive5	Edited	/Volumes/JordanExternalDrive5/JordanExternalDrive1/Pictures/2018/2018-12-25 Family Buco/Edited
/Volumes/JordanExternalDrive5	Edited	/Volumes/JordanExternalDrive5/JordanExternalDrive1/Pictures/2018/2018-12-26 Eastlake, OH/Edited
/Volumes/JordanExternalDrive5	JPEG XL	/Volumes/JordanExternalDrive5/JordanExternalDrive1/Pictures/2018/2018-12-27 Squire's Castle/JPEG XL
/Volumes/JordanExternalDrive5	Edited	/Volumes/JordanExternalDrive5/JordanExternalDrive1/Pictures/2019/2019-01-21 Julio's/Edited
/Volumes/JordanExternalDrive5	Edited	/Volumes/JordanExternalDrive5/JordanExternalDrive1/Pictures/2019/2019-01-23 Selfies/Edited
/Volumes/JordanExternalDrive5	JPEG XL, Edited	/Volumes/JordanExternalDrive5/JordanExternalDrive1/Pictures/2019/2019-01-23 Selfies/Edited/JPEG XL
/Volumes/JordanExternalDrive5	Edited	/Volumes/JordanExternalDrive5/JordanExternalDrive1/Pictures/2019/2019-01-24 Julio's/EDITED
/Volumes/JordanExternalDrive5	Edited	/Volumes/JordanExternalDrive5/JordanExternalDrive1/Pictures/2019/2019-01-25 Julio's/EDITED
/Volumes/JordanExternalDrive5	Edited	/Volumes/JordanExternalDrive5/JordanExternalDrive1/Pictures/2019/2019-01-26 Gio's/Edited
/Volumes/JordanExternalDrive5	Edited	/Volumes/JordanExternalDrive5/JordanExternalDrive1/Pictures/2019/2019-02-04 Amanda/Edited
/Volumes/JordanExternalDrive5	Cam_Evoto	/Volumes/JordanExternalDrive5/JordanExternalDrive1/Pictures/2019/2019-02-05 Katie Scott/Outfit 1/Cam_Evoto
/Volumes/JordanExternalDrive5	Cam_Evoto, JPEG XL	/Volumes/JordanExternalDrive5/JordanExternalDrive1/Pictures/2019/2019-02-05 Katie Scott/Outfit 1/Cam_Evoto/JPEG XL
/Volumes/JordanExternalDrive5	Edited	/Volumes/JordanExternalDrive5/JordanExternalDrive1/Pictures/2019/2019-02-05 Katie Scott/Outfit 1/Edited
/Volumes/JordanExternalDrive5	JPEG XL	/Volumes/JordanExternalDrive5/JordanExternalDrive1/Pictures/2019/2019-02-05 Katie Scott/Outfit 1/JPEG XL
/Volumes/JordanExternalDrive5	TIFF	/Volumes/JordanExternalDrive5/JordanExternalDrive1/Pictures/2019/2019-02-05 Katie Scott/Outfit 1/TIFF
/Volumes/JordanExternalDrive5	JPEG XL, TIFF	/Volumes/JordanExternalDrive5/JordanExternalDrive1/Pictures/2019/2019-02-05 Katie Scott/Outfit 1/TIFF/JPEG XL
/Volumes/JordanExternalDrive5	JPEG XL, TIFF	/Volumes/JordanExternalDrive5/JordanExternalDrive1/Pictures/2019/2019-02-05 Katie Scott/Outfit 1/TIFF/Katie_Evoto/JPEG XL
/Volumes/JordanExternalDrive5	Edited	/Volumes/JordanExternalDrive5/JordanExternalDrive1/Pictures/2019/2019-02-05 Katie Scott/Outfit 2/Edited
/Volumes/JordanExternalDrive5	Edited	/Volumes/JordanExternalDrive5/JordanExternalDrive1/Pictures/2019/2019-02-05 Katie Scott/Outfit 3/Edited
/Volumes/JordanExternalDrive5	TIFF, Edited	/Volumes/JordanExternalDrive5/JordanExternalDrive1/Pictures/2019/2019-02-05 Katie Scott/Outfit 3/Edited/TIFF
/Volumes/JordanExternalDrive5	JPEG XL, TIFF, Edited	/Volumes/JordanExternalDrive5/JordanExternalDrive1/Pictures/2019/2019-02-05 Katie Scott/Outfit 3/Edited/TIFF/JPEG XL
/Volumes/JordanExternalDrive5	TIFF	/Volumes/JordanExternalDrive5/JordanExternalDrive1/Pictures/2019/2019-02-08 Las Palmas CDA/TIFF
/Volumes/JordanExternalDrive5	JPEG XL, TIFF	/Volumes/JordanExternalDrive5/JordanExternalDrive1/Pictures/2019/2019-02-08 Las Palmas CDA/TIFF/JPEG XL
/Volumes/JordanExternalDrive5	Edited	/Volumes/JordanExternalDrive5/JordanExternalDrive1/Pictures/2019/2019-02-14 Selfies/Edited
/Volumes/JordanExternalDrive5	Edited	/Volumes/JordanExternalDrive5/JordanExternalDrive1/Pictures/2019/2019-02-23/Edited
/Volumes/JordanExternalDrive5	Edited	/Volumes/JordanExternalDrive5/JordanExternalDrive1/Pictures/2019/2019-03-12 Carl and Hugo Headhshot CDA/Edited
/Volumes/JordanExternalDrive5	Edited	/Volumes/JordanExternalDrive5/JordanExternalDrive1/Pictures/2019/2019-03-20 Julio's Menu Update/Edited
/Volumes/JordanExternalDrive5	Edited	/Volumes/JordanExternalDrive5/JordanExternalDrive1/Pictures/2019/2019-03-27 Elizabeth Smith Downtown/Outfit 1/Edited
/Volumes/JordanExternalDrive5	Edited	/Volumes/JordanExternalDrive5/JordanExternalDrive1/Pictures/2019/2019-03-27 Elizabeth Smith Downtown/Outfit 2/Edited
/Volumes/JordanExternalDrive5	Edited	/Volumes/JordanExternalDrive5/JordanExternalDrive1/Pictures/2019/2019-03-30 Horse Rescue/Edited
/Volumes/JordanExternalDrive5	Edited	/Volumes/JordanExternalDrive5/JordanExternalDrive1/Pictures/2019/2019-04-03 Jessica H. Thomas/Edited
/Volumes/JordanExternalDrive5	Edited	/Volumes/JordanExternalDrive5/JordanExternalDrive1/Pictures/2019/2019-04-06 Vincent Pokluda/Edited
/Volumes/JordanExternalDrive5	Cam_Evoto	/Volumes/JordanExternalDrive5/JordanExternalDrive1/Pictures/2019/2019-04-10 Selfies/Cam_Evoto
/Volumes/JordanExternalDrive5	Cam_Evoto, JPEG XL	/Volumes/JordanExternalDrive5/JordanExternalDrive1/Pictures/2019/2019-04-10 Selfies/Cam_Evoto/JPEG XL
/Volumes/JordanExternalDrive5	Edited	/Volumes/JordanExternalDrive5/JordanExternalDrive1/Pictures/2019/2019-04-10 Selfies/Edited
/Volumes/JordanExternalDrive5	JPEG XL, Edited	/Volumes/JordanExternalDrive5/JordanExternalDrive1/Pictures/2019/2019-04-10 Selfies/Edited/JPEG XL
/Volumes/JordanExternalDrive5	TIFF	/Volumes/JordanExternalDrive5/JordanExternalDrive1/Pictures/2019/2019-04-10 Selfies/TIFF
/Volumes/JordanExternalDrive5	JPEG XL, TIFF	/Volumes/JordanExternalDrive5/JordanExternalDrive1/Pictures/2019/2019-04-10 Selfies/TIFF/JPEG XL
/Volumes/JordanExternalDrive5	Edited	/Volumes/JordanExternalDrive5/JordanExternalDrive1/Pictures/2019/2019-05-03 Skye/Edited
/Volumes/JordanExternalDrive5	Edited	/Volumes/JordanExternalDrive5/JordanExternalDrive1/Pictures/2019/2019-05-04 Georgette Prom/Edited
/Volumes/JordanExternalDrive5	Edited	/Volumes/JordanExternalDrive5/JordanExternalDrive1/Pictures/2019/2019-05-05 Angelina Gutierrez Utep Graduation/Edited
/Volumes/JordanExternalDrive5	Edited	/Volumes/JordanExternalDrive5/JordanExternalDrive1/Pictures/2019/2019-05-07 Kaitlyn Nevarez/Edited
/Volumes/JordanExternalDrive5	Edited	/Volumes/JordanExternalDrive5/JordanExternalDrive1/Pictures/2019/2019-05-27 Erick Nevarez Fam/Edited
/Volumes/JordanExternalDrive5	Edited	/Volumes/JordanExternalDrive5/JordanExternalDrive1/Pictures/2019/2019-06-08 Sun City Shredding/Edited
/Volumes/JordanExternalDrive5	JPEG XL, Edited	/Volumes/JordanExternalDrive5/JordanExternalDrive1/Pictures/2019/2019-06-08 Sun City Shredding/Edited/JPEG XL
/Volumes/JordanExternalDrive5	Edited	/Volumes/JordanExternalDrive5/JordanExternalDrive1/Pictures/2019/2019-07-16/Edited
/Volumes/JordanExternalDrive5	JPEG XL	/Volumes/JordanExternalDrive5/JordanExternalDrive1/Pictures/2019/2019-07-16/JPEG XL
/Volumes/JordanExternalDrive5	Edited	/Volumes/JordanExternalDrive5/JordanExternalDrive1/Pictures/2019/2019-07-21 Arianna Photoshoot/Edited
/Volumes/JordanExternalDrive5	Edited	/Volumes/JordanExternalDrive5/JordanExternalDrive1/Pictures/2019/2019-07-31 Julian Cavett/Edited
/Volumes/JordanExternalDrive5	Cam_Evoto	/Volumes/JordanExternalDrive5/JordanExternalDrive1/Pictures/2019/2019-07-31 Julian Cavett/Outfit 2/Cam_Evoto
/Volumes/JordanExternalDrive5	Cam_Evoto, JPEG XL	/Volumes/JordanExternalDrive5/JordanExternalDrive1/Pictures/2019/2019-07-31 Julian Cavett/Outfit 2/Cam_Evoto/JPEG XL
/Volumes/JordanExternalDrive5	Cam_Evoto	/Volumes/JordanExternalDrive5/JordanExternalDrive1/Pictures/2019/2019-07-31 Julian Cavett/Outfit 3/Cam_Evoto
/Volumes/JordanExternalDrive5	Cam_Evoto, JPEG XL	/Volumes/JordanExternalDrive5/JordanExternalDrive1/Pictures/2019/2019-07-31 Julian Cavett/Outfit 3/Cam_Evoto/JPEG XL
/Volumes/JordanExternalDrive5	Edited	/Volumes/JordanExternalDrive5/JordanExternalDrive1/Pictures/2019/2019-08-03 Chelsea Hunter Spa/Outfit 1/Edited
/Volumes/JordanExternalDrive5	TIFF	/Volumes/JordanExternalDrive5/JordanExternalDrive1/Pictures/2019/2019-08-03 Chelsea Hunter Spa/Outfit 1/TIFF
/Volumes/JordanExternalDrive5	JPEG XL, TIFF	/Volumes/JordanExternalDrive5/JordanExternalDrive1/Pictures/2019/2019-08-03 Chelsea Hunter Spa/Outfit 1/TIFF/JPEG XL
/Volumes/JordanExternalDrive5	Edited	/Volumes/JordanExternalDrive5/JordanExternalDrive1/Pictures/2019/2019-08-03 Chelsea Hunter Spa/Outfit 2/Edited
/Volumes/JordanExternalDrive5	Edited	/Volumes/JordanExternalDrive5/JordanExternalDrive1/Pictures/2019/2019-08-03 Chelsea Hunter Spa/Outfit 3/Edited
/Volumes/JordanExternalDrive5	Edited	/Volumes/JordanExternalDrive5/JordanExternalDrive1/Pictures/2019/2019-08-06 Sarah Sanchez/Edited
/Volumes/JordanExternalDrive5	JPEG XL	/Volumes/JordanExternalDrive5/JordanExternalDrive1/Pictures/2019/2019-08-06 Sarah Sanchez/JPEG XL
/Volumes/JordanExternalDrive5	JPEG XL	/Volumes/JordanExternalDrive5/JordanExternalDrive1/Pictures/2019/2019-08-10/JPEG XL
/Volumes/JordanExternalDrive5	Edited	/Volumes/JordanExternalDrive5/JordanExternalDrive1/Pictures/2019/2019-08-17 51 Sierra Crest/Edited
/Volumes/JordanExternalDrive5	Edited	/Volumes/JordanExternalDrive5/JordanExternalDrive1/Pictures/2019/2019-08-18 El Paso Primary Care/Edited
/Volumes/JordanExternalDrive5	Edited	/Volumes/JordanExternalDrive5/JordanExternalDrive1/Pictures/2019/2019-08-20 CDA Headshots/Edited
/Volumes/JordanExternalDrive5	Edited	/Volumes/JordanExternalDrive5/JordanExternalDrive1/Pictures/2019/2019-08-22 Speaking Rock Casino CDA/Edited
/Volumes/JordanExternalDrive5	JPEG XL	/Volumes/JordanExternalDrive5/JordanExternalDrive1/Pictures/2019/2019-08-22 Speaking Rock Casino CDA/JPEG XL
/Volumes/JordanExternalDrive5	Edited	/Volumes/JordanExternalDrive5/JordanExternalDrive1/Pictures/2019/2019-08-24 Skye/Edited
/Volumes/JordanExternalDrive5	JPEG XL, Edited	/Volumes/JordanExternalDrive5/JordanExternalDrive1/Pictures/2019/2019-08-24 Skye/Edited/JPEG XL
/Volumes/JordanExternalDrive5	Edited	/Volumes/JordanExternalDrive5/JordanExternalDrive1/Pictures/2019/2019-09-01 Elizabeth Smith/Edited
/Volumes/JordanExternalDrive5	Edited	/Volumes/JordanExternalDrive5/JordanExternalDrive1/Pictures/2019/2019-09-17 Sense & The Club/Edited
/Volumes/JordanExternalDrive5	Edited	/Volumes/JordanExternalDrive5/JordanExternalDrive1/Pictures/2019/2019-09-21 Vintage Camera/Edited
/Volumes/JordanExternalDrive5	JPEG XL	/Volumes/JordanExternalDrive5/JordanExternalDrive1/Pictures/2019/2019-09-23 Evolve Credit Union CDA/DJI Phantom 4/Photo/JPEG XL
/Volumes/JordanExternalDrive5	JPEG XL	/Volumes/JordanExternalDrive5/JordanExternalDrive1/Pictures/2019/2019-09-23 Evolve Credit Union CDA/Sony a7RII/JPEG XL
/Volumes/JordanExternalDrive5	JPEG XL	/Volumes/JordanExternalDrive5/JordanExternalDrive1/Pictures/2019/2019-10-02 The Club/JPEG XL
/Volumes/JordanExternalDrive5	JPEG XL	/Volumes/JordanExternalDrive5/JordanExternalDrive1/Pictures/2019/2019-10-06 Selfies/JPEG XL
/Volumes/JordanExternalDrive5	Edited	/Volumes/JordanExternalDrive5/JordanExternalDrive1/Pictures/2019/2019-10-19 101 Modeling Class- Chelsea/Edited
/Volumes/JordanExternalDrive5	Edited	/Volumes/JordanExternalDrive5/JordanExternalDrive1/Pictures/2019/2019-10-20 Samira Hillside/Outfit 1/Edited
/Volumes/JordanExternalDrive5	JPEG XL	/Volumes/JordanExternalDrive5/JordanExternalDrive1/Pictures/2019/2019-10-20 Samira Hillside/Outfit 1/JPEG XL
/Volumes/JordanExternalDrive5	Edited	/Volumes/JordanExternalDrive5/JordanExternalDrive1/Pictures/2019/2019-10-20 Samira Hillside/Outfit 2/Edited
/Volumes/JordanExternalDrive5	JPEG XL	/Volumes/JordanExternalDrive5/JordanExternalDrive1/Pictures/2019/2019-10-20 Samira Hillside/Outfit 2/JPEG XL
/Volumes/JordanExternalDrive5	Edited	/Volumes/JordanExternalDrive5/JordanExternalDrive1/Pictures/2019/2019-10-20 Samira Hillside/Outfit 3/Edited
/Volumes/JordanExternalDrive5	JPEG XL	/Volumes/JordanExternalDrive5/JordanExternalDrive1/Pictures/2019/2019-10-20 Samira Hillside/Outfit 3/JPEG XL
/Volumes/JordanExternalDrive5	Edited	/Volumes/JordanExternalDrive5/JordanExternalDrive1/Pictures/2019/2019-10-22 Oriann M/Edited
/Volumes/JordanExternalDrive5	JPEG XL, Edited	/Volumes/JordanExternalDrive5/JordanExternalDrive1/Pictures/2019/2019-10-22 Oriann M/Edited/JPEG XL
/Volumes/JordanExternalDrive5	Edited	/Volumes/JordanExternalDrive5/JordanExternalDrive1/Pictures/2019/2019-10-24 4th Annual Model Photographer Meetup/Edited
/Volumes/JordanExternalDrive5	JPEG XL	/Volumes/JordanExternalDrive5/JordanExternalDrive1/Pictures/2019/2019-10-24 4th Annual Model Photographer Meetup/JPEG XL
/Volumes/JordanExternalDrive5	Edited	/Volumes/JordanExternalDrive5/JordanExternalDrive1/Pictures/2019/2019-10-26 Fashion Week Gran Finale/Edited
/Volumes/JordanExternalDrive5	Edited	/Volumes/JordanExternalDrive5/JordanExternalDrive1/Pictures/2019/2019-11-07 Melissa/Edited
/Volumes/JordanExternalDrive5	Edited	/Volumes/JordanExternalDrive5/JordanExternalDrive1/Pictures/2019/2019-11-12/Edited
/Volumes/JordanExternalDrive5	Edited	/Volumes/JordanExternalDrive5/JordanExternalDrive1/Pictures/2019/2019-11-13 Katie Scott/Edited
/Volumes/JordanExternalDrive5	JPEG XL	/Volumes/JordanExternalDrive5/JordanExternalDrive1/Pictures/2019/2019-11-13 Katie Scott/JPEG XL
/Volumes/JordanExternalDrive5	Edited	/Volumes/JordanExternalDrive5/JordanExternalDrive1/Pictures/2019/2019-11-16 Hugo Y Georgina Boda/EDITED
/Volumes/JordanExternalDrive5	Edited	/Volumes/JordanExternalDrive5/JordanExternalDrive1/Pictures/2019/2019-12-02 Selfies/Edited
/Volumes/JordanExternalDrive5	JPEG XL, Edited	/Volumes/JordanExternalDrive5/JordanExternalDrive1/Pictures/2019/2019-12-02 Selfies/Edited/JPEG XL
/Volumes/JordanExternalDrive5	Edited	/Volumes/JordanExternalDrive5/JordanExternalDrive1/Pictures/2019/2019-12-08 Erick Nevarez/Edited
/Volumes/JordanExternalDrive5	Edited	/Volumes/JordanExternalDrive5/JordanExternalDrive1/Pictures/2019/2019-12-22 Victoria Mendoza/Edited
/Volumes/JordanExternalDrive5	Edited	/Volumes/JordanExternalDrive5/JordanExternalDrive1/Pictures/2019/2019-12-23 Arianna and Bucco/Edited
/Volumes/JordanExternalDrive5	Edited	/Volumes/JordanExternalDrive5/JordanExternalDrive1/Pictures/2019/2019-12-29 Ernesto & Bere/Edited
/Volumes/JordanExternalDrive5	Edited	/Volumes/JordanExternalDrive5/JordanExternalDrive1/Pictures/2020/2020-01-01 Michael and Dexter/Edited
/Volumes/JordanExternalDrive5	Edited	/Volumes/JordanExternalDrive5/JordanExternalDrive1/Pictures/2020/2020-01-04 Rebeca Lara/Edited
/Volumes/JordanExternalDrive5	Edited	/Volumes/JordanExternalDrive5/JordanExternalDrive1/Pictures/2020/2020-01-12 Selfies/Edited
/Volumes/JordanExternalDrive5	TIFF	/Volumes/JordanExternalDrive5/JordanExternalDrive1/Pictures/2020/2020-01-18 Wayne Hilton Day 1/Concept 6/TIFF
/Volumes/JordanExternalDrive5	JPEG XL, TIFF	/Volumes/JordanExternalDrive5/JordanExternalDrive1/Pictures/2020/2020-01-18 Wayne Hilton Day 1/Concept 6/TIFF/JPEG XL
/Volumes/JordanExternalDrive5	Edited	/Volumes/JordanExternalDrive5/JordanExternalDrive1/Pictures/2020/2020-01-18 Wayne Hilton Day 1/Edited
/Volumes/JordanExternalDrive5	Edited	/Volumes/JordanExternalDrive5/JordanExternalDrive1/Pictures/2020/2020-01-19 Wayne Hilton Day 2/Melissa/Edited
/Volumes/JordanExternalDrive5	Edited	/Volumes/JordanExternalDrive5/JordanExternalDrive1/Pictures/2020/2020-01-19 Wayne Hilton Day 2/Wayne/Edited
/Volumes/JordanExternalDrive5	JPEG XL, Edited	/Volumes/JordanExternalDrive5/JordanExternalDrive1/Pictures/2020/2020-01-19 Wayne Hilton Day 2/Wayne/Edited/JPEG XL
/Volumes/JordanExternalDrive5	TIFF	/Volumes/JordanExternalDrive5/JordanExternalDrive1/Pictures/2020/2020-01-31 Christa Schafer/Concept 5/TIFF
/Volumes/JordanExternalDrive5	JPEG XL, TIFF	/Volumes/JordanExternalDrive5/JordanExternalDrive1/Pictures/2020/2020-01-31 Christa Schafer/Concept 5/TIFF/Christa 2020_Evoto/JPEG XL
/Volumes/JordanExternalDrive5	JPEG XL, TIFF	/Volumes/JordanExternalDrive5/JordanExternalDrive1/Pictures/2020/2020-01-31 Christa Schafer/Concept 5/TIFF/JPEG XL
/Volumes/JordanExternalDrive5	TIFF	/Volumes/JordanExternalDrive5/JordanExternalDrive1/Pictures/2020/2020-02-08 Chris Knight Workshop/Concept 1/TIFF
/Volumes/JordanExternalDrive5	JPEG XL, TIFF	/Volumes/JordanExternalDrive5/JordanExternalDrive1/Pictures/2020/2020-02-08 Chris Knight Workshop/Concept 1/TIFF/JPEG XL
/Volumes/JordanExternalDrive5	JPEG XL, TIFF	/Volumes/JordanExternalDrive5/JordanExternalDrive1/Pictures/2020/2020-02-08 Chris Knight Workshop/Concept 1/TIFF/Katie Chris Knight_Evoto/JPEG XL
/Volumes/JordanExternalDrive5	Cam_Evoto	/Volumes/JordanExternalDrive5/JordanExternalDrive1/Pictures/2020/2020-02-08 Chris Knight Workshop/Concept 2/Portfolio/Cam_Evoto
/Volumes/JordanExternalDrive5	Cam_Evoto, JPEG XL	/Volumes/JordanExternalDrive5/JordanExternalDrive1/Pictures/2020/2020-02-08 Chris Knight Workshop/Concept 2/Portfolio/Cam_Evoto/JPEG XL
/Volumes/JordanExternalDrive5	JPEG XL	/Volumes/JordanExternalDrive5/JordanExternalDrive1/Pictures/2020/2020-02-08 Chris Knight Workshop/Concept 2/Portfolio/JPEG XL
/Volumes/JordanExternalDrive5	TIFF	/Volumes/JordanExternalDrive5/JordanExternalDrive1/Pictures/2020/2020-02-08 Chris Knight Workshop/Concept 2/TIFF
/Volumes/JordanExternalDrive5	JPEG XL, TIFF	/Volumes/JordanExternalDrive5/JordanExternalDrive1/Pictures/2020/2020-02-08 Chris Knight Workshop/Concept 2/TIFF/JPEG XL
/Volumes/JordanExternalDrive5	JPEG XL	/Volumes/JordanExternalDrive5/JordanExternalDrive1/Pictures/2020/2020-02-08 Chris Knight Workshop/Concept 4/JPEG XL
/Volumes/JordanExternalDrive5	Edited	/Volumes/JordanExternalDrive5/JordanExternalDrive1/Pictures/2020/2020-02-08 Chris Knight Workshop/Edited
/Volumes/JordanExternalDrive5	Edited	/Volumes/JordanExternalDrive5/JordanExternalDrive1/Pictures/2020/2020-02-15 Milahni Kaye Wlikerson/Edited
/Volumes/JordanExternalDrive5	Edited	/Volumes/JordanExternalDrive5/JordanExternalDrive1/Pictures/2020/2020-02-21 Elizabeth Smith/Edited
/Volumes/JordanExternalDrive5	Edited	/Volumes/JordanExternalDrive5/JordanExternalDrive1/Pictures/2020/2020-02-21 Elizabeth Smith/Red Coat/Edited
/Volumes/JordanExternalDrive5	Edited	/Volumes/JordanExternalDrive5/JordanExternalDrive1/Pictures/2020/2020-02-29 Chelsea Hunter Suit/Edited
/Volumes/JordanExternalDrive5	TIFF	/Volumes/JordanExternalDrive5/JordanExternalDrive1/Pictures/2020/2020-02-29 Chelsea Hunter Suit/TIFF
/Volumes/JordanExternalDrive5	JPEG XL, TIFF	/Volumes/JordanExternalDrive5/JordanExternalDrive1/Pictures/2020/2020-02-29 Chelsea Hunter Suit/TIFF/Chelsea Suit_Evoto/JPEG XL
/Volumes/JordanExternalDrive5	JPEG XL, TIFF	/Volumes/JordanExternalDrive5/JordanExternalDrive1/Pictures/2020/2020-02-29 Chelsea Hunter Suit/TIFF/JPEG XL
/Volumes/JordanExternalDrive5	Edited	/Volumes/JordanExternalDrive5/JordanExternalDrive1/Pictures/2020/2020-03-14 Mikayla Mylynn Williams/Edited
/Volumes/JordanExternalDrive5	Edited	/Volumes/JordanExternalDrive5/JordanExternalDrive1/Pictures/2020/2020-04-15 Jordan Selfies/2020-04-16/Edited
/Volumes/JordanExternalDrive5	Edited	/Volumes/JordanExternalDrive5/JordanExternalDrive1/Pictures/2020/2020-04-15 Jordan Selfies/2020-04-18/Edited
/Volumes/JordanExternalDrive5	Edited	/Volumes/JordanExternalDrive5/JordanExternalDrive1/Pictures/2020/2020-04-15 Jordan Selfies/2020-04-19/Edited
/Volumes/JordanExternalDrive5	Edited	/Volumes/JordanExternalDrive5/JordanExternalDrive1/Pictures/2020/2020-04-15 Jordan Selfies/2020-04-22/Edited
/Volumes/JordanExternalDrive5	Edited	/Volumes/JordanExternalDrive5/JordanExternalDrive1/Pictures/2020/2020-05-12 913 Via Corta Ct/2020-05-12 913 Via Corta Ct Drone/Edited
/Volumes/JordanExternalDrive5	Edited	/Volumes/JordanExternalDrive5/JordanExternalDrive1/Pictures/2020/2020-05-12 913 Via Corta Ct/Edited
/Volumes/JordanExternalDrive5	TIFF	/Volumes/JordanExternalDrive5/JordanExternalDrive1/Pictures/2020/2020-05-17 Selfies/TIFF
/Volumes/JordanExternalDrive5	JPEG XL, TIFF	/Volumes/JordanExternalDrive5/JordanExternalDrive1/Pictures/2020/2020-05-17 Selfies/TIFF/JPEG XL
/Volumes/JordanExternalDrive5	TIFF	/Volumes/JordanExternalDrive5/JordanExternalDrive1/Pictures/2020/2020-05-17 Selfies/TIFF/TIFF
/Volumes/JordanExternalDrive5	Edited	/Volumes/JordanExternalDrive5/JordanExternalDrive1/Pictures/2020/2020-05-25/Edited
/Volumes/JordanExternalDrive5	Edited	/Volumes/JordanExternalDrive5/JordanExternalDrive1/Pictures/2020/2020-05-31/Edited
/Volumes/JordanExternalDrive5	Edited	/Volumes/JordanExternalDrive5/JordanExternalDrive1/Pictures/2020/2020-06-13 Amanda Skye/Edited
/Volumes/JordanExternalDrive5	TIFF	/Volumes/JordanExternalDrive5/JordanExternalDrive1/Pictures/2020/2020-06-13 Amanda Skye/TIFF
/Volumes/JordanExternalDrive5	JPEG XL, TIFF	/Volumes/JordanExternalDrive5/JordanExternalDrive1/Pictures/2020/2020-06-13 Amanda Skye/TIFF/JPEG XL
/Volumes/JordanExternalDrive5	JPEG XL, TIFF	/Volumes/JordanExternalDrive5/JordanExternalDrive1/Pictures/2020/2020-06-13 Amanda Skye/TIFF/Skye_Evoto/JPEG XL
/Volumes/JordanExternalDrive5	Edited	/Volumes/JordanExternalDrive5/JordanExternalDrive1/Pictures/2020/2020-06-27/Edited
/Volumes/JordanExternalDrive5	Edited	/Volumes/JordanExternalDrive5/JordanExternalDrive1/Pictures/2020/2020-06-28/Edited
/Volumes/JordanExternalDrive5	JPEG XL, Edited	/Volumes/JordanExternalDrive5/JordanExternalDrive1/Pictures/2020/2020-06-28/Edited/JPEG XL
/Volumes/JordanExternalDrive5	TIFF	/Volumes/JordanExternalDrive5/JordanExternalDrive1/Pictures/2020/2020-06-28/TIFF
/Volumes/JordanExternalDrive5	JPEG XL, TIFF	/Volumes/JordanExternalDrive5/JordanExternalDrive1/Pictures/2020/2020-06-28/TIFF/JPEG XL
/Volumes/JordanExternalDrive5	Edited	/Volumes/JordanExternalDrive5/JordanExternalDrive1/Pictures/2020/2020-08-09 Sun Flower Bank Exterior Morning/Edited
/Volumes/JordanExternalDrive5	Edited	/Volumes/JordanExternalDrive5/JordanExternalDrive1/Pictures/2020/2020-08-13 Sun Flower Bank Headshots/Edited
/Volumes/JordanExternalDrive5	Edited	/Volumes/JordanExternalDrive5/JordanExternalDrive1/Pictures/2020/2020-08-14 Sun Flower Bank/Edited Paola
/Volumes/JordanExternalDrive5	Edited	/Volumes/JordanExternalDrive5/JordanExternalDrive1/Pictures/2020/2020-08-17 Sun Flower Bank/Edited
/Volumes/JordanExternalDrive5	Edited	/Volumes/JordanExternalDrive5/JordanExternalDrive1/Pictures/2020/2020-08-29 Austin Dornay/Edited
/Volumes/JordanExternalDrive5	Edited	/Volumes/JordanExternalDrive5/JordanExternalDrive1/Pictures/2020/2020-08-29 Rubi y Tavo/Edited
/Volumes/JordanExternalDrive5	JPEG XL	/Volumes/JordanExternalDrive5/JordanExternalDrive1/Pictures/2020/2020-09-01 Katie Scott/Outfit 1/JPEG XL
/Volumes/JordanExternalDrive5	JPEG XL	/Volumes/JordanExternalDrive5/JordanExternalDrive1/Pictures/2020/2020-09-01 Katie Scott/Outfit 1/JPEG XL/JPEG XL
/Volumes/JordanExternalDrive5	TIFF	/Volumes/JordanExternalDrive5/JordanExternalDrive1/Pictures/2020/2020-09-01 Katie Scott/Outfit 1/TIFF
/Volumes/JordanExternalDrive5	JPEG XL, TIFF	/Volumes/JordanExternalDrive5/JordanExternalDrive1/Pictures/2020/2020-09-01 Katie Scott/Outfit 1/TIFF/JPEG XL
/Volumes/JordanExternalDrive5	JPEG XL, TIFF	/Volumes/JordanExternalDrive5/JordanExternalDrive1/Pictures/2020/2020-09-01 Katie Scott/Outfit 1/TIFF/Katie Suit_Evoto/JPEG XL
/Volumes/JordanExternalDrive5	Edited	/Volumes/JordanExternalDrive5/JordanExternalDrive1/Pictures/2020/2020-09-01 Katie Scott/Outfit 2/Edited
/Volumes/JordanExternalDrive5	Edited	/Volumes/JordanExternalDrive5/JordanExternalDrive1/Pictures/2020/2020-09-01 Katie Scott/Outfit 3/Edited
/Volumes/JordanExternalDrive5	TIFF, Edited	/Volumes/JordanExternalDrive5/JordanExternalDrive1/Pictures/2020/2020-09-01 Katie Scott/Outfit 3/Edited/TIFF
/Volumes/JordanExternalDrive5	JPEG XL, TIFF, Edited	/Volumes/JordanExternalDrive5/JordanExternalDrive1/Pictures/2020/2020-09-01 Katie Scott/Outfit 3/Edited/TIFF/JPEG XL
/Volumes/JordanExternalDrive5	TIFF	/Volumes/JordanExternalDrive5/JordanExternalDrive1/Pictures/2020/2020-09-01 Katie Scott/Outfit 3/TIFF
/Volumes/JordanExternalDrive5	JPEG XL, TIFF	/Volumes/JordanExternalDrive5/JordanExternalDrive1/Pictures/2020/2020-09-01 Katie Scott/Outfit 3/TIFF/JPEG XL
/Volumes/JordanExternalDrive5	Edited	/Volumes/JordanExternalDrive5/JordanExternalDrive1/Pictures/2020/2020-09-02 Matthew Reilly/Edited
/Volumes/JordanExternalDrive5	TIFF	/Volumes/JordanExternalDrive5/JordanExternalDrive1/Pictures/2020/2020-09-02 Matthew Reilly/TIFF
/Volumes/JordanExternalDrive5	JPEG XL, TIFF	/Volumes/JordanExternalDrive5/JordanExternalDrive1/Pictures/2020/2020-09-02 Matthew Reilly/TIFF/JPEG XL
/Volumes/JordanExternalDrive5	JPEG XL, TIFF	/Volumes/JordanExternalDrive5/JordanExternalDrive1/Pictures/2020/2020-09-02 Matthew Reilly/TIFF/Matthew_Evoto/JPEG XL
/Volumes/JordanExternalDrive5	Edited	/Volumes/JordanExternalDrive5/JordanExternalDrive1/Pictures/2020/2020-09-20 Dorali Licon/Edited
/Volumes/JordanExternalDrive5	Edited	/Volumes/JordanExternalDrive5/JordanExternalDrive1/Pictures/2020/2020-10-23 Lucia y David/Edited
/Volumes/JordanExternalDrive5	Edited	/Volumes/JordanExternalDrive5/JordanExternalDrive1/Pictures/2020/2020-11-07 Alejandra's Photoshoot/Edited
/Volumes/JordanExternalDrive5	Edited	/Volumes/JordanExternalDrive5/JordanExternalDrive1/Pictures/2020/2020-11-19/Edited
/Volumes/JordanExternalDrive5	Edited	/Volumes/JordanExternalDrive5/JordanExternalDrive1/Pictures/2020/2020-11-20 Sunflowwer Corporate Event/Edited
/Volumes/JordanExternalDrive5	Edited	/Volumes/JordanExternalDrive5/JordanExternalDrive1/Pictures/2020/2020-11-24 Tony Aleman/Edited
/Volumes/JordanExternalDrive5	Edited	/Volumes/JordanExternalDrive5/JordanExternalDrive1/Pictures/2020/2020-11-25 Tony Aleman/Edited
/Volumes/JordanExternalDrive5	Edited	/Volumes/JordanExternalDrive5/JordanExternalDrive1/Pictures/2020/2020-12-01 CDA Sunlandpark & Mesa/Edited
/Volumes/JordanExternalDrive5	JPEG XL, Edited	/Volumes/JordanExternalDrive5/JordanExternalDrive1/Pictures/2020/2020-12-01 CDA Sunlandpark & Mesa/Edited/JPEG XL
/Volumes/JordanExternalDrive5	Edited	/Volumes/JordanExternalDrive5/JordanExternalDrive1/Pictures/2020/2020-12-02 CDA Planetarium and FirstLight/FirstLight Federal Credit Union/Edited
/Volumes/JordanExternalDrive5	Edited	/Volumes/JordanExternalDrive5/JordanExternalDrive1/Pictures/2020/2020-12-03 CDA Sunlandpark & Mesa/Edited
/Volumes/JordanExternalDrive5	Edited	/Volumes/JordanExternalDrive5/JordanExternalDrive1/Pictures/2020/2020-12-04 CDA Planetarium & Zaragoza Plaza/Zaragoza Plaza/Edited
/Volumes/JordanExternalDrive5	JPEG XL, Edited	/Volumes/JordanExternalDrive5/JordanExternalDrive1/Pictures/2020/2020-12-04 CDA Planetarium & Zaragoza Plaza/Zaragoza Plaza/Edited/Final/JPEG XL
/Volumes/JordanExternalDrive5	Edited	/Volumes/JordanExternalDrive5/JordanExternalDrive1/Pictures/2020/2020-12-06 CDA El Paso County Sportspark & Zaragoza Plaza/El Paso County Sportspark/Edited
/Volumes/JordanExternalDrive5	JPEG XL, Edited	/Volumes/JordanExternalDrive5/JordanExternalDrive1/Pictures/2020/2020-12-06 CDA El Paso County Sportspark & Zaragoza Plaza/El Paso County Sportspark/Edited/Final/JPEG XL
/Volumes/JordanExternalDrive5	Edited	/Volumes/JordanExternalDrive5/JordanExternalDrive1/Pictures/2020/2020-12-06 CDA El Paso County Sportspark & Zaragoza Plaza/Zaragoza Plaza/Edited
/Volumes/JordanExternalDrive5	Edited	/Volumes/JordanExternalDrive5/JordanExternalDrive1/Pictures/2020/2020-12-12 The Manor at Ten Eleven/Edited
/Volumes/JordanExternalDrive5	Edited	/Volumes/JordanExternalDrive5/JordanExternalDrive1/Pictures/2020/2020-12-13 The Manor at Ten Eleven/Edited
/Volumes/JordanExternalDrive5	Edited	/Volumes/JordanExternalDrive5/JordanExternalDrive1/Pictures/2020/2020-12-14 Tierra Santa/Edited
/Volumes/JordanExternalDrive5	JPEG XL, Edited	/Volumes/JordanExternalDrive5/JordanExternalDrive1/Pictures/2020/2020-12-14 Tierra Santa/Edited/JPEG XL
/Volumes/JordanExternalDrive5	Edited	/Volumes/JordanExternalDrive5/JordanExternalDrive1/Pictures/2020/2020-12-18/CDA Sherman Ridge/Edited
/Volumes/JordanExternalDrive5	Edited	/Volumes/JordanExternalDrive5/JordanExternalDrive1/Pictures/2020/2020-12-18/LAT Studios - Neon - Paulet/Edited
/Volumes/JordanExternalDrive5	Edited	/Volumes/JordanExternalDrive5/JordanExternalDrive1/Pictures/2020/2020-12-19 Lat Stuidios - Gothic - Polet/Edited
/Volumes/JordanExternalDrive5	JPEG XL, Edited	/Volumes/JordanExternalDrive5/JordanExternalDrive1/Pictures/2020/2020-12-19 Lat Stuidios - Gothic - Polet/Edited/JPEG XL
/Volumes/JordanExternalDrive5	Edited	/Volumes/JordanExternalDrive5/JordanExternalDrive1/Pictures/2020/2020-12-20 Lat Studios - Carnaval - Polet/Edited
/Volumes/JordanExternalDrive5	Edited	/Volumes/JordanExternalDrive5/JordanExternalDrive1/Pictures/2020/2020-12-28 A Midnight Curing/Edited
/Volumes/JordanExternalDrive5	Edited	/Volumes/JordanExternalDrive5/JordanExternalDrive1/Pictures/2021/2021-01-10 High Rolls Crash/Edited
/Volumes/JordanExternalDrive5	Edited	/Volumes/JordanExternalDrive5/JordanExternalDrive1/Pictures/2021/2021-01-15 Libna/Edited
/Volumes/JordanExternalDrive5	Edited	/Volumes/JordanExternalDrive5/JordanExternalDrive1/Pictures/2021/2021-01-24 Jordan Headshots/Edited
/Volumes/JordanExternalDrive5	Edited	/Volumes/JordanExternalDrive5/JordanExternalDrive1/Pictures/2021/2021-02-02 Jordan Headshots/Edited
/Volumes/JordanExternalDrive5	TIFF	/Volumes/JordanExternalDrive5/JordanExternalDrive1/Pictures/2021/2021-02-02 Jordan Headshots/TIFF
/Volumes/JordanExternalDrive5	JPEG XL, TIFF	/Volumes/JordanExternalDrive5/JordanExternalDrive1/Pictures/2021/2021-02-02 Jordan Headshots/TIFF/Jordan Headshot_Evoto/JPEG XL
/Volumes/JordanExternalDrive5	Edited	/Volumes/JordanExternalDrive5/JordanExternalDrive1/Pictures/2021/2021-02-19 Chelsea Hunter - Editorial Shoot/Edited
/Volumes/JordanExternalDrive5	Edited	/Volumes/JordanExternalDrive5/JordanExternalDrive1/Pictures/2021/2021-02-25 CenterRE - CDA/Rescue Mission - CDA/Edited
/Volumes/JordanExternalDrive5	Edited	/Volumes/JordanExternalDrive5/JordanExternalDrive1/Pictures/2021/2021-03-19 Yazmin Calderon/Edited
/Volumes/JordanExternalDrive5	Edited	/Volumes/JordanExternalDrive5/JordanExternalDrive1/Pictures/2021/2021-03-21 Headshots Retouching/Edited
/Volumes/JordanExternalDrive5	Edited	/Volumes/JordanExternalDrive5/JordanExternalDrive1/Pictures/2021/2021-03-23 Dorali Tequila/Outfit 1/Edited
/Volumes/JordanExternalDrive5	Edited	/Volumes/JordanExternalDrive5/JordanExternalDrive1/Pictures/2021/2021-03-23 Dorali Tequila/Outfit 2/Edited
/Volumes/JordanExternalDrive5	Edited	/Volumes/JordanExternalDrive5/JordanExternalDrive1/Pictures/2021/2021-03-27 Nike - Sav/Outfit 3/Edited
/Volumes/JordanExternalDrive5	Edited	/Volumes/JordanExternalDrive5/JordanExternalDrive1/Pictures/2021/2021-03-27 Nike - Sav/Outfit 4/Edited
/Volumes/JordanExternalDrive5	Edited	/Volumes/JordanExternalDrive5/JordanExternalDrive1/Pictures/2021/2021-03-28 Alizai Headshots/Edited
/Volumes/JordanExternalDrive5	Edited	/Volumes/JordanExternalDrive5/JordanExternalDrive1/Pictures/2021/2021-04-05 Central Real Estate/Edited
/Volumes/JordanExternalDrive5	Edited	/Volumes/JordanExternalDrive5/JordanExternalDrive1/Pictures/2021/2021-04-13 Toni Assael/Edited
/Volumes/JordanExternalDrive5	Edited	/Volumes/JordanExternalDrive5/JordanExternalDrive1/Pictures/2021/2021-04-18 Madeline Ottilie/Edited
/Volumes/JordanExternalDrive5	Edited	/Volumes/JordanExternalDrive5/JordanExternalDrive1/Pictures/2021/2021-04-21 Juan Alonso/Edited
/Volumes/JordanExternalDrive5	Edited	/Volumes/JordanExternalDrive5/JordanExternalDrive1/Pictures/2021/2021-04-22 Dan/Edited
/Volumes/JordanExternalDrive5	Edited	/Volumes/JordanExternalDrive5/JordanExternalDrive1/Pictures/2021/2021-04-22 Short FIlm Matthew's Camera/Dan/Edited
/Volumes/JordanExternalDrive5	Edited	/Volumes/JordanExternalDrive5/JordanExternalDrive1/Pictures/2021/2021-04-22 Short FIlm Matthew's Camera/Jordan/Edited
/Volumes/JordanExternalDrive5	JPEG XL, Edited	/Volumes/JordanExternalDrive5/JordanExternalDrive1/Pictures/2021/2021-04-22 Short FIlm Matthew's Camera/Jordan/Edited/JPEG XL
/Volumes/JordanExternalDrive5	Edited	/Volumes/JordanExternalDrive5/JordanExternalDrive1/Pictures/2021/2021-04-22 Short FIlm Matthew's Camera/Julian/Edited
/Volumes/JordanExternalDrive5	Edited	/Volumes/JordanExternalDrive5/JordanExternalDrive1/Pictures/2021/2021-04-22 Short FIlm Matthew's Camera/Matthew/Edited
/Volumes/JordanExternalDrive5	Edited	/Volumes/JordanExternalDrive5/JordanExternalDrive1/Pictures/2021/2021-04-22 Short Film/Jordan/Edited
/Volumes/JordanExternalDrive5	Edited	/Volumes/JordanExternalDrive5/JordanExternalDrive1/Pictures/2021/2021-04-29 Melissa & Vivi/Vivian Serrano/Edited
/Volumes/JordanExternalDrive5	JPEG XL, Edited	/Volumes/JordanExternalDrive5/JordanExternalDrive1/Pictures/2021/2021-04-29 Melissa & Vivi/Vivian Serrano/Edited/JPEG XL
/Volumes/JordanExternalDrive5	Edited	/Volumes/JordanExternalDrive5/JordanExternalDrive1/Pictures/2021/2021-05-01 Karen & James/Outfit 1/Edited
/Volumes/JordanExternalDrive5	Edited	/Volumes/JordanExternalDrive5/JordanExternalDrive1/Pictures/2021/2021-05-01 Karen & James/Outfit 2/Edited
/Volumes/JordanExternalDrive5	Edited	/Volumes/JordanExternalDrive5/JordanExternalDrive1/Pictures/2021/2021-05-01 Karen & James/Outfit 3/Edited
/Volumes/JordanExternalDrive5	Edited	/Volumes/JordanExternalDrive5/JordanExternalDrive1/Pictures/2021/2021-05-02 Oscar Alvarado/Edited
/Volumes/JordanExternalDrive5	JPEG XL, Edited	/Volumes/JordanExternalDrive5/JordanExternalDrive1/Pictures/2021/2021-05-02 Oscar Alvarado/Edited/JPEG XL
/Volumes/JordanExternalDrive5	Edited	/Volumes/JordanExternalDrive5/JordanExternalDrive1/Pictures/2021/2021-05-10 Ingrid Y Chris/Loc 1/Edited
/Volumes/JordanExternalDrive5	Edited	/Volumes/JordanExternalDrive5/JordanExternalDrive1/Pictures/2021/2021-05-10 Ingrid Y Chris/Loc 2/Edited
/Volumes/JordanExternalDrive5	Edited	/Volumes/JordanExternalDrive5/JordanExternalDrive1/Pictures/2021/2021-05-10 Ingrid Y Chris/Loc 3/Edited
/Volumes/JordanExternalDrive5	Edited	/Volumes/JordanExternalDrive5/JordanExternalDrive1/Pictures/2021/2021-05-10 Ingrid Y Chris/Loc 4/Edited
/Volumes/JordanExternalDrive5	Edited	/Volumes/JordanExternalDrive5/JordanExternalDrive1/Pictures/2021/2021-05-10 Ingrid Y Chris/Loc 5/Edited
/Volumes/JordanExternalDrive5	Edited	/Volumes/JordanExternalDrive5/JordanExternalDrive1/Pictures/2021/2021-05-10 Ingrid Y Chris/Loc 6/Edited
/Volumes/JordanExternalDrive5	Edited	/Volumes/JordanExternalDrive5/JordanExternalDrive1/Pictures/2021/2021-05-14 Vanessa Martinez/Edited
/Volumes/JordanExternalDrive5	Edited	/Volumes/JordanExternalDrive5/JordanExternalDrive1/Pictures/2021/2021-05-17 Andrew and Val/Edited
/Volumes/JordanExternalDrive5	Edited	/Volumes/JordanExternalDrive5/JordanExternalDrive1/Pictures/2021/2021-05-22 Center Real Estate/Edited
/Volumes/JordanExternalDrive5	Edited	/Volumes/JordanExternalDrive5/JordanExternalDrive1/Pictures/2021/2021-05-27 CDA/CDA Leon Building/Edited
/Volumes/JordanExternalDrive5	Edited	/Volumes/JordanExternalDrive5/JordanExternalDrive1/Pictures/2021/2021-05-27 CDA/CRC Alameda/Edited
/Volumes/JordanExternalDrive5	Edited	/Volumes/JordanExternalDrive5/JordanExternalDrive1/Pictures/2021/2021-05-27 CDA/CRC Railraod/Edited
/Volumes/JordanExternalDrive5	Edited	/Volumes/JordanExternalDrive5/JordanExternalDrive1/Pictures/2021/2021-05-27 CDA/Carl Headshot/Edited
/Volumes/JordanExternalDrive5	Edited	/Volumes/JordanExternalDrive5/JordanExternalDrive1/Pictures/2021/2021-05-31 Bridal Shoot/Edited
/Volumes/JordanExternalDrive5	Edited	/Volumes/JordanExternalDrive5/JordanExternalDrive1/Pictures/2021/2021-06-04 CDA - Americas High School Drone/Edited
/Volumes/JordanExternalDrive5	Edited	/Volumes/JordanExternalDrive5/JordanExternalDrive1/Pictures/2021/2021-06-07 Elena/Edited
/Volumes/JordanExternalDrive5	Edited	/Volumes/JordanExternalDrive5/JordanExternalDrive1/Pictures/2021/2021-07-04 Gustavo Torres Headshots/Edited
/Volumes/JordanExternalDrive5	Edited	/Volumes/JordanExternalDrive5/JordanExternalDrive1/Pictures/2021/2021-07-08 Anell Hernandez Hollywood/Edited
/Volumes/JordanExternalDrive5	Edited	/Volumes/JordanExternalDrive5/JordanExternalDrive1/Pictures/2021/2021-07-22 Valentina/Outfit 3/Edited
/Volumes/JordanExternalDrive5	Edited	/Volumes/JordanExternalDrive5/JordanExternalDrive1/Pictures/2021/2021-07-22 Valentina/Outfit 4/Edited
/Volumes/JordanExternalDrive5	JPEG XL, Edited	/Volumes/JordanExternalDrive5/JordanExternalDrive1/Pictures/2021/2021-07-22 Valentina/Outfit 4/Edited/JPEG XL
/Volumes/JordanExternalDrive5	JPEG XL	/Volumes/JordanExternalDrive5/JordanExternalDrive1/Pictures/2021/2021-07-22 Valentina/Outfit 4/JPEG XL
/Volumes/JordanExternalDrive5	Edited	/Volumes/JordanExternalDrive5/JordanExternalDrive1/Pictures/2021/2021-07-25 Shey/Location 1/Edited
/Volumes/JordanExternalDrive5	Edited	/Volumes/JordanExternalDrive5/JordanExternalDrive1/Pictures/2021/2021-07-25 Shey/Location 3/Edited
/Volumes/JordanExternalDrive5	Edited	/Volumes/JordanExternalDrive5/JordanExternalDrive1/Pictures/2021/2021-07-25 Shey/Location 4/Edited
/Volumes/JordanExternalDrive5	Edited	/Volumes/JordanExternalDrive5/JordanExternalDrive1/Pictures/2021/2021-07-25 Shey/Location 5/Edited
/Volumes/JordanExternalDrive5	Edited	/Volumes/JordanExternalDrive5/JordanExternalDrive1/Pictures/2021/2021-07-25/Edited
/Volumes/JordanExternalDrive5	Edited	/Volumes/JordanExternalDrive5/JordanExternalDrive1/Pictures/2021/2021-08-01 Palmer James Design/Edited
/Volumes/JordanExternalDrive5	Edited	/Volumes/JordanExternalDrive5/JordanExternalDrive1/Pictures/2021/2021-08-06 Hotel Paso Del Norte  ✓/Edited
/Volumes/JordanExternalDrive5	Edited	/Volumes/JordanExternalDrive5/JordanExternalDrive1/Pictures/2021/2021-08-10 Seattle Day 1/Edited
/Volumes/JordanExternalDrive5	Edited	/Volumes/JordanExternalDrive5/JordanExternalDrive1/Pictures/2021/2021-08-12 Seattle Day 3/Edited
/Volumes/JordanExternalDrive5	Edited	/Volumes/JordanExternalDrive5/JordanExternalDrive1/Pictures/2021/2021-08-17 Sarah Ann/Outfit 1/Edited
/Volumes/JordanExternalDrive5	TIFF	/Volumes/JordanExternalDrive5/JordanExternalDrive1/Pictures/2021/2021-08-17 Sarah Ann/Outfit 1/TIFF
/Volumes/JordanExternalDrive5	Cam_Evoto, TIFF	/Volumes/JordanExternalDrive5/JordanExternalDrive1/Pictures/2021/2021-08-17 Sarah Ann/Outfit 1/TIFF/Cam_Evoto
/Volumes/JordanExternalDrive5	Cam_Evoto, JPEG XL, TIFF	/Volumes/JordanExternalDrive5/JordanExternalDrive1/Pictures/2021/2021-08-17 Sarah Ann/Outfit 1/TIFF/Cam_Evoto/JPEG XL
/Volumes/JordanExternalDrive5	JPEG XL, TIFF	/Volumes/JordanExternalDrive5/JordanExternalDrive1/Pictures/2021/2021-08-17 Sarah Ann/Outfit 1/TIFF/JPEG XL
/Volumes/JordanExternalDrive5	Edited	/Volumes/JordanExternalDrive5/JordanExternalDrive1/Pictures/2021/2021-08-17 Sarah Ann/Outfit 2/Edited
/Volumes/JordanExternalDrive5	Edited	/Volumes/JordanExternalDrive5/JordanExternalDrive1/Pictures/2021/2021-08-17 Sarah Ann/Outfit 3/Edited
/Volumes/JordanExternalDrive5	JPEG XL, Edited	/Volumes/JordanExternalDrive5/JordanExternalDrive1/Pictures/2021/2021-08-17 Sarah Ann/Outfit 3/Edited/JPEG XL
/Volumes/JordanExternalDrive5	Edited	/Volumes/JordanExternalDrive5/JordanExternalDrive1/Pictures/2021/2021-08-28 Paloma✓/Edited
/Volumes/JordanExternalDrive5	Edited	/Volumes/JordanExternalDrive5/JordanExternalDrive1/Pictures/2021/2021-08-30 Lybia Chun/Edited
/Volumes/JordanExternalDrive5	TIFF	/Volumes/JordanExternalDrive5/JordanExternalDrive1/Pictures/2021/2021-08-30 Lybia Chun/TIFF
/Volumes/JordanExternalDrive5	Edited	/Volumes/JordanExternalDrive5/JordanExternalDrive1/Pictures/2021/2021-08-31 Concordia/Edited
/Volumes/JordanExternalDrive5	Edited	/Volumes/JordanExternalDrive5/JordanExternalDrive1/Pictures/2021/2021-09-04 Christine Martinez ✓/Edited
/Volumes/JordanExternalDrive5	Edited	/Volumes/JordanExternalDrive5/JordanExternalDrive1/Pictures/2021/2021-09-05 Familia Samaniego ✓/Edited
/Volumes/JordanExternalDrive5	Edited	/Volumes/JordanExternalDrive5/JordanExternalDrive1/Pictures/2021/2021-09-10 Event Headshot/Edited
/Volumes/JordanExternalDrive5	Edited	/Volumes/JordanExternalDrive5/JordanExternalDrive1/Pictures/2021/2021-09-11 Headshot Event/Isabel ✓/Edited
/Volumes/JordanExternalDrive5	Edited	/Volumes/JordanExternalDrive5/JordanExternalDrive1/Pictures/2021/2021-09-11 Headshot Event/Lori ✓/Edited
/Volumes/JordanExternalDrive5	JPEG XL, Edited	/Volumes/JordanExternalDrive5/JordanExternalDrive1/Pictures/2021/2021-09-11 Headshot Event/Lori ✓/Edited/JPEG XL
/Volumes/JordanExternalDrive5	Edited	/Volumes/JordanExternalDrive5/JordanExternalDrive1/Pictures/2021/2021-09-21 Central Real Estate ✓/Edited
/Volumes/JordanExternalDrive5	Edited	/Volumes/JordanExternalDrive5/JordanExternalDrive1/Pictures/2021/2021-09-25 Beca Lara/Edited
/Volumes/JordanExternalDrive5	JPEG XL, Edited	/Volumes/JordanExternalDrive5/JordanExternalDrive1/Pictures/2021/2021-09-25 Beca Lara/Edited/JPEG XL
/Volumes/JordanExternalDrive5	Edited	/Volumes/JordanExternalDrive5/JordanExternalDrive1/Pictures/2021/2021-09-25/Edited
/Volumes/JordanExternalDrive5	Edited	/Volumes/JordanExternalDrive5/JordanExternalDrive1/Pictures/2021/2021-09-29 Neomy Castro/Edited
/Volumes/JordanExternalDrive5	TIFF	/Volumes/JordanExternalDrive5/JordanExternalDrive1/Pictures/2021/2021-09-29 Neomy Castro/TIFF
/Volumes/JordanExternalDrive5	JPEG XL, TIFF	/Volumes/JordanExternalDrive5/JordanExternalDrive1/Pictures/2021/2021-09-29 Neomy Castro/TIFF/JPEG XL
/Volumes/JordanExternalDrive5	JPEG XL, TIFF	/Volumes/JordanExternalDrive5/JordanExternalDrive1/Pictures/2021/2021-09-29 Neomy Castro/TIFF/Neomy_Evoto/JPEG XL
/Volumes/JordanExternalDrive5	Edited	/Volumes/JordanExternalDrive5/JordanExternalDrive1/Pictures/2021/2021-09-30 Chelsea Salt Flats/Edited
/Volumes/JordanExternalDrive5	TIFF	/Volumes/JordanExternalDrive5/JordanExternalDrive1/Pictures/2021/2021-09-30 Chelsea Salt Flats/TIFF
/Volumes/JordanExternalDrive5	Edited	/Volumes/JordanExternalDrive5/JordanExternalDrive1/Pictures/2021/2021-10-01 Shelby Distributions/Edited
/Volumes/JordanExternalDrive5	JPEG XL, Edited	/Volumes/JordanExternalDrive5/JordanExternalDrive1/Pictures/2021/2021-10-01 Shelby Distributions/Edited/JPEG XL
/Volumes/JordanExternalDrive5	Edited	/Volumes/JordanExternalDrive5/JordanExternalDrive1/Pictures/2021/2021-10-02 Jhovanna G/Edited
/Volumes/JordanExternalDrive5	Edited	/Volumes/JordanExternalDrive5/JordanExternalDrive1/Pictures/2021/2021-10-04 Tasha P/Edited
/Volumes/JordanExternalDrive5	Edited	/Volumes/JordanExternalDrive5/JordanExternalDrive1/Pictures/2021/2021-10-06 Olivia Davis/Edited
/Volumes/JordanExternalDrive5	JPEG XL	/Volumes/JordanExternalDrive5/JordanExternalDrive1/Pictures/2021/2021-10-06 Olivia Davis/JPEG XL
/Volumes/JordanExternalDrive5	Edited	/Volumes/JordanExternalDrive5/JordanExternalDrive1/Pictures/2021/2021-10-12 Romana & Lucio/Edited
/Volumes/JordanExternalDrive5	Edited	/Volumes/JordanExternalDrive5/JordanExternalDrive1/Pictures/2021/2021-10-16/Edited
/Volumes/JordanExternalDrive5	Edited	/Volumes/JordanExternalDrive5/JordanExternalDrive1/Pictures/2021/2021-10-18 Alchemy Artist/Edited
/Volumes/JordanExternalDrive5	Edited	/Volumes/JordanExternalDrive5/JordanExternalDrive1/Pictures/2021/2021-10-27/Edited
/Volumes/JordanExternalDrive5	Edited	/Volumes/JordanExternalDrive5/JordanExternalDrive1/Pictures/2021/2021-11-03 Fashion Week/Edited
/Volumes/JordanExternalDrive5	Edited	/Volumes/JordanExternalDrive5/JordanExternalDrive1/Pictures/2021/2021-11-09 Avia Pena/Edited
/Volumes/JordanExternalDrive5	Edited	/Volumes/JordanExternalDrive5/JordanExternalDrive1/Pictures/2021/2021-11-10 Janet Vasquez/Edited
/Volumes/JordanExternalDrive5	Edited	/Volumes/JordanExternalDrive5/JordanExternalDrive1/Pictures/2021/2021-11-20 Francisco Pallares Headshots/Edited
/Volumes/JordanExternalDrive5	Edited	/Volumes/JordanExternalDrive5/JordanExternalDrive1/Pictures/2021/2021-11-21 Erasmus Alexander/Edited
/Volumes/JordanExternalDrive5	Edited	/Volumes/JordanExternalDrive5/JordanExternalDrive1/Pictures/2021/2021-11-23 Vivian Serrano/Outfit 1/Edited
/Volumes/JordanExternalDrive5	Edited	/Volumes/JordanExternalDrive5/JordanExternalDrive1/Pictures/2021/2021-11-23 Vivian Serrano/Outfit 2/Edited
/Volumes/JordanExternalDrive5	JPEG XL, Edited	/Volumes/JordanExternalDrive5/JordanExternalDrive1/Pictures/2021/2021-11-23 Vivian Serrano/Outfit 2/Edited/JPEG XL
/Volumes/JordanExternalDrive5	Edited	/Volumes/JordanExternalDrive5/JordanExternalDrive1/Pictures/2021/2021-11-29 Jon Erik Castro/Edited
/Volumes/JordanExternalDrive5	Edited	/Volumes/JordanExternalDrive5/JordanExternalDrive1/Pictures/2021/2021-11-30 J.D. Sursely/Edited
/Volumes/JordanExternalDrive5	Edited	/Volumes/JordanExternalDrive5/JordanExternalDrive1/Pictures/2021/2021-12-04 Ana Lazcano/Edited
/Volumes/JordanExternalDrive5	JPEG XL, Edited	/Volumes/JordanExternalDrive5/JordanExternalDrive1/Pictures/2021/2021-12-04 Ana Lazcano/Edited/JPEG XL
/Volumes/JordanExternalDrive5	Edited	/Volumes/JordanExternalDrive5/JordanExternalDrive1/Pictures/2021/2021-12-10 Elzar Ares/Edited
/Volumes/JordanExternalDrive5	Edited	/Volumes/JordanExternalDrive5/JordanExternalDrive1/Pictures/2021/2021-12-14 Texan Cardiovascular/Headshots/Edited
/Volumes/JordanExternalDrive5	JPEG XL, Edited	/Volumes/JordanExternalDrive5/JordanExternalDrive1/Pictures/2021/2021-12-14 Texan Cardiovascular/Headshots/Edited/JPEG XL
/Volumes/JordanExternalDrive5	Edited	/Volumes/JordanExternalDrive5/JordanExternalDrive1/Pictures/2021/2021-12-31 Arianna Photoshoot/Edited
/Volumes/JordanExternalDrive5	JPEG XL, Edited	/Volumes/JordanExternalDrive5/JordanExternalDrive1/Pictures/2021/2021-12-31 Arianna Photoshoot/Edited/JPEG XL
/Volumes/JordanExternalDrive5	TIFF	/Volumes/JordanExternalDrive5/JordanExternalDrive1/Pictures/2021/2021-12-31 Arianna Photoshoot/tiff
/Volumes/JordanExternalDrive5	Cam_Evoto, TIFF	/Volumes/JordanExternalDrive5/JordanExternalDrive1/Pictures/2021/2021-12-31 Arianna Photoshoot/tiff/Cam_Evoto
/Volumes/JordanExternalDrive5	Cam_Evoto, JPEG XL, TIFF	/Volumes/JordanExternalDrive5/JordanExternalDrive1/Pictures/2021/2021-12-31 Arianna Photoshoot/tiff/Cam_Evoto/JPEG XL
/Volumes/JordanExternalDrive5	JPEG XL, TIFF	/Volumes/JordanExternalDrive5/JordanExternalDrive1/Pictures/2021/2021-12-31 Arianna Photoshoot/tiff/JPEG XL
/Volumes/JordanExternalDrive5	Edited	/Volumes/JordanExternalDrive5/JordanExternalDrive1/Pictures/2022/2022-01-09 Maria Mat/Edited
/Volumes/JordanExternalDrive5	Edited	/Volumes/JordanExternalDrive5/JordanExternalDrive1/Pictures/2022/2022-01-12 Eagle Dental Management/Edited
/Volumes/JordanExternalDrive5	TIFF, Edited	/Volumes/JordanExternalDrive5/JordanExternalDrive1/Pictures/2022/2022-01-12 Eagle Dental Management/Edited/TIFF
/Volumes/JordanExternalDrive5	TIFF, Edited	/Volumes/JordanExternalDrive5/JordanExternalDrive1/Pictures/2022/2022-01-12 Eagle Dental Management/Edited/TIFF/TIFF
/Volumes/JordanExternalDrive5	JPEG XL, TIFF, Edited	/Volumes/JordanExternalDrive5/JordanExternalDrive1/Pictures/2022/2022-01-12 Eagle Dental Management/Edited/TIFF/TIFF/JPEG XL
/Volumes/JordanExternalDrive5	Edited	/Volumes/JordanExternalDrive5/JordanExternalDrive1/Pictures/2022/2022-01-14 Adriana Cadena/Edited
/Volumes/JordanExternalDrive5	Edited	/Volumes/JordanExternalDrive5/JordanExternalDrive1/Pictures/2022/2022-01-15 Vanessa Tena/Edited
/Volumes/JordanExternalDrive5	TIFF, Edited	/Volumes/JordanExternalDrive5/JordanExternalDrive1/Pictures/2022/2022-01-15 Vanessa Tena/Edited/Tiff
/Volumes/JordanExternalDrive5	TIFF, Edited	/Volumes/JordanExternalDrive5/JordanExternalDrive1/Pictures/2022/2022-01-15 Vanessa Tena/Edited/Tiff/Second/TIFF
/Volumes/JordanExternalDrive5	TIFF, Edited	/Volumes/JordanExternalDrive5/JordanExternalDrive1/Pictures/2022/2022-01-15 Vanessa Tena/Edited/Tiff/TIFF
/Volumes/JordanExternalDrive5	JPEG XL, TIFF, Edited	/Volumes/JordanExternalDrive5/JordanExternalDrive1/Pictures/2022/2022-01-15 Vanessa Tena/Edited/Tiff/TIFF/JPEG XL
/Volumes/JordanExternalDrive5	TIFF	/Volumes/JordanExternalDrive5/JordanExternalDrive1/Pictures/2022/2022-01-15 Vanessa Tena/TIFF
/Volumes/JordanExternalDrive5	TIFF	/Volumes/JordanExternalDrive5/JordanExternalDrive1/Pictures/2022/2022-01-15 Vanessa Tena/TIFF/TIFF
/Volumes/JordanExternalDrive5	Cam_Evoto, TIFF	/Volumes/JordanExternalDrive5/JordanExternalDrive1/Pictures/2022/2022-01-15 Vanessa Tena/TIFF/TIFF/Cam_Evoto
/Volumes/JordanExternalDrive5	Cam_Evoto, TIFF	/Volumes/JordanExternalDrive5/JordanExternalDrive1/Pictures/2022/2022-01-15 Vanessa Tena/TIFF/TIFF/Cam_Evoto/TIFF
/Volumes/JordanExternalDrive5	Edited	/Volumes/JordanExternalDrive5/JordanExternalDrive1/Pictures/2022/2022-01-22 Alchemy Artist/Edited
/Volumes/JordanExternalDrive5	Edited	/Volumes/JordanExternalDrive5/JordanExternalDrive1/Pictures/2022/2022-01-22 Alchemy Artist/Kirbie/Edited
/Volumes/JordanExternalDrive5	Edited	/Volumes/JordanExternalDrive5/JordanExternalDrive1/Pictures/2022/2022-01-22 Alchemy Artist/Olivia/Edited
/Volumes/JordanExternalDrive5	Edited	/Volumes/JordanExternalDrive5/JordanExternalDrive1/Pictures/2022/2022-01-22 Alchemy Artist/Orian/Edited
/Volumes/JordanExternalDrive5	Edited	/Volumes/JordanExternalDrive5/JordanExternalDrive1/Pictures/2022/2022-01-22 Alchemy Artist/Vivian/Edited
/Volumes/JordanExternalDrive5	Edited	/Volumes/JordanExternalDrive5/JordanExternalDrive1/Pictures/2022/2022-01-24 Eagle Dental Management/Edited
/Volumes/JordanExternalDrive5	Edited	/Volumes/JordanExternalDrive5/JordanExternalDrive1/Pictures/2022/2022-02-01 Americas High School CDA/Edited
/Volumes/JordanExternalDrive5	TIFF	/Volumes/JordanExternalDrive5/JordanExternalDrive1/Pictures/2022/2022-02-05 Wayne AIRBNB day 1/Models/JPEG/TIFF
/Volumes/JordanExternalDrive5	JPEG XL, TIFF	/Volumes/JordanExternalDrive5/JordanExternalDrive1/Pictures/2022/2022-02-05 Wayne AIRBNB day 1/Models/JPEG/TIFF/JPEG XL
/Volumes/JordanExternalDrive5	Edited	/Volumes/JordanExternalDrive5/JordanExternalDrive1/Pictures/2022/2022-02-12 Wayne AIRBNB day 3/Edited
/Volumes/JordanExternalDrive5	Edited	/Volumes/JordanExternalDrive5/JordanExternalDrive1/Pictures/2022/2022-02-13 Americas Drone CDA/Edited
/Volumes/JordanExternalDrive5	Edited	/Volumes/JordanExternalDrive5/JordanExternalDrive1/Pictures/2022/2022-02-19 Ysleta Pueblo/Edited
/Volumes/JordanExternalDrive5	TIFF, Edited	/Volumes/JordanExternalDrive5/JordanExternalDrive1/Pictures/2022/2022-02-19 Ysleta Pueblo/Edited/TIFF
/Volumes/JordanExternalDrive5	JPEG XL, TIFF, Edited	/Volumes/JordanExternalDrive5/JordanExternalDrive1/Pictures/2022/2022-02-19 Ysleta Pueblo/Edited/TIFF/JPEG XL
/Volumes/JordanExternalDrive5	Edited	/Volumes/JordanExternalDrive5/JordanExternalDrive1/Pictures/2022/2022-02-23 Katie Scott/Outfit 1/Look 1/Edited
/Volumes/JordanExternalDrive5	Edited	/Volumes/JordanExternalDrive5/JordanExternalDrive1/Pictures/2022/2022-02-23 Katie Scott/Outfit 1/Look 2/Edited
/Volumes/JordanExternalDrive5	Edited	/Volumes/JordanExternalDrive5/JordanExternalDrive1/Pictures/2022/2022-02-23 Katie Scott/Outfit 2/Look 1/Edited
/Volumes/JordanExternalDrive5	Edited	/Volumes/JordanExternalDrive5/JordanExternalDrive1/Pictures/2022/2022-02-23 Katie Scott/Outfit 3/Edited
/Volumes/JordanExternalDrive5	JPEG XL	/Volumes/JordanExternalDrive5/JordanExternalDrive1/Pictures/2022/2022-02-24 Christa Shafer/Outfit 1/Look 1/Christa_Evoto/JPEG XL
/Volumes/JordanExternalDrive5	Edited	/Volumes/JordanExternalDrive5/JordanExternalDrive1/Pictures/2022/2022-02-24 Christa Shafer/Outfit 1/Look 1/Edited
/Volumes/JordanExternalDrive5	TIFF, Edited	/Volumes/JordanExternalDrive5/JordanExternalDrive1/Pictures/2022/2022-02-24 Christa Shafer/Outfit 1/Look 1/Edited/TIFF
/Volumes/JordanExternalDrive5	Edited	/Volumes/JordanExternalDrive5/JordanExternalDrive1/Pictures/2022/2022-02-24 Christa Shafer/Outfit 1/Look 2/Edited
/Volumes/JordanExternalDrive5	Edited	/Volumes/JordanExternalDrive5/JordanExternalDrive1/Pictures/2022/2022-02-24 Christa Shafer/Outfit 2/Edited
/Volumes/JordanExternalDrive5	TIFF, Edited	/Volumes/JordanExternalDrive5/JordanExternalDrive1/Pictures/2022/2022-02-24 Christa Shafer/Outfit 2/Edited/TIFF
/Volumes/JordanExternalDrive5	JPEG XL, TIFF, Edited	/Volumes/JordanExternalDrive5/JordanExternalDrive1/Pictures/2022/2022-02-24 Christa Shafer/Outfit 2/Edited/TIFF/JPEG XL
/Volumes/JordanExternalDrive5	Edited	/Volumes/JordanExternalDrive5/JordanExternalDrive1/Pictures/2022/2022-02-24 Christa Shafer/Outfit 3/Edited
/Volumes/JordanExternalDrive5	TIFF, Edited	/Volumes/JordanExternalDrive5/JordanExternalDrive1/Pictures/2022/2022-02-24 Christa Shafer/Outfit 3/Edited/TIFF
/Volumes/JordanExternalDrive5	JPEG XL, TIFF, Edited	/Volumes/JordanExternalDrive5/JordanExternalDrive1/Pictures/2022/2022-02-24 Christa Shafer/Outfit 3/Edited/TIFF/JPEG XL
/Volumes/JordanExternalDrive5	Edited	/Volumes/JordanExternalDrive5/JordanExternalDrive1/Pictures/2022/2022-02-24 Christa Shafer/Outfit 4/Edited
/Volumes/JordanExternalDrive5	TIFF, Edited	/Volumes/JordanExternalDrive5/JordanExternalDrive1/Pictures/2022/2022-02-24 Christa Shafer/Outfit 4/Edited/TIFF
/Volumes/JordanExternalDrive5	JPEG XL, TIFF, Edited	/Volumes/JordanExternalDrive5/JordanExternalDrive1/Pictures/2022/2022-02-24 Christa Shafer/Outfit 4/Edited/TIFF/JPEG XL
/Volumes/JordanExternalDrive5	TIFF	/Volumes/JordanExternalDrive5/JordanExternalDrive1/Pictures/2022/2022-02-24 Christa Shafer/Outfit 4/TIFF
/Volumes/JordanExternalDrive5	JPEG XL, TIFF	/Volumes/JordanExternalDrive5/JordanExternalDrive1/Pictures/2022/2022-02-24 Christa Shafer/Outfit 4/TIFF/Christa Infinity Wall Projector_Evoto/JPEG XL
/Volumes/JordanExternalDrive5	JPEG XL, TIFF	/Volumes/JordanExternalDrive5/JordanExternalDrive1/Pictures/2022/2022-02-24 Christa Shafer/Outfit 4/TIFF/JPEG XL
/Volumes/JordanExternalDrive5	Edited	/Volumes/JordanExternalDrive5/JordanExternalDrive1/Pictures/2022/2022-03-03 Renee/Look 1/Edited
/Volumes/JordanExternalDrive5	Edited	/Volumes/JordanExternalDrive5/JordanExternalDrive1/Pictures/2022/2022-03-03 Renee/Look 2/Edited
/Volumes/JordanExternalDrive5	Edited	/Volumes/JordanExternalDrive5/JordanExternalDrive1/Pictures/2022/2022-03-07 Wayne The City Magazine/Edited
/Volumes/JordanExternalDrive5	Edited	/Volumes/JordanExternalDrive5/JordanExternalDrive1/Pictures/2022/2022-03-09 Luisana Rivas/Edited
/Volumes/JordanExternalDrive5	Edited	/Volumes/JordanExternalDrive5/JordanExternalDrive1/Pictures/2022/2022-03-10 Sulu N/Outfit 1/Edited
/Volumes/JordanExternalDrive5	Edited	/Volumes/JordanExternalDrive5/JordanExternalDrive1/Pictures/2022/2022-03-10 Sulu N/Outfit 2/Edited
/Volumes/JordanExternalDrive5	Edited	/Volumes/JordanExternalDrive5/JordanExternalDrive1/Pictures/2022/2022-03-16 The City Mag/Edited
/Volumes/JordanExternalDrive5	TIFF, Edited	/Volumes/JordanExternalDrive5/JordanExternalDrive1/Pictures/2022/2022-03-16 The City Mag/Edited/TIFF
/Volumes/JordanExternalDrive5	JPEG XL, TIFF, Edited	/Volumes/JordanExternalDrive5/JordanExternalDrive1/Pictures/2022/2022-03-16 The City Mag/Edited/TIFF/JPEG XL
/Volumes/JordanExternalDrive5	TIFF	/Volumes/JordanExternalDrive5/JordanExternalDrive1/Pictures/2022/2022-03-17 Rebeca Tom Ford/01. Rebecca concept 2/TIFF
/Volumes/JordanExternalDrive5	Cam_Evoto, TIFF	/Volumes/JordanExternalDrive5/JordanExternalDrive1/Pictures/2022/2022-03-17 Rebeca Tom Ford/01. Rebecca concept 2/TIFF/Cam_Evoto
/Volumes/JordanExternalDrive5	Cam_Evoto, JPEG XL, TIFF	/Volumes/JordanExternalDrive5/JordanExternalDrive1/Pictures/2022/2022-03-17 Rebeca Tom Ford/01. Rebecca concept 2/TIFF/Cam_Evoto/JPEG XL
/Volumes/JordanExternalDrive5	JPEG XL, TIFF	/Volumes/JordanExternalDrive5/JordanExternalDrive1/Pictures/2022/2022-03-17 Rebeca Tom Ford/01. Rebecca concept 2/TIFF/JPEG XL
/Volumes/JordanExternalDrive5	Edited	/Volumes/JordanExternalDrive5/JordanExternalDrive1/Pictures/2022/2022-03-17 Rebeca Tom Ford/Edited
/Volumes/JordanExternalDrive5	TIFF, Edited	/Volumes/JordanExternalDrive5/JordanExternalDrive1/Pictures/2022/2022-03-17 Rebeca Tom Ford/Edited/TIFF
/Volumes/JordanExternalDrive5	JPEG XL, TIFF, Edited	/Volumes/JordanExternalDrive5/JordanExternalDrive1/Pictures/2022/2022-03-17 Rebeca Tom Ford/Edited/TIFF/JPEG XL
/Volumes/JordanExternalDrive5	Edited	/Volumes/JordanExternalDrive5/JordanExternalDrive1/Pictures/2022/2022-03-20 Family Portraits/Edited
/Volumes/JordanExternalDrive5	TIFF, Edited	/Volumes/JordanExternalDrive5/JordanExternalDrive1/Pictures/2022/2022-03-20 Family Portraits/Edited/TIFF
/Volumes/JordanExternalDrive5	JPEG XL, TIFF, Edited	/Volumes/JordanExternalDrive5/JordanExternalDrive1/Pictures/2022/2022-03-20 Family Portraits/Edited/TIFF/JPEG XL
/Volumes/JordanExternalDrive5	JPEG XL	/Volumes/JordanExternalDrive5/JordanExternalDrive1/Pictures/2022/2022-03-23 Ceci & Tommy/Concept 1/JPEG XL
/Volumes/JordanExternalDrive5	Edited	/Volumes/JordanExternalDrive5/JordanExternalDrive1/Pictures/2022/2022-03-24 Ilyhanee Robledo/Edited
/Volumes/JordanExternalDrive5	TIFF, Edited	/Volumes/JordanExternalDrive5/JordanExternalDrive1/Pictures/2022/2022-03-24 Ilyhanee Robledo/Edited/TIFF
/Volumes/JordanExternalDrive5	JPEG XL, TIFF, Edited	/Volumes/JordanExternalDrive5/JordanExternalDrive1/Pictures/2022/2022-03-24 Ilyhanee Robledo/Edited/TIFF/JPEG XL
/Volumes/JordanExternalDrive5	TIFF	/Volumes/JordanExternalDrive5/JordanExternalDrive1/Pictures/2022/2022-03-24 Ilyhanee Robledo/TIFF
/Volumes/JordanExternalDrive5	TIFF	/Volumes/JordanExternalDrive5/JordanExternalDrive1/Pictures/2022/2022-03-24 Ilyhanee Robledo/TIFF 2
/Volumes/JordanExternalDrive5	JPEG XL, TIFF	/Volumes/JordanExternalDrive5/JordanExternalDrive1/Pictures/2022/2022-03-24 Ilyhanee Robledo/TIFF 2/Ily 2_Evoto/JPEG XL
/Volumes/JordanExternalDrive5	JPEG XL, TIFF	/Volumes/JordanExternalDrive5/JordanExternalDrive1/Pictures/2022/2022-03-24 Ilyhanee Robledo/TIFF 2/JPEG XL
/Volumes/JordanExternalDrive5	JPEG XL, TIFF	/Volumes/JordanExternalDrive5/JordanExternalDrive1/Pictures/2022/2022-03-24 Ilyhanee Robledo/TIFF/Ily_Evoto/JPEG XL
/Volumes/JordanExternalDrive5	Edited	/Volumes/JordanExternalDrive5/JordanExternalDrive1/Pictures/2022/2022-03-31 Savannah Cornejo/Edited
/Volumes/JordanExternalDrive5	TIFF, Edited	/Volumes/JordanExternalDrive5/JordanExternalDrive1/Pictures/2022/2022-03-31 Savannah Cornejo/Edited/TIFF
/Volumes/JordanExternalDrive5	JPEG XL, TIFF, Edited	/Volumes/JordanExternalDrive5/JordanExternalDrive1/Pictures/2022/2022-03-31 Savannah Cornejo/Edited/TIFF/JPEG XL
/Volumes/JordanExternalDrive5	TIFF	/Volumes/JordanExternalDrive5/JordanExternalDrive1/Pictures/2022/2022-03-31 Savannah Cornejo/TIFF
/Volumes/JordanExternalDrive5	JPEG XL, TIFF	/Volumes/JordanExternalDrive5/JordanExternalDrive1/Pictures/2022/2022-03-31 Savannah Cornejo/TIFF/Savi_Evoto/JPEG XL
/Volumes/JordanExternalDrive5	Edited	/Volumes/JordanExternalDrive5/JordanExternalDrive1/Pictures/2022/2022-04-14 Children - Cecilia/Cecilia Gambwell/Edited
/Volumes/JordanExternalDrive5	TIFF, Edited	/Volumes/JordanExternalDrive5/JordanExternalDrive1/Pictures/2022/2022-04-14 Children - Cecilia/Cecilia Gambwell/Edited/TIFF
/Volumes/JordanExternalDrive5	JPEG XL, TIFF, Edited	/Volumes/JordanExternalDrive5/JordanExternalDrive1/Pictures/2022/2022-04-14 Children - Cecilia/Cecilia Gambwell/Edited/TIFF/JPEG XL
/Volumes/JordanExternalDrive5	TIFF	/Volumes/JordanExternalDrive5/JordanExternalDrive1/Pictures/2022/2022-04-14 Children - Cecilia/Cecilia Gambwell/TIFF
/Volumes/JordanExternalDrive5	Cam_Evoto, TIFF	/Volumes/JordanExternalDrive5/JordanExternalDrive1/Pictures/2022/2022-04-14 Children - Cecilia/Cecilia Gambwell/TIFF/Cam_Evoto
/Volumes/JordanExternalDrive5	Cam_Evoto, JPEG XL, TIFF	/Volumes/JordanExternalDrive5/JordanExternalDrive1/Pictures/2022/2022-04-14 Children - Cecilia/Cecilia Gambwell/TIFF/Cam_Evoto/JPEG XL
/Volumes/JordanExternalDrive5	JPEG XL, TIFF	/Volumes/JordanExternalDrive5/JordanExternalDrive1/Pictures/2022/2022-04-14 Children - Cecilia/Cecilia Gambwell/TIFF/JPEG XL
/Volumes/JordanExternalDrive5	Edited	/Volumes/JordanExternalDrive5/JordanExternalDrive1/Pictures/2022/2022-04-14 Children - Cecilia/The City Magazine - Children's Hospital - Dr. Cindy Stout T/Edited
/Volumes/JordanExternalDrive5	TIFF, Edited	/Volumes/JordanExternalDrive5/JordanExternalDrive1/Pictures/2022/2022-04-14 Children - Cecilia/The City Magazine - Children's Hospital - Dr. Cindy Stout T/Edited/TIFF
/Volumes/JordanExternalDrive5	JPEG XL, TIFF, Edited	/Volumes/JordanExternalDrive5/JordanExternalDrive1/Pictures/2022/2022-04-14 Children - Cecilia/The City Magazine - Children's Hospital - Dr. Cindy Stout T/Edited/TIFF/JPEG XL
/Volumes/JordanExternalDrive5	TIFF	/Volumes/JordanExternalDrive5/JordanExternalDrive1/Pictures/2022/2022-04-25  Swim & Cruise/Competition/Edit/TIFF
/Volumes/JordanExternalDrive5	Edited	/Volumes/JordanExternalDrive5/JordanExternalDrive1/Pictures/2022/2022-04-25  Swim & Cruise/Pasarela/Edited
/Volumes/JordanExternalDrive5	Edited	/Volumes/JordanExternalDrive5/JordanExternalDrive1/Pictures/2022/2022-04-29 J&L Heritage/Edited
/Volumes/JordanExternalDrive5	TIFF, Edited	/Volumes/JordanExternalDrive5/JordanExternalDrive1/Pictures/2022/2022-04-29 J&L Heritage/Edited/TIFF
/Volumes/JordanExternalDrive5	JPEG XL, TIFF, Edited	/Volumes/JordanExternalDrive5/JordanExternalDrive1/Pictures/2022/2022-04-29 J&L Heritage/Edited/TIFF/JPEG XL
/Volumes/JordanExternalDrive5	Edited	/Volumes/JordanExternalDrive5/JordanExternalDrive1/Pictures/2022/2022-05-07 Caro Quintana/Edited
/Volumes/JordanExternalDrive5	TIFF, Edited	/Volumes/JordanExternalDrive5/JordanExternalDrive1/Pictures/2022/2022-05-07 Caro Quintana/Edited/TIFF
/Volumes/JordanExternalDrive5	Edited	/Volumes/JordanExternalDrive5/JordanExternalDrive1/Pictures/2022/2022-05-16 Belleza Hair Salon/Edited
/Volumes/JordanExternalDrive5	TIFF, Edited	/Volumes/JordanExternalDrive5/JordanExternalDrive1/Pictures/2022/2022-05-16 Belleza Hair Salon/Edited/TIFF
/Volumes/JordanExternalDrive5	JPEG XL, TIFF, Edited	/Volumes/JordanExternalDrive5/JordanExternalDrive1/Pictures/2022/2022-05-16 Belleza Hair Salon/Edited/TIFF/JPEG XL
/Volumes/JordanExternalDrive5	Edited	/Volumes/JordanExternalDrive5/JordanExternalDrive1/Pictures/2022/2022-05-22 Ciudad De Mexico/Edited
/Volumes/JordanExternalDrive5	Edited	/Volumes/JordanExternalDrive5/JordanExternalDrive1/Pictures/2022/2022-05-28 Alexandra/Edited
/Volumes/JordanExternalDrive5	JPEG XL	/Volumes/JordanExternalDrive5/JordanExternalDrive1/Pictures/2022/2022-06-04 Headshot Event/Dorali/Dorali Headshot_Evoto/JPEG XL
/Volumes/JordanExternalDrive5	JPEG XL	/Volumes/JordanExternalDrive5/JordanExternalDrive1/Pictures/2022/2022-06-04 Headshot Event/Dorali/JPEG XL
/Volumes/JordanExternalDrive5	Edited	/Volumes/JordanExternalDrive5/JordanExternalDrive1/Pictures/2022/2022-06-04 Headshot Event/Edited
/Volumes/JordanExternalDrive5	TIFF, Edited	/Volumes/JordanExternalDrive5/JordanExternalDrive1/Pictures/2022/2022-06-04 Headshot Event/Edited/TIFF
/Volumes/JordanExternalDrive5	JPEG XL, TIFF, Edited	/Volumes/JordanExternalDrive5/JordanExternalDrive1/Pictures/2022/2022-06-04 Headshot Event/Edited/TIFF/JPEG XL
/Volumes/JordanExternalDrive5	TIFF	/Volumes/JordanExternalDrive5/JordanExternalDrive1/Pictures/2022/2022-06-08 Liz - The City Mag/Liz/Edit/TIFF
/Volumes/JordanExternalDrive5	JPEG XL, TIFF	/Volumes/JordanExternalDrive5/JordanExternalDrive1/Pictures/2022/2022-06-08 Liz - The City Mag/Liz/Edit/TIFF/JPEG XL
/Volumes/JordanExternalDrive5	Cam_Evoto	/Volumes/JordanExternalDrive5/JordanExternalDrive1/Pictures/2022/2022-06-08 Liz - The City Mag/The City Magazine/Cam_Evoto
/Volumes/JordanExternalDrive5	Cam_Evoto, JPEG XL	/Volumes/JordanExternalDrive5/JordanExternalDrive1/Pictures/2022/2022-06-08 Liz - The City Mag/The City Magazine/Cam_Evoto/JPEG XL
/Volumes/JordanExternalDrive5	Edited	/Volumes/JordanExternalDrive5/JordanExternalDrive1/Pictures/2022/2022-06-08 Liz - The City Mag/The City Magazine/Edited
/Volumes/JordanExternalDrive5	TIFF, Edited	/Volumes/JordanExternalDrive5/JordanExternalDrive1/Pictures/2022/2022-06-08 Liz - The City Mag/The City Magazine/Edited/TIFF
/Volumes/JordanExternalDrive5	JPEG XL, TIFF, Edited	/Volumes/JordanExternalDrive5/JordanExternalDrive1/Pictures/2022/2022-06-08 Liz - The City Mag/The City Magazine/Edited/TIFF/JPEG XL
/Volumes/JordanExternalDrive5	TIFF	/Volumes/JordanExternalDrive5/JordanExternalDrive1/Pictures/2022/2022-06-08 Liz - The City Mag/The City Magazine/TIFF
/Volumes/JordanExternalDrive5	JPEG XL, TIFF	/Volumes/JordanExternalDrive5/JordanExternalDrive1/Pictures/2022/2022-06-08 Liz - The City Mag/The City Magazine/TIFF/JPEG XL
/Volumes/JordanExternalDrive5	Edited	/Volumes/JordanExternalDrive5/JordanExternalDrive1/Pictures/2022/2022-06-09 Camryn Heon/Outfit 1/Edited
/Volumes/JordanExternalDrive5	JPEG XL	/Volumes/JordanExternalDrive5/JordanExternalDrive1/Pictures/2022/2022-06-09 Camryn Heon/Outfit 2/Location 1/JPEG XL
/Volumes/JordanExternalDrive5	TIFF	/Volumes/JordanExternalDrive5/JordanExternalDrive1/Pictures/2022/2022-06-09 Camryn Heon/Outfit 2/Location 1/TIFF
/Volumes/JordanExternalDrive5	Cam_Evoto, TIFF	/Volumes/JordanExternalDrive5/JordanExternalDrive1/Pictures/2022/2022-06-09 Camryn Heon/Outfit 2/Location 1/TIFF/Cam_Evoto
/Volumes/JordanExternalDrive5	JPEG XL, TIFF	/Volumes/JordanExternalDrive5/JordanExternalDrive1/Pictures/2022/2022-06-09 Camryn Heon/Outfit 2/Location 1/TIFF/JPEG XL
/Volumes/JordanExternalDrive5	Edited	/Volumes/JordanExternalDrive5/JordanExternalDrive1/Pictures/2022/2022-06-10 Michael and Liz/Liz/Edited
/Volumes/JordanExternalDrive5	TIFF, Edited	/Volumes/JordanExternalDrive5/JordanExternalDrive1/Pictures/2022/2022-06-10 Michael and Liz/Liz/Edited/TIFF
/Volumes/JordanExternalDrive5	JPEG XL, TIFF, Edited	/Volumes/JordanExternalDrive5/JordanExternalDrive1/Pictures/2022/2022-06-10 Michael and Liz/Liz/Edited/TIFF/JPEG XL
/Volumes/JordanExternalDrive5	TIFF	/Volumes/JordanExternalDrive5/JordanExternalDrive1/Pictures/2022/2022-06-12 Ilyhanee/Eited/TIFF
/Volumes/JordanExternalDrive5	JPEG XL, TIFF	/Volumes/JordanExternalDrive5/JordanExternalDrive1/Pictures/2022/2022-06-12 Ilyhanee/Eited/TIFF/JPEG XL
/Volumes/JordanExternalDrive5	Edited	/Volumes/JordanExternalDrive5/JordanExternalDrive1/Pictures/2022/2022-06-13 The City Mag - Borderplex/Edited
/Volumes/JordanExternalDrive5	TIFF, Edited	/Volumes/JordanExternalDrive5/JordanExternalDrive1/Pictures/2022/2022-06-13 The City Mag - Borderplex/Edited/TIFF
/Volumes/JordanExternalDrive5	JPEG XL, TIFF, Edited	/Volumes/JordanExternalDrive5/JordanExternalDrive1/Pictures/2022/2022-06-13 The City Mag - Borderplex/Edited/TIFF/JPEG XL
/Volumes/JordanExternalDrive5	TIFF	/Volumes/JordanExternalDrive5/JordanExternalDrive1/Pictures/2022/2022-06-13 The City Mag - Borderplex/TIFF
/Volumes/JordanExternalDrive5	Edited	/Volumes/JordanExternalDrive5/JordanExternalDrive1/Pictures/2022/2022-06-21 Ace Sinatra/Outfit 1/Edited
/Volumes/JordanExternalDrive5	Edited	/Volumes/JordanExternalDrive5/JordanExternalDrive1/Pictures/2022/2022-06-21 Ace Sinatra/Outfit 2/Edited
/Volumes/JordanExternalDrive5	Edited	/Volumes/JordanExternalDrive5/JordanExternalDrive1/Pictures/2022/2022-06-21 Ace Sinatra/Outfit 3/Edited
/Volumes/JordanExternalDrive5	Edited	/Volumes/JordanExternalDrive5/JordanExternalDrive1/Pictures/2022/2022-06-21 Ace Sinatra/Outfit 4/Edited
/Volumes/JordanExternalDrive5	Edited	/Volumes/JordanExternalDrive5/JordanExternalDrive1/Pictures/2022/2022-06-23 Julian C and Victoria M/Julian Cav/Edited
/Volumes/JordanExternalDrive5	TIFF, Edited	/Volumes/JordanExternalDrive5/JordanExternalDrive1/Pictures/2022/2022-06-23 Julian C and Victoria M/Julian Cav/Edited/TIFF
/Volumes/JordanExternalDrive5	JPEG XL, TIFF, Edited	/Volumes/JordanExternalDrive5/JordanExternalDrive1/Pictures/2022/2022-06-23 Julian C and Victoria M/Julian Cav/Edited/TIFF/JPEG XL
/Volumes/JordanExternalDrive5	Edited	/Volumes/JordanExternalDrive5/JordanExternalDrive1/Pictures/2022/2022-06-23 Julian C and Victoria M/Victoria E. Mendoza/Edited
/Volumes/JordanExternalDrive5	TIFF, Edited	/Volumes/JordanExternalDrive5/JordanExternalDrive1/Pictures/2022/2022-06-23 Julian C and Victoria M/Victoria E. Mendoza/Edited/TIFF
/Volumes/JordanExternalDrive5	JPEG XL, TIFF, Edited	/Volumes/JordanExternalDrive5/JordanExternalDrive1/Pictures/2022/2022-06-23 Julian C and Victoria M/Victoria E. Mendoza/Edited/TIFF/JPEG XL
/Volumes/JordanExternalDrive5	Edited	/Volumes/JordanExternalDrive5/JordanExternalDrive1/Pictures/2022/2022-06-26 Anahi Garcia/Edited
/Volumes/JordanExternalDrive5	TIFF, Edited	/Volumes/JordanExternalDrive5/JordanExternalDrive1/Pictures/2022/2022-06-26 Anahi Garcia/Edited/TIFF
/Volumes/JordanExternalDrive5	JPEG XL, TIFF, Edited	/Volumes/JordanExternalDrive5/JordanExternalDrive1/Pictures/2022/2022-06-26 Anahi Garcia/Edited/TIFF/JPEG XL
/Volumes/JordanExternalDrive5	Edited	/Volumes/JordanExternalDrive5/JordanExternalDrive1/Pictures/2022/2022-07-12 The City and Ace/Ace Sinatra Shoot 2/Set 1/Edited
/Volumes/JordanExternalDrive5	Edited	/Volumes/JordanExternalDrive5/JordanExternalDrive1/Pictures/2022/2022-07-12 The City and Ace/Ace Sinatra Shoot 2/Set 5/Edited
/Volumes/JordanExternalDrive5	Edited	/Volumes/JordanExternalDrive5/JordanExternalDrive1/Pictures/2022/2022-07-12 The City and Ace/Ace Sinatra Shoot 2/Set 6/Edited
/Volumes/JordanExternalDrive5	TIFF, Edited	/Volumes/JordanExternalDrive5/JordanExternalDrive1/Pictures/2022/2022-07-12 The City and Ace/Ace Sinatra Shoot 2/Set 6/Edited/TIFF
/Volumes/JordanExternalDrive5	Edited	/Volumes/JordanExternalDrive5/JordanExternalDrive1/Pictures/2022/2022-07-12 The City and Ace/The City Magazine/Adam Gambwell/Edited
/Volumes/JordanExternalDrive5	Edited	/Volumes/JordanExternalDrive5/JordanExternalDrive1/Pictures/2022/2022-07-12 The City and Ace/The City Magazine/Dr Anchondo/Edited
/Volumes/JordanExternalDrive5	Edited	/Volumes/JordanExternalDrive5/JordanExternalDrive1/Pictures/2022/2022-07-12 The City and Ace/The City Magazine/Joseph Locke/Edited
/Volumes/JordanExternalDrive5	Edited	/Volumes/JordanExternalDrive5/JordanExternalDrive1/Pictures/2022/2022-07-13 The City Magazine/El Paso Family Orthodontics/Edited
/Volumes/JordanExternalDrive5	Edited	/Volumes/JordanExternalDrive5/JordanExternalDrive1/Pictures/2022/2022-07-13 The City Magazine/El Paso Pulmonology/Edited
/Volumes/JordanExternalDrive5	TIFF	/Volumes/JordanExternalDrive5/JordanExternalDrive1/Pictures/2022/2022-07-14 Raul Lopez/TIFF
/Volumes/JordanExternalDrive5	JPEG XL, TIFF	/Volumes/JordanExternalDrive5/JordanExternalDrive1/Pictures/2022/2022-07-14 Raul Lopez/TIFF/JPEG XL
/Volumes/JordanExternalDrive5	Edited	/Volumes/JordanExternalDrive5/JordanExternalDrive1/Pictures/2022/2022-07-14 The City Magazine/Dr Raul Lopez/Edited
/Volumes/JordanExternalDrive5	TIFF, Edited	/Volumes/JordanExternalDrive5/JordanExternalDrive1/Pictures/2022/2022-07-14 The City Magazine/Dr Raul Lopez/Edited/TIFF
/Volumes/JordanExternalDrive5	JPEG XL, TIFF, Edited	/Volumes/JordanExternalDrive5/JordanExternalDrive1/Pictures/2022/2022-07-14 The City Magazine/Dr Raul Lopez/Edited/TIFF/JPEG XL
/Volumes/JordanExternalDrive5	TIFF	/Volumes/JordanExternalDrive5/JordanExternalDrive1/Pictures/2022/2022-07-14 The City Magazine/Dr Raul Lopez/TIFF
/Volumes/JordanExternalDrive5	Cam_Evoto, TIFF	/Volumes/JordanExternalDrive5/JordanExternalDrive1/Pictures/2022/2022-07-14 The City Magazine/Dr Raul Lopez/TIFF/Cam_Evoto
/Volumes/JordanExternalDrive5	Cam_Evoto, JPEG XL, TIFF	/Volumes/JordanExternalDrive5/JordanExternalDrive1/Pictures/2022/2022-07-14 The City Magazine/Dr Raul Lopez/TIFF/Cam_Evoto/JPEG XL
/Volumes/JordanExternalDrive5	JPEG XL, TIFF	/Volumes/JordanExternalDrive5/JordanExternalDrive1/Pictures/2022/2022-07-14 The City Magazine/Dr Raul Lopez/TIFF/JPEG XL
/Volumes/JordanExternalDrive5	Edited	/Volumes/JordanExternalDrive5/JordanExternalDrive1/Pictures/2022/2022-07-14 The City Magazine/Dr. Me de Benedetti/Edited
/Volumes/JordanExternalDrive5	Edited	/Volumes/JordanExternalDrive5/JordanExternalDrive1/Pictures/2022/2022-07-14 The City Magazine/Nesukin Medical Astetics/Edited
/Volumes/JordanExternalDrive5	Edited	/Volumes/JordanExternalDrive5/JordanExternalDrive1/Pictures/2022/2022-07-15 The CIty Magazine - Prestige/Edited
/Volumes/JordanExternalDrive5	TIFF, Edited	/Volumes/JordanExternalDrive5/JordanExternalDrive1/Pictures/2022/2022-07-15 The CIty Magazine - Prestige/Edited/TIFF
/Volumes/JordanExternalDrive5	JPEG XL, TIFF, Edited	/Volumes/JordanExternalDrive5/JordanExternalDrive1/Pictures/2022/2022-07-15 The CIty Magazine - Prestige/Edited/TIFF/JPEG XL
/Volumes/JordanExternalDrive5	Edited	/Volumes/JordanExternalDrive5/JordanExternalDrive1/Pictures/2022/2022-07-16 Gabrielle and Sam/Edited
/Volumes/JordanExternalDrive5	TIFF, Edited	/Volumes/JordanExternalDrive5/JordanExternalDrive1/Pictures/2022/2022-07-16 Gabrielle and Sam/Edited/TIFF
/Volumes/JordanExternalDrive5	JPEG XL, TIFF, Edited	/Volumes/JordanExternalDrive5/JordanExternalDrive1/Pictures/2022/2022-07-16 Gabrielle and Sam/Edited/TIFF/JPEG XL
/Volumes/JordanExternalDrive5	TIFF	/Volumes/JordanExternalDrive5/JordanExternalDrive1/Pictures/2022/2022-07-16 Gabrielle and Sam/TIFF
/Volumes/JordanExternalDrive5	JPEG XL, TIFF	/Volumes/JordanExternalDrive5/JordanExternalDrive1/Pictures/2022/2022-07-16 Gabrielle and Sam/TIFF/JPEG XL
/Volumes/JordanExternalDrive5	Edited	/Volumes/JordanExternalDrive5/JordanExternalDrive1/Pictures/2022/2022-07-18 The City Magazine/Edited
/Volumes/JordanExternalDrive5	TIFF, Edited	/Volumes/JordanExternalDrive5/JordanExternalDrive1/Pictures/2022/2022-07-18 The City Magazine/Edited/TIFF
/Volumes/JordanExternalDrive5	JPEG XL, TIFF, Edited	/Volumes/JordanExternalDrive5/JordanExternalDrive1/Pictures/2022/2022-07-18 The City Magazine/Edited/TIFF/JPEG XL
/Volumes/JordanExternalDrive5	TIFF	/Volumes/JordanExternalDrive5/JordanExternalDrive1/Pictures/2022/2022-07-23 CDA Coronado Country Club/TIFF
/Volumes/JordanExternalDrive5	JPEG XL, TIFF	/Volumes/JordanExternalDrive5/JordanExternalDrive1/Pictures/2022/2022-07-23 CDA Coronado Country Club/TIFF/JPEG XL
/Volumes/JordanExternalDrive5	Edited	/Volumes/JordanExternalDrive5/JordanExternalDrive1/Pictures/2022/2022-07-26 CDA Coronado CC/Ace Sinatra #3/Outfit 1/Edited
/Volumes/JordanExternalDrive5	Edited	/Volumes/JordanExternalDrive5/JordanExternalDrive1/Pictures/2022/2022-07-26 CDA Coronado CC/Ace Sinatra #3/Outfit 2/Edited
/Volumes/JordanExternalDrive5	Edited	/Volumes/JordanExternalDrive5/JordanExternalDrive1/Pictures/2022/2022-07-26 CDA Coronado CC/Ace Sinatra #3/Outfit 3/Edited
/Volumes/JordanExternalDrive5	Edited	/Volumes/JordanExternalDrive5/JordanExternalDrive1/Pictures/2022/2022-07-26 CDA Coronado CC/Ace Sinatra #3/Outfit 4/Edited
/Volumes/JordanExternalDrive5	Edited	/Volumes/JordanExternalDrive5/JordanExternalDrive1/Pictures/2022/2022-07-26 CDA Coronado CC/Ace Sinatra #3/Outfit 5/Edited
/Volumes/JordanExternalDrive5	Edited	/Volumes/JordanExternalDrive5/JordanExternalDrive1/Pictures/2022/2022-07-26 CDA Coronado CC/Ace Sinatra #3/Outfit 6/Edited
/Volumes/JordanExternalDrive5	TIFF	/Volumes/JordanExternalDrive5/JordanExternalDrive1/Pictures/2022/2022-07-26 CDA Coronado CC/Coronado Country Club/TIFF
/Volumes/JordanExternalDrive5	JPEG XL, TIFF	/Volumes/JordanExternalDrive5/JordanExternalDrive1/Pictures/2022/2022-07-26 CDA Coronado CC/Coronado Country Club/TIFF/JPEG XL
/Volumes/JordanExternalDrive5	Edited	/Volumes/JordanExternalDrive5/JordanExternalDrive1/Pictures/2022/2022-07-28 Model Photographer Meet up/Camryn/Edited
/Volumes/JordanExternalDrive5	Edited	/Volumes/JordanExternalDrive5/JordanExternalDrive1/Pictures/2022/2022-07-28 Model Photographer Meet up/Model Group/Edited
/Volumes/JordanExternalDrive5	Edited	/Volumes/JordanExternalDrive5/JordanExternalDrive1/Pictures/2022/2022-07-28 Model Photographer Meet up/Vivian/Edited
/Volumes/JordanExternalDrive5	Edited	/Volumes/JordanExternalDrive5/JordanExternalDrive1/Pictures/2022/2022-08-06 Ariatna Sandoval/Edited
/Volumes/JordanExternalDrive5	Edited	/Volumes/JordanExternalDrive5/JordanExternalDrive1/Pictures/2022/2022-08-07 Sebastian & Jaqueline/Flash/Concept 1/Edited
/Volumes/JordanExternalDrive5	TIFF, Edited	/Volumes/JordanExternalDrive5/JordanExternalDrive1/Pictures/2022/2022-08-07 Sebastian & Jaqueline/Flash/Concept 1/Edited/TIFF
/Volumes/JordanExternalDrive5	Edited	/Volumes/JordanExternalDrive5/JordanExternalDrive1/Pictures/2022/2022-08-07 Sebastian & Jaqueline/Flash/Concept 2/Edited
/Volumes/JordanExternalDrive5	TIFF, Edited	/Volumes/JordanExternalDrive5/JordanExternalDrive1/Pictures/2022/2022-08-07 Sebastian & Jaqueline/Flash/Concept 2/Edited/TIFF
/Volumes/JordanExternalDrive5	Edited	/Volumes/JordanExternalDrive5/JordanExternalDrive1/Pictures/2022/2022-08-07 Sebastian & Jaqueline/Flash/Concept 3/Edited
/Volumes/JordanExternalDrive5	TIFF, Edited	/Volumes/JordanExternalDrive5/JordanExternalDrive1/Pictures/2022/2022-08-07 Sebastian & Jaqueline/Flash/Concept 3/Edited/TIFF
/Volumes/JordanExternalDrive5	Edited	/Volumes/JordanExternalDrive5/JordanExternalDrive1/Pictures/2022/2022-08-07 Sebastian & Jaqueline/Flash/Concept 4/Edited
/Volumes/JordanExternalDrive5	TIFF, Edited	/Volumes/JordanExternalDrive5/JordanExternalDrive1/Pictures/2022/2022-08-07 Sebastian & Jaqueline/Flash/Concept 4/Edited/TIFF
/Volumes/JordanExternalDrive5	Edited	/Volumes/JordanExternalDrive5/JordanExternalDrive1/Pictures/2022/2022-08-07 Sebastian & Jaqueline/Flash/Concept 5/Edited
/Volumes/JordanExternalDrive5	TIFF, Edited	/Volumes/JordanExternalDrive5/JordanExternalDrive1/Pictures/2022/2022-08-07 Sebastian & Jaqueline/Flash/Concept 5/Edited/TIFF
/Volumes/JordanExternalDrive5	Edited	/Volumes/JordanExternalDrive5/JordanExternalDrive1/Pictures/2022/2022-08-08 Camryn Heon Make Up/Outfit 1/Concept 1/Edited
/Volumes/JordanExternalDrive5	Edited	/Volumes/JordanExternalDrive5/JordanExternalDrive1/Pictures/2022/2022-08-08 Camryn Heon Make Up/Outfit 1/Concept 2/Edited
/Volumes/JordanExternalDrive5	TIFF, Edited	/Volumes/JordanExternalDrive5/JordanExternalDrive1/Pictures/2022/2022-08-08 Camryn Heon Make Up/Outfit 1/Concept 2/Edited/TIFF
/Volumes/JordanExternalDrive5	Edited	/Volumes/JordanExternalDrive5/JordanExternalDrive1/Pictures/2022/2022-08-08 Camryn Heon Make Up/Outfit 2/Concept 0/Edited
/Volumes/JordanExternalDrive5	TIFF, Edited	/Volumes/JordanExternalDrive5/JordanExternalDrive1/Pictures/2022/2022-08-08 Camryn Heon Make Up/Outfit 2/Concept 0/Edited/TIFF
/Volumes/JordanExternalDrive5	TIFF	/Volumes/JordanExternalDrive5/JordanExternalDrive1/Pictures/2022/2022-08-08 Camryn Heon Make Up/Outfit 2/Concept 0/TIFF
/Volumes/JordanExternalDrive5	JPEG XL, TIFF	/Volumes/JordanExternalDrive5/JordanExternalDrive1/Pictures/2022/2022-08-08 Camryn Heon Make Up/Outfit 2/Concept 0/TIFF/JPEG XL
/Volumes/JordanExternalDrive5	TIFF	/Volumes/JordanExternalDrive5/JordanExternalDrive1/Pictures/2022/2022-08-08 Camryn Heon Make Up/Outfit 2/Concept 1/TIFF
/Volumes/JordanExternalDrive5	JPEG XL, TIFF	/Volumes/JordanExternalDrive5/JordanExternalDrive1/Pictures/2022/2022-08-08 Camryn Heon Make Up/Outfit 2/Concept 1/TIFF/JPEG XL
/Volumes/JordanExternalDrive5	Edited	/Volumes/JordanExternalDrive5/JordanExternalDrive1/Pictures/2022/2022-08-08 Camryn Heon Make Up/Outfit 2/Concept 2/Edited
/Volumes/JordanExternalDrive5	TIFF, Edited	/Volumes/JordanExternalDrive5/JordanExternalDrive1/Pictures/2022/2022-08-08 Camryn Heon Make Up/Outfit 2/Concept 2/Edited/TIFF
/Volumes/JordanExternalDrive5	TIFF	/Volumes/JordanExternalDrive5/JordanExternalDrive1/Pictures/2022/2022-08-08 Camryn Heon Make Up/Outfit 2/Concept 2/TIFF
/Volumes/JordanExternalDrive5	JPEG XL, TIFF	/Volumes/JordanExternalDrive5/JordanExternalDrive1/Pictures/2022/2022-08-08 Camryn Heon Make Up/Outfit 2/Concept 2/TIFF/JPEG XL
/Volumes/JordanExternalDrive5	Edited	/Volumes/JordanExternalDrive5/JordanExternalDrive1/Pictures/2022/2022-08-09 PROFE/Concept 1/Edited
/Volumes/JordanExternalDrive5	Edited	/Volumes/JordanExternalDrive5/JordanExternalDrive1/Pictures/2022/2022-08-09 PROFE/Concept 2/Edited
/Volumes/JordanExternalDrive5	Edited	/Volumes/JordanExternalDrive5/JordanExternalDrive1/Pictures/2022/2022-08-09 PROFE/Concept 3/Edited
/Volumes/JordanExternalDrive5	Edited	/Volumes/JordanExternalDrive5/JordanExternalDrive1/Pictures/2022/2022-08-09 PROFE/Concept 4/Edited
/Volumes/JordanExternalDrive5	Edited	/Volumes/JordanExternalDrive5/JordanExternalDrive1/Pictures/2022/2022-08-09 PROFE/Concept 5/Edited
/Volumes/JordanExternalDrive5	Edited	/Volumes/JordanExternalDrive5/JordanExternalDrive1/Pictures/2022/2022-08-09 PROFE/Concept 6/Edited
/Volumes/JordanExternalDrive5	Edited	/Volumes/JordanExternalDrive5/JordanExternalDrive1/Pictures/2022/2022-08-09 PROFE/Concept 7/Edited
/Volumes/JordanExternalDrive5	Edited	/Volumes/JordanExternalDrive5/JordanExternalDrive1/Pictures/2022/2022-08-09 PROFE/Concept 8/Edited
/Volumes/JordanExternalDrive5	Edited	/Volumes/JordanExternalDrive5/JordanExternalDrive1/Pictures/2022/2022-08-18 Bazaar/Edited
/Volumes/JordanExternalDrive5	Edited	/Volumes/JordanExternalDrive5/JordanExternalDrive1/Pictures/2022/2022-08-20 Model Photographer Meet up/Edited
/Volumes/JordanExternalDrive5	TIFF, Edited	/Volumes/JordanExternalDrive5/JordanExternalDrive1/Pictures/2022/2022-08-20 Model Photographer Meet up/Edited/TIFF
/Volumes/JordanExternalDrive5	JPEG XL, TIFF, Edited	/Volumes/JordanExternalDrive5/JordanExternalDrive1/Pictures/2022/2022-08-20 Model Photographer Meet up/Edited/TIFF/JPEG XL
/Volumes/JordanExternalDrive5	Edited	/Volumes/JordanExternalDrive5/JordanExternalDrive1/Pictures/2022/2022-08-22 WALA International Commerce/Drone/Exterior/Edited
/Volumes/JordanExternalDrive5	TIFF, Edited	/Volumes/JordanExternalDrive5/JordanExternalDrive1/Pictures/2022/2022-08-22 WALA International Commerce/Drone/Exterior/Edited/TIFF
/Volumes/JordanExternalDrive5	TIFF	/Volumes/JordanExternalDrive5/JordanExternalDrive1/Pictures/2022/2022-08-22 WALA International Commerce/Drone/Exterior/TIFF
/Volumes/JordanExternalDrive5	JPEG XL, TIFF	/Volumes/JordanExternalDrive5/JordanExternalDrive1/Pictures/2022/2022-08-22 WALA International Commerce/Drone/Exterior/TIFF/JPEG XL
/Volumes/JordanExternalDrive5	Edited	/Volumes/JordanExternalDrive5/JordanExternalDrive1/Pictures/2022/2022-08-22 WALA International Commerce/Drone/Interior/Edited
/Volumes/JordanExternalDrive5	TIFF, Edited	/Volumes/JordanExternalDrive5/JordanExternalDrive1/Pictures/2022/2022-08-22 WALA International Commerce/Drone/Interior/Edited/TIFF
/Volumes/JordanExternalDrive5	Edited	/Volumes/JordanExternalDrive5/JordanExternalDrive1/Pictures/2022/2022-08-22 WALA International Commerce/Mirrorless/Interior/Cinebloom 20% Filter/Edited
/Volumes/JordanExternalDrive5	Edited	/Volumes/JordanExternalDrive5/JordanExternalDrive1/Pictures/2022/2022-08-22 WALA International Commerce/Mirrorless/Interior/No FIlter/Edited
/Volumes/JordanExternalDrive5	TIFF	/Volumes/JordanExternalDrive5/JordanExternalDrive1/Pictures/2022/2022-08-22 WALA International Commerce/TIFF
/Volumes/JordanExternalDrive5	JPEG XL, TIFF	/Volumes/JordanExternalDrive5/JordanExternalDrive1/Pictures/2022/2022-08-22 WALA International Commerce/TIFF/JPEG XL
/Volumes/JordanExternalDrive5	Edited	/Volumes/JordanExternalDrive5/JordanExternalDrive1/Pictures/2022/2022-08-23 Ace Sinatra/Edited
/Volumes/JordanExternalDrive5	TIFF, Edited	/Volumes/JordanExternalDrive5/JordanExternalDrive1/Pictures/2022/2022-08-23 Ace Sinatra/Edited/TIFF
/Volumes/JordanExternalDrive5	JPEG XL, TIFF, Edited	/Volumes/JordanExternalDrive5/JordanExternalDrive1/Pictures/2022/2022-08-23 Ace Sinatra/Edited/TIFF/JPEG XL
/Volumes/JordanExternalDrive5	TIFF	/Volumes/JordanExternalDrive5/JordanExternalDrive1/Pictures/2022/2022-08-23 Ace Sinatra/TIFF
/Volumes/JordanExternalDrive5	JPEG XL, TIFF	/Volumes/JordanExternalDrive5/JordanExternalDrive1/Pictures/2022/2022-08-23 Ace Sinatra/TIFF/JPEG XL
/Volumes/JordanExternalDrive5	Edited	/Volumes/JordanExternalDrive5/JordanExternalDrive1/Pictures/2022/2022-08-29 TFCU - CDA/Drone Photo/Edited
/Volumes/JordanExternalDrive5	TIFF, Edited	/Volumes/JordanExternalDrive5/JordanExternalDrive1/Pictures/2022/2022-08-29 TFCU - CDA/Drone Photo/Edited/TIFF
/Volumes/JordanExternalDrive5	JPEG XL, TIFF, Edited	/Volumes/JordanExternalDrive5/JordanExternalDrive1/Pictures/2022/2022-08-29 TFCU - CDA/Drone Photo/Edited/TIFF/JPEG XL
/Volumes/JordanExternalDrive5	Edited	/Volumes/JordanExternalDrive5/JordanExternalDrive1/Pictures/2022/2022-08-30 PROFE #2/Edited
/Volumes/JordanExternalDrive5	TIFF, Edited	/Volumes/JordanExternalDrive5/JordanExternalDrive1/Pictures/2022/2022-08-30 PROFE #2/Edited/TIFF
/Volumes/JordanExternalDrive5	Edited	/Volumes/JordanExternalDrive5/JordanExternalDrive1/Pictures/2022/2022-09-03 Andrea Lopez/Edited
/Volumes/JordanExternalDrive5	TIFF, Edited	/Volumes/JordanExternalDrive5/JordanExternalDrive1/Pictures/2022/2022-09-03 Andrea Lopez/Edited/Finals/TIFF
/Volumes/JordanExternalDrive5	JPEG XL, TIFF, Edited	/Volumes/JordanExternalDrive5/JordanExternalDrive1/Pictures/2022/2022-09-03 Andrea Lopez/Edited/Finals/TIFF/JPEG XL
/Volumes/JordanExternalDrive5	TIFF, Edited	/Volumes/JordanExternalDrive5/JordanExternalDrive1/Pictures/2022/2022-09-03 Andrea Lopez/Edited/Rough Draft/TIFF
/Volumes/JordanExternalDrive5	JPEG XL, TIFF, Edited	/Volumes/JordanExternalDrive5/JordanExternalDrive1/Pictures/2022/2022-09-03 Andrea Lopez/Edited/Rough Draft/TIFF/JPEG XL
/Volumes/JordanExternalDrive5	Edited	/Volumes/JordanExternalDrive5/JordanExternalDrive1/Pictures/2022/2022-09-04 Whitney Family Portraits/Edited
/Volumes/JordanExternalDrive5	TIFF	/Volumes/JordanExternalDrive5/JordanExternalDrive1/Pictures/2022/2022-09-04 Whitney Family Portraits/TIFF
/Volumes/JordanExternalDrive5	JPEG XL, TIFF	/Volumes/JordanExternalDrive5/JordanExternalDrive1/Pictures/2022/2022-09-04 Whitney Family Portraits/TIFF/JPEG XL
/Volumes/JordanExternalDrive5	Edited	/Volumes/JordanExternalDrive5/JordanExternalDrive1/Pictures/2022/2022-09-06 Whitney and Jon/Edited
/Volumes/JordanExternalDrive5	TIFF, Edited	/Volumes/JordanExternalDrive5/JordanExternalDrive1/Pictures/2022/2022-09-06 Whitney and Jon/Edited/TIFF
/Volumes/JordanExternalDrive5	JPEG XL, TIFF, Edited	/Volumes/JordanExternalDrive5/JordanExternalDrive1/Pictures/2022/2022-09-06 Whitney and Jon/Edited/TIFF/JPEG XL
/Volumes/JordanExternalDrive5	Edited	/Volumes/JordanExternalDrive5/JordanExternalDrive1/Pictures/2022/2022-09-07 Krystal Poppins/Edited
/Volumes/JordanExternalDrive5	TIFF, Edited	/Volumes/JordanExternalDrive5/JordanExternalDrive1/Pictures/2022/2022-09-07 Krystal Poppins/Edited/TIFF
/Volumes/JordanExternalDrive5	JPEG XL, TIFF, Edited	/Volumes/JordanExternalDrive5/JordanExternalDrive1/Pictures/2022/2022-09-07 Krystal Poppins/Edited/TIFF/JPEG XL
/Volumes/JordanExternalDrive5	Edited	/Volumes/JordanExternalDrive5/JordanExternalDrive1/Pictures/2022/2022-09-09 Gal Fashion/Edited
/Volumes/JordanExternalDrive5	TIFF, Edited	/Volumes/JordanExternalDrive5/JordanExternalDrive1/Pictures/2022/2022-09-09 Gal Fashion/Edited/TIFF
/Volumes/JordanExternalDrive5	JPEG XL, TIFF, Edited	/Volumes/JordanExternalDrive5/JordanExternalDrive1/Pictures/2022/2022-09-09 Gal Fashion/Edited/TIFF/JPEG XL
/Volumes/JordanExternalDrive5	Edited	/Volumes/JordanExternalDrive5/JordanExternalDrive1/Pictures/2022/2022-09-10 Mia Bonilla/Concept 1/Edited
/Volumes/JordanExternalDrive5	TIFF, Edited	/Volumes/JordanExternalDrive5/JordanExternalDrive1/Pictures/2022/2022-09-10 Mia Bonilla/Concept 1/Edited/TIFF
/Volumes/JordanExternalDrive5	JPEG XL, TIFF, Edited	/Volumes/JordanExternalDrive5/JordanExternalDrive1/Pictures/2022/2022-09-10 Mia Bonilla/Concept 1/Edited/TIFF/JPEG XL
/Volumes/JordanExternalDrive5	Edited	/Volumes/JordanExternalDrive5/JordanExternalDrive1/Pictures/2022/2022-09-10 Mia Bonilla/Concept 2/Edited
/Volumes/JordanExternalDrive5	TIFF, Edited	/Volumes/JordanExternalDrive5/JordanExternalDrive1/Pictures/2022/2022-09-10 Mia Bonilla/Concept 2/Edited/TIFF
/Volumes/JordanExternalDrive5	JPEG XL, TIFF, Edited	/Volumes/JordanExternalDrive5/JordanExternalDrive1/Pictures/2022/2022-09-10 Mia Bonilla/Concept 2/Edited/TIFF/JPEG XL
/Volumes/JordanExternalDrive5	Edited	/Volumes/JordanExternalDrive5/JordanExternalDrive1/Pictures/2022/2022-09-10 Mia Bonilla/Concept 3/Edited
/Volumes/JordanExternalDrive5	TIFF, Edited	/Volumes/JordanExternalDrive5/JordanExternalDrive1/Pictures/2022/2022-09-10 Mia Bonilla/Concept 3/Edited/TIFF
/Volumes/JordanExternalDrive5	JPEG XL, TIFF, Edited	/Volumes/JordanExternalDrive5/JordanExternalDrive1/Pictures/2022/2022-09-10 Mia Bonilla/Concept 3/Edited/TIFF/JPEG XL
/Volumes/JordanExternalDrive5	Edited	/Volumes/JordanExternalDrive5/JordanExternalDrive1/Pictures/2022/2022-09-10 Mia Bonilla/Concept 4/Edited
/Volumes/JordanExternalDrive5	TIFF, Edited	/Volumes/JordanExternalDrive5/JordanExternalDrive1/Pictures/2022/2022-09-10 Mia Bonilla/Concept 4/Edited/TIFF
/Volumes/JordanExternalDrive5	JPEG XL, TIFF, Edited	/Volumes/JordanExternalDrive5/JordanExternalDrive1/Pictures/2022/2022-09-10 Mia Bonilla/Concept 4/Edited/TIFF/JPEG XL
/Volumes/JordanExternalDrive5	Edited	/Volumes/JordanExternalDrive5/JordanExternalDrive1/Pictures/2022/2022-09-12 CDA TFCU/Edited
/Volumes/JordanExternalDrive5	TIFF, Edited	/Volumes/JordanExternalDrive5/JordanExternalDrive1/Pictures/2022/2022-09-12 CDA TFCU/Edited/TIFF
/Volumes/JordanExternalDrive5	JPEG XL, TIFF, Edited	/Volumes/JordanExternalDrive5/JordanExternalDrive1/Pictures/2022/2022-09-12 CDA TFCU/Edited/TIFF/JPEG XL
/Volumes/JordanExternalDrive5	Edited	/Volumes/JordanExternalDrive5/JordanExternalDrive1/Pictures/2022/2022-09-15 PROFE/Edited
/Volumes/JordanExternalDrive5	TIFF, Edited	/Volumes/JordanExternalDrive5/JordanExternalDrive1/Pictures/2022/2022-09-15 PROFE/Edited/TIFF
/Volumes/JordanExternalDrive5	Edited	/Volumes/JordanExternalDrive5/JordanExternalDrive1/Pictures/2022/2022-09-26 Jonathan Farias/Edited
/Volumes/JordanExternalDrive5	TIFF, Edited	/Volumes/JordanExternalDrive5/JordanExternalDrive1/Pictures/2022/2022-09-26 Jonathan Farias/Edited/TIFF
/Volumes/JordanExternalDrive5	JPEG XL, TIFF, Edited	/Volumes/JordanExternalDrive5/JordanExternalDrive1/Pictures/2022/2022-09-26 Jonathan Farias/Edited/TIFF/JPEG XL
/Volumes/JordanExternalDrive5	Edited	/Volumes/JordanExternalDrive5/JordanExternalDrive1/Pictures/2022/2022-10-23 EPFW2022/Edited
/Volumes/JordanExternalDrive5	TIFF, Edited	/Volumes/JordanExternalDrive5/JordanExternalDrive1/Pictures/2022/2022-10-23 EPFW2022/Edited/TIFF
/Volumes/JordanExternalDrive5	JPEG XL, TIFF, Edited	/Volumes/JordanExternalDrive5/JordanExternalDrive1/Pictures/2022/2022-10-23 EPFW2022/Edited/TIFF/JPEG XL
/Volumes/JordanExternalDrive5	TIFF	/Volumes/JordanExternalDrive5/JordanExternalDrive1/Pictures/2022/2022-10-23 EPFW2022/TIFF
/Volumes/JordanExternalDrive5	JPEG XL, TIFF	/Volumes/JordanExternalDrive5/JordanExternalDrive1/Pictures/2022/2022-10-23 EPFW2022/TIFF/JPEG XL
/Volumes/JordanExternalDrive5	Edited	/Volumes/JordanExternalDrive5/JordanExternalDrive1/Pictures/2022/2022-10-25 Delia Headshots/Edited
/Volumes/JordanExternalDrive5	TIFF, Edited	/Volumes/JordanExternalDrive5/JordanExternalDrive1/Pictures/2022/2022-10-25 Delia Headshots/Edited/TIFF
/Volumes/JordanExternalDrive5	JPEG XL, TIFF, Edited	/Volumes/JordanExternalDrive5/JordanExternalDrive1/Pictures/2022/2022-10-25 Delia Headshots/Edited/TIFF/JPEG XL
/Volumes/JordanExternalDrive5	Edited	/Volumes/JordanExternalDrive5/JordanExternalDrive1/Pictures/2022/2022-10-27 Photographer Model Meet up/Edited
/Volumes/JordanExternalDrive5	TIFF, Edited	/Volumes/JordanExternalDrive5/JordanExternalDrive1/Pictures/2022/2022-10-27 Photographer Model Meet up/Edited/TIFF
/Volumes/JordanExternalDrive5	JPEG XL, TIFF, Edited	/Volumes/JordanExternalDrive5/JordanExternalDrive1/Pictures/2022/2022-10-27 Photographer Model Meet up/Edited/TIFF/JPEG XL
/Volumes/JordanExternalDrive5	TIFF	/Volumes/JordanExternalDrive5/JordanExternalDrive1/Pictures/2022/2022-10-29 EPPA/2 Dinner/TIFF
/Volumes/JordanExternalDrive5	JPEG XL, TIFF	/Volumes/JordanExternalDrive5/JordanExternalDrive1/Pictures/2022/2022-10-29 EPPA/2 Dinner/TIFF/JPEG XL
/Volumes/JordanExternalDrive5	Edited	/Volumes/JordanExternalDrive5/JordanExternalDrive1/Pictures/2022/2022-10-30 AIA 5K and Chelsea/2022-10-30 Chelsea Coffee/Outfit 1/Edited
/Volumes/JordanExternalDrive5	TIFF, Edited	/Volumes/JordanExternalDrive5/JordanExternalDrive1/Pictures/2022/2022-10-30 AIA 5K and Chelsea/2022-10-30 Chelsea Coffee/Outfit 1/Edited/TIFF
/Volumes/JordanExternalDrive5	Edited	/Volumes/JordanExternalDrive5/JordanExternalDrive1/Pictures/2022/2022-10-30 AIA 5K and Chelsea/2022-10-30 Chelsea Coffee/Outfit 2/Edited
/Volumes/JordanExternalDrive5	TIFF, Edited	/Volumes/JordanExternalDrive5/JordanExternalDrive1/Pictures/2022/2022-10-30 AIA 5K and Chelsea/2022-10-30 Chelsea Coffee/Outfit 2/Edited/TIFF
/Volumes/JordanExternalDrive5	TIFF	/Volumes/JordanExternalDrive5/JordanExternalDrive1/Pictures/2022/2022-10-30 AIA 5K and Chelsea/2022-10-30 Chelsea Coffee/Outfit 2/TIFF
/Volumes/JordanExternalDrive5	JPEG XL, TIFF	/Volumes/JordanExternalDrive5/JordanExternalDrive1/Pictures/2022/2022-10-30 AIA 5K and Chelsea/2022-10-30 Chelsea Coffee/Outfit 2/TIFF/JPEG XL
/Volumes/JordanExternalDrive5	TIFF	/Volumes/JordanExternalDrive5/JordanExternalDrive1/Pictures/2022/2022-11-05 Banes CG - Fox Acura/TIFF
/Volumes/JordanExternalDrive5	JPEG XL, TIFF	/Volumes/JordanExternalDrive5/JordanExternalDrive1/Pictures/2022/2022-11-05 Banes CG - Fox Acura/TIFF/JPEG XL
/Volumes/JordanExternalDrive5	Edited	/Volumes/JordanExternalDrive5/JordanExternalDrive1/Pictures/2022/2022-11-06 CDA - Coronado Country Club/Edited
/Volumes/JordanExternalDrive5	TIFF, Edited	/Volumes/JordanExternalDrive5/JordanExternalDrive1/Pictures/2022/2022-11-06 CDA - Coronado Country Club/Edited/TIFF
/Volumes/JordanExternalDrive5	JPEG XL, TIFF, Edited	/Volumes/JordanExternalDrive5/JordanExternalDrive1/Pictures/2022/2022-11-06 CDA - Coronado Country Club/Edited/TIFF/JPEG XL
/Volumes/JordanExternalDrive5	Edited	/Volumes/JordanExternalDrive5/JordanExternalDrive1/Pictures/2022/2022-11-14 Beca/Edited
/Volumes/JordanExternalDrive5	TIFF, Edited	/Volumes/JordanExternalDrive5/JordanExternalDrive1/Pictures/2022/2022-11-14 Beca/Edited/TIFF
/Volumes/JordanExternalDrive5	JPEG XL, TIFF, Edited	/Volumes/JordanExternalDrive5/JordanExternalDrive1/Pictures/2022/2022-11-14 Beca/Edited/TIFF/JPEG XL
/Volumes/JordanExternalDrive5	Edited	/Volumes/JordanExternalDrive5/JordanExternalDrive1/Pictures/2022/2022-11-16 Cecilia & Adam/Loc 1/Edited
/Volumes/JordanExternalDrive5	TIFF, Edited	/Volumes/JordanExternalDrive5/JordanExternalDrive1/Pictures/2022/2022-11-16 Cecilia & Adam/Loc 1/Edited/TIFF
/Volumes/JordanExternalDrive5	JPEG XL, TIFF, Edited	/Volumes/JordanExternalDrive5/JordanExternalDrive1/Pictures/2022/2022-11-16 Cecilia & Adam/Loc 1/Edited/TIFF/JPEG XL
/Volumes/JordanExternalDrive5	Edited	/Volumes/JordanExternalDrive5/JordanExternalDrive1/Pictures/2022/2022-11-16 Cecilia & Adam/Loc 2/Edited
/Volumes/JordanExternalDrive5	TIFF, Edited	/Volumes/JordanExternalDrive5/JordanExternalDrive1/Pictures/2022/2022-11-16 Cecilia & Adam/Loc 2/Edited/TIFF
/Volumes/JordanExternalDrive5	JPEG XL, TIFF, Edited	/Volumes/JordanExternalDrive5/JordanExternalDrive1/Pictures/2022/2022-11-16 Cecilia & Adam/Loc 2/Edited/TIFF/JPEG XL
/Volumes/JordanExternalDrive5	Edited	/Volumes/JordanExternalDrive5/JordanExternalDrive1/Pictures/2022/2022-11-16 Cecilia & Adam/Loc 3/Edited
/Volumes/JordanExternalDrive5	TIFF, Edited	/Volumes/JordanExternalDrive5/JordanExternalDrive1/Pictures/2022/2022-11-16 Cecilia & Adam/Loc 3/Edited/TIFF
/Volumes/JordanExternalDrive5	JPEG XL, TIFF, Edited	/Volumes/JordanExternalDrive5/JordanExternalDrive1/Pictures/2022/2022-11-16 Cecilia & Adam/Loc 3/Edited/TIFF/JPEG XL
/Volumes/JordanExternalDrive5	Edited	/Volumes/JordanExternalDrive5/JordanExternalDrive1/Pictures/2022/2022-11-16 Cecilia & Adam/Loc 5/Edited
/Volumes/JordanExternalDrive5	TIFF, Edited	/Volumes/JordanExternalDrive5/JordanExternalDrive1/Pictures/2022/2022-11-16 Cecilia & Adam/Loc 5/Edited/TIFF
/Volumes/JordanExternalDrive5	JPEG XL, TIFF, Edited	/Volumes/JordanExternalDrive5/JordanExternalDrive1/Pictures/2022/2022-11-16 Cecilia & Adam/Loc 5/Edited/TIFF/JPEG XL
/Volumes/JordanExternalDrive5	Edited	/Volumes/JordanExternalDrive5/JordanExternalDrive1/Pictures/2022/2022-11-16 Cecilia & Adam/Loc 6/Edited
/Volumes/JordanExternalDrive5	TIFF, Edited	/Volumes/JordanExternalDrive5/JordanExternalDrive1/Pictures/2022/2022-11-16 Cecilia & Adam/Loc 6/Edited/TIFF
/Volumes/JordanExternalDrive5	JPEG XL, TIFF, Edited	/Volumes/JordanExternalDrive5/JordanExternalDrive1/Pictures/2022/2022-11-16 Cecilia & Adam/Loc 6/Edited/TIFF/JPEG XL
/Volumes/JordanExternalDrive5	Edited	/Volumes/JordanExternalDrive5/JordanExternalDrive1/Pictures/2022/2022-11-16 Cecilia & Adam/Loc 7/Edited
/Volumes/JordanExternalDrive5	TIFF, Edited	/Volumes/JordanExternalDrive5/JordanExternalDrive1/Pictures/2022/2022-11-16 Cecilia & Adam/Loc 7/Edited/TIFF
/Volumes/JordanExternalDrive5	JPEG XL, TIFF, Edited	/Volumes/JordanExternalDrive5/JordanExternalDrive1/Pictures/2022/2022-11-16 Cecilia & Adam/Loc 7/Edited/TIFF/JPEG XL
/Volumes/JordanExternalDrive5	Edited	/Volumes/JordanExternalDrive5/JordanExternalDrive1/Pictures/2022/2022-11-16 Cecilia & Adam/Loc 8/Edited
/Volumes/JordanExternalDrive5	TIFF, Edited	/Volumes/JordanExternalDrive5/JordanExternalDrive1/Pictures/2022/2022-11-16 Cecilia & Adam/Loc 8/Edited/TIFF
/Volumes/JordanExternalDrive5	JPEG XL, TIFF, Edited	/Volumes/JordanExternalDrive5/JordanExternalDrive1/Pictures/2022/2022-11-16 Cecilia & Adam/Loc 8/Edited/TIFF/JPEG XL
/Volumes/JordanExternalDrive5	Edited	/Volumes/JordanExternalDrive5/JordanExternalDrive1/Pictures/2022/2022-11-16 Cecilia & Adam/Loc 9/Edited
/Volumes/JordanExternalDrive5	TIFF, Edited	/Volumes/JordanExternalDrive5/JordanExternalDrive1/Pictures/2022/2022-11-16 Cecilia & Adam/Loc 9/Edited/TIFF
/Volumes/JordanExternalDrive5	JPEG XL, TIFF, Edited	/Volumes/JordanExternalDrive5/JordanExternalDrive1/Pictures/2022/2022-11-16 Cecilia & Adam/Loc 9/Edited/TIFF/JPEG XL
/Volumes/JordanExternalDrive5	Edited	/Volumes/JordanExternalDrive5/JordanExternalDrive1/Pictures/2022/2022-11-22 Camryn/Concept 2/Edited
/Volumes/JordanExternalDrive5	TIFF, Edited	/Volumes/JordanExternalDrive5/JordanExternalDrive1/Pictures/2022/2022-11-22 Camryn/Concept 2/Edited/TIFF
/Volumes/JordanExternalDrive5	JPEG XL, TIFF, Edited	/Volumes/JordanExternalDrive5/JordanExternalDrive1/Pictures/2022/2022-11-22 Camryn/Concept 2/Edited/TIFF/JPEG XL
/Volumes/JordanExternalDrive5	Edited	/Volumes/JordanExternalDrive5/JordanExternalDrive1/Pictures/2022/2022-11-22 Camryn/Concept 3/Edited
/Volumes/JordanExternalDrive5	TIFF, Edited	/Volumes/JordanExternalDrive5/JordanExternalDrive1/Pictures/2022/2022-11-22 Camryn/Concept 3/Edited/TIFF
/Volumes/JordanExternalDrive5	JPEG XL, TIFF, Edited	/Volumes/JordanExternalDrive5/JordanExternalDrive1/Pictures/2022/2022-11-22 Camryn/Concept 3/Edited/TIFF/JPEG XL
/Volumes/JordanExternalDrive5	TIFF	/Volumes/JordanExternalDrive5/JordanExternalDrive1/Pictures/2022/2022-11-22 Camryn/Concept 3/TIFF
/Volumes/JordanExternalDrive5	Cam_Evoto, TIFF	/Volumes/JordanExternalDrive5/JordanExternalDrive1/Pictures/2022/2022-11-22 Camryn/Concept 3/TIFF/Cam_Evoto
/Volumes/JordanExternalDrive5	Cam_Evoto, JPEG XL, TIFF	/Volumes/JordanExternalDrive5/JordanExternalDrive1/Pictures/2022/2022-11-22 Camryn/Concept 3/TIFF/Cam_Evoto/JPEG XL
/Volumes/JordanExternalDrive5	JPEG XL, TIFF	/Volumes/JordanExternalDrive5/JordanExternalDrive1/Pictures/2022/2022-11-22 Camryn/Concept 3/TIFF/JPEG XL
/Volumes/JordanExternalDrive5	Edited	/Volumes/JordanExternalDrive5/JordanExternalDrive1/Pictures/2022/2022-11-22 Camryn/Concept 5/Edited
/Volumes/JordanExternalDrive5	TIFF, Edited	/Volumes/JordanExternalDrive5/JordanExternalDrive1/Pictures/2022/2022-11-22 Camryn/Concept 5/Edited/TIFF
/Volumes/JordanExternalDrive5	JPEG XL, TIFF, Edited	/Volumes/JordanExternalDrive5/JordanExternalDrive1/Pictures/2022/2022-11-22 Camryn/Concept 5/Edited/TIFF/JPEG XL
/Volumes/JordanExternalDrive5	TIFF	/Volumes/JordanExternalDrive5/JordanExternalDrive1/Pictures/2022/2022-11-22 Camryn/Concept 5/TIFF
/Volumes/JordanExternalDrive5	Cam_Evoto, TIFF	/Volumes/JordanExternalDrive5/JordanExternalDrive1/Pictures/2022/2022-11-22 Camryn/Concept 5/TIFF/Cam_Evoto
/Volumes/JordanExternalDrive5	Cam_Evoto, JPEG XL, TIFF	/Volumes/JordanExternalDrive5/JordanExternalDrive1/Pictures/2022/2022-11-22 Camryn/Concept 5/TIFF/Cam_Evoto/JPEG XL
/Volumes/JordanExternalDrive5	JPEG XL, TIFF	/Volumes/JordanExternalDrive5/JordanExternalDrive1/Pictures/2022/2022-11-22 Camryn/Concept 5/TIFF/JPEG XL
/Volumes/JordanExternalDrive5	Edited	/Volumes/JordanExternalDrive5/JordanExternalDrive1/Pictures/2022/2022-11-23 CDA - CCC Bar/Edited
/Volumes/JordanExternalDrive5	TIFF, Edited	/Volumes/JordanExternalDrive5/JordanExternalDrive1/Pictures/2022/2022-11-23 CDA - CCC Bar/Edited/TIFF
/Volumes/JordanExternalDrive5	JPEG XL, TIFF, Edited	/Volumes/JordanExternalDrive5/JordanExternalDrive1/Pictures/2022/2022-11-23 CDA - CCC Bar/Edited/TIFF/JPEG XL
/Volumes/JordanExternalDrive5	TIFF	/Volumes/JordanExternalDrive5/JordanExternalDrive1/Pictures/2022/2022-11-23 CDA - CCC Bar/TIFF
/Volumes/JordanExternalDrive5	JPEG XL, TIFF	/Volumes/JordanExternalDrive5/JordanExternalDrive1/Pictures/2022/2022-11-23 CDA - CCC Bar/TIFF/JPEG XL
/Volumes/JordanExternalDrive5	Edited	/Volumes/JordanExternalDrive5/JordanExternalDrive1/Pictures/2022/2022-12-03 Army Ball/Edited
/Volumes/JordanExternalDrive5	TIFF, Edited	/Volumes/JordanExternalDrive5/JordanExternalDrive1/Pictures/2022/2022-12-03 Army Ball/Edited/TIFF
/Volumes/JordanExternalDrive5	JPEG XL, TIFF, Edited	/Volumes/JordanExternalDrive5/JordanExternalDrive1/Pictures/2022/2022-12-03 Army Ball/Edited/TIFF/JPEG XL
/Volumes/JordanExternalDrive5	TIFF	/Volumes/JordanExternalDrive5/JordanExternalDrive1/Pictures/2022/2022-12-03 Army Ball/TIFF
/Volumes/JordanExternalDrive5	JPEG XL, TIFF	/Volumes/JordanExternalDrive5/JordanExternalDrive1/Pictures/2022/2022-12-03 Army Ball/TIFF/JPEG XL
/Volumes/JordanExternalDrive5	Edited	/Volumes/JordanExternalDrive5/JordanExternalDrive1/Pictures/2022/2022-12-08 Dr.JuanG.Becerra/Edited
/Volumes/JordanExternalDrive5	TIFF, Edited	/Volumes/JordanExternalDrive5/JordanExternalDrive1/Pictures/2022/2022-12-08 Dr.JuanG.Becerra/Edited/TIFF
/Volumes/JordanExternalDrive5	JPEG XL, TIFF, Edited	/Volumes/JordanExternalDrive5/JordanExternalDrive1/Pictures/2022/2022-12-08 Dr.JuanG.Becerra/Edited/TIFF/JPEG XL
/Volumes/JordanExternalDrive5	TIFF	/Volumes/JordanExternalDrive5/JordanExternalDrive1/Pictures/2022/2022-12-09 MARFA/TIFF
/Volumes/JordanExternalDrive5	JPEG XL, TIFF	/Volumes/JordanExternalDrive5/JordanExternalDrive1/Pictures/2022/2022-12-09 MARFA/TIFF/JPEG XL
/Volumes/JordanExternalDrive5	Edited	/Volumes/JordanExternalDrive5/JordanExternalDrive1/Pictures/2022/2022-12-12 CDA - El Paso Water Maintenance Building/Edited
/Volumes/JordanExternalDrive5	TIFF, Edited	/Volumes/JordanExternalDrive5/JordanExternalDrive1/Pictures/2022/2022-12-12 CDA - El Paso Water Maintenance Building/Edited/TIFF
/Volumes/JordanExternalDrive5	JPEG XL, TIFF, Edited	/Volumes/JordanExternalDrive5/JordanExternalDrive1/Pictures/2022/2022-12-12 CDA - El Paso Water Maintenance Building/Edited/TIFF/JPEG XL
/Volumes/JordanExternalDrive5	TIFF	/Volumes/JordanExternalDrive5/JordanExternalDrive1/Pictures/2022/2022-12-12 CDA - El Paso Water Maintenance Building/TIFF
/Volumes/JordanExternalDrive5	JPEG XL, TIFF	/Volumes/JordanExternalDrive5/JordanExternalDrive1/Pictures/2022/2022-12-12 CDA - El Paso Water Maintenance Building/TIFF/JPEG XL
/Volumes/JordanExternalDrive5	Edited	/Volumes/JordanExternalDrive5/JordanExternalDrive1/Pictures/2022/2022-12-20 The City Magazine/The City Magazine/Edited
/Volumes/JordanExternalDrive5	TIFF, Edited	/Volumes/JordanExternalDrive5/JordanExternalDrive1/Pictures/2022/2022-12-20 The City Magazine/The City Magazine/Edited/TIFF
/Volumes/JordanExternalDrive5	JPEG XL, TIFF, Edited	/Volumes/JordanExternalDrive5/JordanExternalDrive1/Pictures/2022/2022-12-20 The City Magazine/The City Magazine/Edited/TIFF/JPEG XL
/Volumes/JordanExternalDrive5	Edited	/Volumes/JordanExternalDrive5/JordanExternalDrive1/Pictures/2022/2022-12-23 Dominique Lacarra Headshots/Edited
/Volumes/JordanExternalDrive5	TIFF, Edited	/Volumes/JordanExternalDrive5/JordanExternalDrive1/Pictures/2022/2022-12-23 Dominique Lacarra Headshots/Edited/TIFF
/Volumes/JordanExternalDrive5	JPEG XL, TIFF, Edited	/Volumes/JordanExternalDrive5/JordanExternalDrive1/Pictures/2022/2022-12-23 Dominique Lacarra Headshots/Edited/TIFF/JPEG XL
/Volumes/JordanExternalDrive5	Edited	/Volumes/JordanExternalDrive5/JordanExternalDrive1/Pictures/2022/2022-12-26 Ari & Buco White Sands/Edited
/Volumes/JordanExternalDrive5	Edited	/Volumes/JordanExternalDrive5/JordanExternalDrive1/Pictures/2023/2023-01-10 Francisco Home/Edited
/Volumes/JordanExternalDrive5	TIFF, Edited	/Volumes/JordanExternalDrive5/JordanExternalDrive1/Pictures/2023/2023-01-10 Francisco Home/Edited/TIFF
/Volumes/JordanExternalDrive5	JPEG XL, TIFF, Edited	/Volumes/JordanExternalDrive5/JordanExternalDrive1/Pictures/2023/2023-01-10 Francisco Home/Edited/TIFF/JPEG XL
/Volumes/JordanExternalDrive5	Edited	/Volumes/JordanExternalDrive5/JordanExternalDrive1/Pictures/2023/2023-01-11 Francisco Home & Vangog/Edited
/Volumes/JordanExternalDrive5	TIFF	/Volumes/JordanExternalDrive5/JordanExternalDrive1/Pictures/2023/2023-01-11 Francisco Home & Vangog/TIFF
/Volumes/JordanExternalDrive5	TIFF	/Volumes/JordanExternalDrive5/JordanExternalDrive1/Pictures/2023/2023-01-13 CDA - Ysleta de Sur Hospital/14 Pro Max/TIFF
/Volumes/JordanExternalDrive5	JPEG XL, TIFF	/Volumes/JordanExternalDrive5/JordanExternalDrive1/Pictures/2023/2023-01-13 CDA - Ysleta de Sur Hospital/14 Pro Max/TIFF/JPEG XL
/Volumes/JordanExternalDrive5	TIFF	/Volumes/JordanExternalDrive5/JordanExternalDrive1/Pictures/2023/2023-01-13 CDA - Ysleta de Sur Hospital/A7RIV/TIFF
/Volumes/JordanExternalDrive5	JPEG XL, TIFF	/Volumes/JordanExternalDrive5/JordanExternalDrive1/Pictures/2023/2023-01-13 CDA - Ysleta de Sur Hospital/A7RIV/TIFF/JPEG XL
/Volumes/JordanExternalDrive5	TIFF	/Volumes/JordanExternalDrive5/JordanExternalDrive1/Pictures/2023/2023-01-13 CDA - Ysleta de Sur Hospital/Mavic Mini 2/TIFF
/Volumes/JordanExternalDrive5	JPEG XL, TIFF	/Volumes/JordanExternalDrive5/JordanExternalDrive1/Pictures/2023/2023-01-13 CDA - Ysleta de Sur Hospital/Mavic Mini 2/TIFF/JPEG XL
/Volumes/JordanExternalDrive5	TIFF	/Volumes/JordanExternalDrive5/JordanExternalDrive1/Pictures/2023/2023-01-13 CDA - Ysleta de Sur Hospital/Mavic Pro 2/TIFF
/Volumes/JordanExternalDrive5	JPEG XL, TIFF	/Volumes/JordanExternalDrive5/JordanExternalDrive1/Pictures/2023/2023-01-13 CDA - Ysleta de Sur Hospital/Mavic Pro 2/TIFF/JPEG XL
/Volumes/JordanExternalDrive5	Edited	/Volumes/JordanExternalDrive5/JordanExternalDrive1/Pictures/2023/2023-01-24 Alyssa Ruiz/Look 1/Full Body/Edited
/Volumes/JordanExternalDrive5	TIFF, Edited	/Volumes/JordanExternalDrive5/JordanExternalDrive1/Pictures/2023/2023-01-24 Alyssa Ruiz/Look 1/Full Body/Edited/TIFF
/Volumes/JordanExternalDrive5	Edited	/Volumes/JordanExternalDrive5/JordanExternalDrive1/Pictures/2023/2023-01-24 Alyssa Ruiz/Look 1/Headshots/Edited
/Volumes/JordanExternalDrive5	TIFF, Edited	/Volumes/JordanExternalDrive5/JordanExternalDrive1/Pictures/2023/2023-01-24 Alyssa Ruiz/Look 1/Headshots/Edited/TIFF
/Volumes/JordanExternalDrive5	TIFF	/Volumes/JordanExternalDrive5/JordanExternalDrive1/Pictures/2023/2023-01-24 Alyssa Ruiz/Look 1/Headshots/TIFF
/Volumes/JordanExternalDrive5	JPEG XL, TIFF	/Volumes/JordanExternalDrive5/JordanExternalDrive1/Pictures/2023/2023-01-24 Alyssa Ruiz/Look 1/Headshots/TIFF/JPEG XL
/Volumes/JordanExternalDrive5	Edited	/Volumes/JordanExternalDrive5/JordanExternalDrive1/Pictures/2023/2023-01-24 Alyssa Ruiz/Look 1/Three Quarters/Edited
/Volumes/JordanExternalDrive5	TIFF, Edited	/Volumes/JordanExternalDrive5/JordanExternalDrive1/Pictures/2023/2023-01-24 Alyssa Ruiz/Look 1/Three Quarters/Edited/TIFF
/Volumes/JordanExternalDrive5	TIFF	/Volumes/JordanExternalDrive5/JordanExternalDrive1/Pictures/2023/2023-01-24 Alyssa Ruiz/Look 1/Three Quarters/TIFF
/Volumes/JordanExternalDrive5	JPEG XL, TIFF	/Volumes/JordanExternalDrive5/JordanExternalDrive1/Pictures/2023/2023-01-24 Alyssa Ruiz/Look 1/Three Quarters/TIFF/JPEG XL
/Volumes/JordanExternalDrive5	Edited	/Volumes/JordanExternalDrive5/JordanExternalDrive1/Pictures/2023/2023-01-24 Alyssa Ruiz/Look 1/Waist Up/Edited
/Volumes/JordanExternalDrive5	TIFF, Edited	/Volumes/JordanExternalDrive5/JordanExternalDrive1/Pictures/2023/2023-01-24 Alyssa Ruiz/Look 1/Waist Up/Edited/TIFF
/Volumes/JordanExternalDrive5	Edited	/Volumes/JordanExternalDrive5/JordanExternalDrive1/Pictures/2023/2023-01-24 Alyssa Ruiz/Look 2/Edited
/Volumes/JordanExternalDrive5	TIFF, Edited	/Volumes/JordanExternalDrive5/JordanExternalDrive1/Pictures/2023/2023-01-24 Alyssa Ruiz/Look 2/Edited/TIFF
/Volumes/JordanExternalDrive5	JPEG XL, TIFF, Edited	/Volumes/JordanExternalDrive5/JordanExternalDrive1/Pictures/2023/2023-01-24 Alyssa Ruiz/Look 2/Edited/TIFF/JPEG XL
/Volumes/JordanExternalDrive5	TIFF	/Volumes/JordanExternalDrive5/JordanExternalDrive1/Pictures/2023/2023-01-24 Alyssa Ruiz/Look 2/TIFF
/Volumes/JordanExternalDrive5	JPEG XL, TIFF	/Volumes/JordanExternalDrive5/JordanExternalDrive1/Pictures/2023/2023-01-24 Alyssa Ruiz/Look 2/TIFF/JPEG XL
/Volumes/JordanExternalDrive5	Edited	/Volumes/JordanExternalDrive5/JordanExternalDrive1/Pictures/2023/2023-01-25 AMAR and Sofia/AMAR/Edited
/Volumes/JordanExternalDrive5	TIFF, Edited	/Volumes/JordanExternalDrive5/JordanExternalDrive1/Pictures/2023/2023-01-25 AMAR and Sofia/AMAR/Edited/TIFF
/Volumes/JordanExternalDrive5	JPEG XL, TIFF, Edited	/Volumes/JordanExternalDrive5/JordanExternalDrive1/Pictures/2023/2023-01-25 AMAR and Sofia/AMAR/Edited/TIFF/JPEG XL
/Volumes/JordanExternalDrive5	TIFF	/Volumes/JordanExternalDrive5/JordanExternalDrive1/Pictures/2023/2023-01-25 AMAR and Sofia/Sofia Terrazas/TIFF
/Volumes/JordanExternalDrive5	JPEG XL, TIFF	/Volumes/JordanExternalDrive5/JordanExternalDrive1/Pictures/2023/2023-01-25 AMAR and Sofia/Sofia Terrazas/TIFF/Sofia_Evoto/JPEG XL
/Volumes/JordanExternalDrive5	Cam_Evoto	/Volumes/JordanExternalDrive5/JordanExternalDrive1/Pictures/2023/2023-01-26 Headshot Event/Cam_Evoto
/Volumes/JordanExternalDrive5	Cam_Evoto	/Volumes/JordanExternalDrive5/JordanExternalDrive1/Pictures/2023/2023-01-26 Headshot Event/Cam_Evoto/Cam_Evoto
/Volumes/JordanExternalDrive5	JPEG XL	/Volumes/JordanExternalDrive5/JordanExternalDrive1/Pictures/2023/2023-01-26 Headshot Event/Chaz/JPEG XL
/Volumes/JordanExternalDrive5	TIFF	/Volumes/JordanExternalDrive5/JordanExternalDrive1/Pictures/2023/2023-01-26 Headshot Event/Chaz/TIFF
/Volumes/JordanExternalDrive5	JPEG XL, TIFF	/Volumes/JordanExternalDrive5/JordanExternalDrive1/Pictures/2023/2023-01-26 Headshot Event/Chaz/TIFF/JPEG XL
/Volumes/JordanExternalDrive5	Edited	/Volumes/JordanExternalDrive5/JordanExternalDrive1/Pictures/2023/2023-01-26 Headshot Event/Edited
/Volumes/JordanExternalDrive5	TIFF, Edited	/Volumes/JordanExternalDrive5/JordanExternalDrive1/Pictures/2023/2023-01-26 Headshot Event/Edited/TIFF
/Volumes/JordanExternalDrive5	JPEG XL, TIFF, Edited	/Volumes/JordanExternalDrive5/JordanExternalDrive1/Pictures/2023/2023-01-26 Headshot Event/Edited/TIFF/JPEG XL
/Volumes/JordanExternalDrive5	Edited	/Volumes/JordanExternalDrive5/JordanExternalDrive1/Pictures/2023/2023-01-27 Headshot Event/Edited
/Volumes/JordanExternalDrive5	TIFF, Edited	/Volumes/JordanExternalDrive5/JordanExternalDrive1/Pictures/2023/2023-01-27 Headshot Event/Edited/TIFF
/Volumes/JordanExternalDrive5	JPEG XL, TIFF, Edited	/Volumes/JordanExternalDrive5/JordanExternalDrive1/Pictures/2023/2023-01-27 Headshot Event/Edited/TIFF/JPEG XL
/Volumes/JordanExternalDrive5	TIFF	/Volumes/JordanExternalDrive5/JordanExternalDrive1/Pictures/2023/2023-01-31 Casita Yandel 2.0/TIFF
/Volumes/JordanExternalDrive5	JPEG XL, TIFF	/Volumes/JordanExternalDrive5/JordanExternalDrive1/Pictures/2023/2023-01-31 Casita Yandel 2.0/TIFF/JPEG XL
/Volumes/JordanExternalDrive5	TIFF	/Volumes/JordanExternalDrive5/JordanExternalDrive1/Pictures/2023/2023-02-03 GAL Fashion Anniversary/TIFF
/Volumes/JordanExternalDrive5	JPEG XL, TIFF	/Volumes/JordanExternalDrive5/JordanExternalDrive1/Pictures/2023/2023-02-03 GAL Fashion Anniversary/TIFF/JPEG XL
/Volumes/JordanExternalDrive5	Edited	/Volumes/JordanExternalDrive5/JordanExternalDrive1/Pictures/2023/2023-02-05 Licon Parish Workshop/Alissa/Edited
/Volumes/JordanExternalDrive5	TIFF, Edited	/Volumes/JordanExternalDrive5/JordanExternalDrive1/Pictures/2023/2023-02-05 Licon Parish Workshop/Alissa/Edited/TIFF
/Volumes/JordanExternalDrive5	JPEG XL, TIFF, Edited	/Volumes/JordanExternalDrive5/JordanExternalDrive1/Pictures/2023/2023-02-05 Licon Parish Workshop/Alissa/Edited/TIFF/JPEG XL
/Volumes/JordanExternalDrive5	TIFF	/Volumes/JordanExternalDrive5/JordanExternalDrive1/Pictures/2023/2023-02-05 Licon Parish Workshop/Fallon/TIFF
/Volumes/JordanExternalDrive5	JPEG XL, TIFF	/Volumes/JordanExternalDrive5/JordanExternalDrive1/Pictures/2023/2023-02-05 Licon Parish Workshop/Fallon/TIFF/JPEG XL
/Volumes/JordanExternalDrive5	Edited	/Volumes/JordanExternalDrive5/JordanExternalDrive1/Pictures/2023/2023-02-05 Licon Parish Workshop/Mia 2.0/Edited
/Volumes/JordanExternalDrive5	TIFF, Edited	/Volumes/JordanExternalDrive5/JordanExternalDrive1/Pictures/2023/2023-02-05 Licon Parish Workshop/Mia 2.0/Edited/TIFF
/Volumes/JordanExternalDrive5	JPEG XL, TIFF, Edited	/Volumes/JordanExternalDrive5/JordanExternalDrive1/Pictures/2023/2023-02-05 Licon Parish Workshop/Mia 2.0/Edited/TIFF/JPEG XL
/Volumes/JordanExternalDrive5	TIFF	/Volumes/JordanExternalDrive5/JordanExternalDrive1/Pictures/2023/2023-02-05 Licon Parish Workshop/Mia/TIFF
/Volumes/JordanExternalDrive5	JPEG XL, TIFF	/Volumes/JordanExternalDrive5/JordanExternalDrive1/Pictures/2023/2023-02-05 Licon Parish Workshop/Mia/TIFF/JPEG XL
/Volumes/JordanExternalDrive5	JPEG XL, TIFF	/Volumes/JordanExternalDrive5/JordanExternalDrive1/Pictures/2023/2023-02-05 Licon Parish Workshop/Mia/TIFF/MIA_Evoto/JPEG XL
/Volumes/JordanExternalDrive5	TIFF	/Volumes/JordanExternalDrive5/JordanExternalDrive1/Pictures/2023/2023-02-05 Licon Parish Workshop/Mia/TIFF/MIA_Evoto/TIFF
/Volumes/JordanExternalDrive5	TIFF	/Volumes/JordanExternalDrive5/JordanExternalDrive1/Pictures/2023/2023-02-07 Sarah T/Outfit 1/Set 1/Edit for AI/TIFF
/Volumes/JordanExternalDrive5	Edited	/Volumes/JordanExternalDrive5/JordanExternalDrive1/Pictures/2023/2023-02-07 Sarah T/Outfit 1/Set 1/Edited
/Volumes/JordanExternalDrive5	TIFF, Edited	/Volumes/JordanExternalDrive5/JordanExternalDrive1/Pictures/2023/2023-02-07 Sarah T/Outfit 1/Set 1/Edited/TIFF
/Volumes/JordanExternalDrive5	Edited	/Volumes/JordanExternalDrive5/JordanExternalDrive1/Pictures/2023/2023-02-07 Sarah T/Outfit 2/Set 2/Edited
/Volumes/JordanExternalDrive5	TIFF, Edited	/Volumes/JordanExternalDrive5/JordanExternalDrive1/Pictures/2023/2023-02-07 Sarah T/Outfit 2/Set 2/Edited/TIFF
/Volumes/JordanExternalDrive5	Edited	/Volumes/JordanExternalDrive5/JordanExternalDrive1/Pictures/2023/2023-02-07 Sarah T/Outfit 3/Edited
/Volumes/JordanExternalDrive5	TIFF, Edited	/Volumes/JordanExternalDrive5/JordanExternalDrive1/Pictures/2023/2023-02-07 Sarah T/Outfit 3/Edited/TIFF
/Volumes/JordanExternalDrive5	JPEG XL, TIFF, Edited	/Volumes/JordanExternalDrive5/JordanExternalDrive1/Pictures/2023/2023-02-07 Sarah T/Outfit 3/Edited/TIFF/JPEG XL
/Volumes/JordanExternalDrive5	TIFF	/Volumes/JordanExternalDrive5/JordanExternalDrive1/Pictures/2023/2023-02-07 Sarah T/Outfit 3/TIFF
/Volumes/JordanExternalDrive5	JPEG XL, TIFF	/Volumes/JordanExternalDrive5/JordanExternalDrive1/Pictures/2023/2023-02-07 Sarah T/Outfit 3/TIFF/JPEG XL
/Volumes/JordanExternalDrive5	JPEG XL, TIFF	/Volumes/JordanExternalDrive5/JordanExternalDrive1/Pictures/2023/2023-02-07 Sarah T/Outfit 3/TIFF/Sarah_Evoto/JPEG XL
/Volumes/JordanExternalDrive5	Edited	/Volumes/JordanExternalDrive5/JordanExternalDrive1/Pictures/2023/2023-02-07 Sarah T/Outfit 4/Edited
/Volumes/JordanExternalDrive5	TIFF, Edited	/Volumes/JordanExternalDrive5/JordanExternalDrive1/Pictures/2023/2023-02-07 Sarah T/Outfit 4/Edited/TIFF
/Volumes/JordanExternalDrive5	JPEG XL, TIFF, Edited	/Volumes/JordanExternalDrive5/JordanExternalDrive1/Pictures/2023/2023-02-07 Sarah T/Outfit 4/Edited/TIFF/JPEG XL
/Volumes/JordanExternalDrive5	TIFF	/Volumes/JordanExternalDrive5/JordanExternalDrive1/Pictures/2023/2023-02-07 Sarah T/Outfit 4/TIFF
/Volumes/JordanExternalDrive5	JPEG XL, TIFF	/Volumes/JordanExternalDrive5/JordanExternalDrive1/Pictures/2023/2023-02-07 Sarah T/Outfit 4/TIFF/JPEG XL
/Volumes/JordanExternalDrive5	JPEG XL, TIFF	/Volumes/JordanExternalDrive5/JordanExternalDrive1/Pictures/2023/2023-02-07 Sarah T/Outfit 4/TIFF/Sara 2_Evoto/JPEG XL
/Volumes/JordanExternalDrive5	TIFF	/Volumes/JordanExternalDrive5/JordanExternalDrive1/Pictures/2023/2023-02-07/TIFF
/Volumes/JordanExternalDrive5	JPEG XL, TIFF	/Volumes/JordanExternalDrive5/JordanExternalDrive1/Pictures/2023/2023-02-07/TIFF/JPEG XL
/Volumes/JordanExternalDrive5	TIFF	/Volumes/JordanExternalDrive5/JordanExternalDrive1/Pictures/2023/2023-02-13 Camryn Comp Card/Outfit 1/TIFF
/Volumes/JordanExternalDrive5	JPEG XL, TIFF	/Volumes/JordanExternalDrive5/JordanExternalDrive1/Pictures/2023/2023-02-13 Camryn Comp Card/Outfit 1/TIFF/JPEG XL
/Volumes/JordanExternalDrive5	Edited	/Volumes/JordanExternalDrive5/JordanExternalDrive1/Pictures/2023/2023-02-13 Camryn Comp Card/Outfit 2/Edited
/Volumes/JordanExternalDrive5	TIFF, Edited	/Volumes/JordanExternalDrive5/JordanExternalDrive1/Pictures/2023/2023-02-13 Camryn Comp Card/Outfit 2/Edited/TIFF
/Volumes/JordanExternalDrive5	JPEG XL, TIFF, Edited	/Volumes/JordanExternalDrive5/JordanExternalDrive1/Pictures/2023/2023-02-13 Camryn Comp Card/Outfit 2/Edited/TIFF/JPEG XL
/Volumes/JordanExternalDrive5	Edited	/Volumes/JordanExternalDrive5/JordanExternalDrive1/Pictures/2023/2023-02-13 Camryn Comp Card/Outfit 3/Edited
/Volumes/JordanExternalDrive5	TIFF, Edited	/Volumes/JordanExternalDrive5/JordanExternalDrive1/Pictures/2023/2023-02-13 Camryn Comp Card/Outfit 3/Edited/TIFF
/Volumes/JordanExternalDrive5	JPEG XL, TIFF, Edited	/Volumes/JordanExternalDrive5/JordanExternalDrive1/Pictures/2023/2023-02-13 Camryn Comp Card/Outfit 3/Edited/TIFF/JPEG XL
/Volumes/JordanExternalDrive5	TIFF	/Volumes/JordanExternalDrive5/JordanExternalDrive1/Pictures/2023/2023-02-13 Camryn Comp Card/Outfit 3/TIFF
/Volumes/JordanExternalDrive5	JPEG XL, TIFF	/Volumes/JordanExternalDrive5/JordanExternalDrive1/Pictures/2023/2023-02-13 Camryn Comp Card/Outfit 3/TIFF/JPEG XL
/Volumes/JordanExternalDrive5	TIFF	/Volumes/JordanExternalDrive5/JordanExternalDrive1/Pictures/2023/2023-02-16 The City Mag-Vet/Edit/TIFF
/Volumes/JordanExternalDrive5	JPEG XL, TIFF	/Volumes/JordanExternalDrive5/JordanExternalDrive1/Pictures/2023/2023-02-16 The City Mag-Vet/Edit/TIFF/JPEG XL
/Volumes/JordanExternalDrive5	Edited	/Volumes/JordanExternalDrive5/JordanExternalDrive1/Pictures/2023/2023-02-17 Inclusive Logistics/Edited
/Volumes/JordanExternalDrive5	TIFF, Edited	/Volumes/JordanExternalDrive5/JordanExternalDrive1/Pictures/2023/2023-02-17 Inclusive Logistics/Edited/TIFF
/Volumes/JordanExternalDrive5	JPEG XL, TIFF, Edited	/Volumes/JordanExternalDrive5/JordanExternalDrive1/Pictures/2023/2023-02-17 Inclusive Logistics/Edited/TIFF/JPEG XL
/Volumes/JordanExternalDrive5	Edited	/Volumes/JordanExternalDrive5/JordanExternalDrive1/Pictures/2023/2023-02-25 Nicholas Headshots/Edited
/Volumes/JordanExternalDrive5	TIFF, Edited	/Volumes/JordanExternalDrive5/JordanExternalDrive1/Pictures/2023/2023-02-25 Nicholas Headshots/Edited/TIFF
/Volumes/JordanExternalDrive5	JPEG XL, TIFF, Edited	/Volumes/JordanExternalDrive5/JordanExternalDrive1/Pictures/2023/2023-02-25 Nicholas Headshots/Edited/TIFF/JPEG XL
/Volumes/JordanExternalDrive5	TIFF	/Volumes/JordanExternalDrive5/JordanExternalDrive1/Pictures/2023/2023-02-28/TIFF
/Volumes/JordanExternalDrive5	JPEG XL, TIFF	/Volumes/JordanExternalDrive5/JordanExternalDrive1/Pictures/2023/2023-02-28/TIFF/JPEG XL
/Volumes/JordanExternalDrive5	Edited	/Volumes/JordanExternalDrive5/JordanExternalDrive1/Pictures/2023/2023-03-04 West Texas Pain Institute/Edited
/Volumes/JordanExternalDrive5	TIFF, Edited	/Volumes/JordanExternalDrive5/JordanExternalDrive1/Pictures/2023/2023-03-04 West Texas Pain Institute/Edited/TIFF
/Volumes/JordanExternalDrive5	JPEG XL, TIFF, Edited	/Volumes/JordanExternalDrive5/JordanExternalDrive1/Pictures/2023/2023-03-04 West Texas Pain Institute/Edited/TIFF/JPEG XL
/Volumes/JordanExternalDrive5	JPEG XL, Edited	/Volumes/JordanExternalDrive5/JordanExternalDrive1/Pictures/2023/2023-03-04 West Texas Pain Institute/Edited/Two/JPEG XL
/Volumes/JordanExternalDrive5	TIFF, Edited	/Volumes/JordanExternalDrive5/JordanExternalDrive1/Pictures/2023/2023-03-04 West Texas Pain Institute/Edited/Two/TIFF
/Volumes/JordanExternalDrive5	JPEG XL, TIFF, Edited	/Volumes/JordanExternalDrive5/JordanExternalDrive1/Pictures/2023/2023-03-04 West Texas Pain Institute/Edited/Two/TIFF/JPEG XL
/Volumes/JordanExternalDrive5	TIFF	/Volumes/JordanExternalDrive5/JordanExternalDrive1/Pictures/2023/2023-03-04 West Texas Pain Institute/TIFF
/Volumes/JordanExternalDrive5	JPEG XL, TIFF	/Volumes/JordanExternalDrive5/JordanExternalDrive1/Pictures/2023/2023-03-04 West Texas Pain Institute/TIFF/JPEG XL
/Volumes/JordanExternalDrive5	Edited	/Volumes/JordanExternalDrive5/JordanExternalDrive1/Pictures/2023/2023-03-07 Paulina/Edited
/Volumes/JordanExternalDrive5	TIFF, Edited	/Volumes/JordanExternalDrive5/JordanExternalDrive1/Pictures/2023/2023-03-07 Paulina/Edited/TIFF
/Volumes/JordanExternalDrive5	TIFF	/Volumes/JordanExternalDrive5/JordanExternalDrive1/Pictures/2023/2023-03-07 Paulina/TIFF
/Volumes/JordanExternalDrive5	TIFF	/Volumes/JordanExternalDrive5/JordanExternalDrive1/Pictures/2023/2023-03-08 Tiffany - AIRBNB
/Volumes/JordanExternalDrive5	TIFF	/Volumes/JordanExternalDrive5/JordanExternalDrive1/Pictures/2023/2023-03-08 Tiffany - AIRBNB/Property 1/DNG/TIFF
/Volumes/JordanExternalDrive5	TIFF	/Volumes/JordanExternalDrive5/JordanExternalDrive1/Pictures/2023/2023-03-08 Tiffany - AIRBNB/Property 1/DNG/TIFF/TIFF
/Volumes/JordanExternalDrive5	TIFF	/Volumes/JordanExternalDrive5/JordanExternalDrive1/Pictures/2023/2023-03-08 Tiffany - AIRBNB/Property 1/TIFF
/Volumes/JordanExternalDrive5	JPEG XL, TIFF	/Volumes/JordanExternalDrive5/JordanExternalDrive1/Pictures/2023/2023-03-08 Tiffany - AIRBNB/Property 1/TIFF/JPEG XL
/Volumes/JordanExternalDrive5	TIFF	/Volumes/JordanExternalDrive5/JordanExternalDrive1/Pictures/2023/2023-03-08 Tiffany - AIRBNB/Property 2/DNG/TIFF
/Volumes/JordanExternalDrive5	TIFF	/Volumes/JordanExternalDrive5/JordanExternalDrive1/Pictures/2023/2023-03-08 Tiffany - AIRBNB/Property 2/DNG/TIFF/TIFF
/Volumes/JordanExternalDrive5	TIFF	/Volumes/JordanExternalDrive5/JordanExternalDrive1/Pictures/2023/2023-03-08 Tiffany - AIRBNB/Property 3/DNG/TIFF
/Volumes/JordanExternalDrive5	TIFF	/Volumes/JordanExternalDrive5/JordanExternalDrive1/Pictures/2023/2023-03-08 Tiffany - AIRBNB/Property 3/DNG/TIFF/TIFF
/Volumes/JordanExternalDrive5	TIFF	/Volumes/JordanExternalDrive5/JordanExternalDrive1/Pictures/2023/2023-03-08 Tiffany - AIRBNB/Property 4/DNG/TIFF
/Volumes/JordanExternalDrive5	TIFF	/Volumes/JordanExternalDrive5/JordanExternalDrive1/Pictures/2023/2023-03-08 Tiffany - AIRBNB/Property 4/DNG/TIFF/TIFF
/Volumes/JordanExternalDrive5	Edited	/Volumes/JordanExternalDrive5/JordanExternalDrive1/Pictures/2023/2023-03-13 Ruth/Edited
/Volumes/JordanExternalDrive5	TIFF, Edited	/Volumes/JordanExternalDrive5/JordanExternalDrive1/Pictures/2023/2023-03-13 Ruth/Edited/TIFF
/Volumes/JordanExternalDrive5	JPEG XL, TIFF, Edited	/Volumes/JordanExternalDrive5/JordanExternalDrive1/Pictures/2023/2023-03-13 Ruth/Edited/TIFF/JPEG XL
/Volumes/JordanExternalDrive5	Edited	/Volumes/JordanExternalDrive5/JordanExternalDrive1/Pictures/2023/2023-03-18 Chelsea Hunter/Edited
/Volumes/JordanExternalDrive5	TIFF, Edited	/Volumes/JordanExternalDrive5/JordanExternalDrive1/Pictures/2023/2023-03-18 Chelsea Hunter/Edited/TIFF
/Volumes/JordanExternalDrive5	JPEG XL, TIFF, Edited	/Volumes/JordanExternalDrive5/JordanExternalDrive1/Pictures/2023/2023-03-18 Chelsea Hunter/Edited/TIFF/JPEG XL
/Volumes/JordanExternalDrive5	Cam_Evoto	/Volumes/JordanExternalDrive5/JordanExternalDrive1/Pictures/2023/2023-03-18 Chelsea Hunter/Outfit 1/Cam_Evoto
/Volumes/JordanExternalDrive5	Cam_Evoto, JPEG XL	/Volumes/JordanExternalDrive5/JordanExternalDrive1/Pictures/2023/2023-03-18 Chelsea Hunter/Outfit 1/Cam_Evoto/IG/JPEG XL
/Volumes/JordanExternalDrive5	Cam_Evoto, JPEG XL	/Volumes/JordanExternalDrive5/JordanExternalDrive1/Pictures/2023/2023-03-18 Chelsea Hunter/Outfit 1/Cam_Evoto/JPEG XL
/Volumes/JordanExternalDrive5	TIFF	/Volumes/JordanExternalDrive5/JordanExternalDrive1/Pictures/2023/2023-03-18 Chelsea Hunter/Outfit 1/TIFF
/Volumes/JordanExternalDrive5	JPEG XL, TIFF	/Volumes/JordanExternalDrive5/JordanExternalDrive1/Pictures/2023/2023-03-18 Chelsea Hunter/Outfit 1/TIFF/JPEG XL
/Volumes/JordanExternalDrive5	Cam_Evoto, JPEG XL, TIFF	/Volumes/JordanExternalDrive5/JordanExternalDrive1/Pictures/2023/2023-03-18 Chelsea Hunter/Outfit 1/TIFF/JPEG XL/Cam_Evoto
/Volumes/JordanExternalDrive5	JPEG XL, TIFF	/Volumes/JordanExternalDrive5/JordanExternalDrive1/Pictures/2023/2023-03-18 Chelsea Hunter/Outfit 1/TIFF/JPEG XL/JPEG XL
/Volumes/JordanExternalDrive5	Cam_Evoto	/Volumes/JordanExternalDrive5/JordanExternalDrive1/Pictures/2023/2023-03-18 Chelsea Hunter/Outfit 3/Location 1/Cam_Evoto
/Volumes/JordanExternalDrive5	Cam_Evoto, JPEG XL	/Volumes/JordanExternalDrive5/JordanExternalDrive1/Pictures/2023/2023-03-18 Chelsea Hunter/Outfit 3/Location 1/Cam_Evoto/JPEG XL
/Volumes/JordanExternalDrive5	TIFF	/Volumes/JordanExternalDrive5/JordanExternalDrive1/Pictures/2023/2023-03-18 Chelsea Hunter/Outfit 3/Location 1/TIFF
/Volumes/JordanExternalDrive5	JPEG XL, TIFF	/Volumes/JordanExternalDrive5/JordanExternalDrive1/Pictures/2023/2023-03-18 Chelsea Hunter/Outfit 3/Location 1/TIFF/JPEG XL
/Volumes/JordanExternalDrive5	Edited	/Volumes/JordanExternalDrive5/JordanExternalDrive1/Pictures/2023/2023-03-22 Katie Scott/Outfit 1/Edited
/Volumes/JordanExternalDrive5	TIFF, Edited	/Volumes/JordanExternalDrive5/JordanExternalDrive1/Pictures/2023/2023-03-22 Katie Scott/Outfit 1/Edited/TIFF
/Volumes/JordanExternalDrive5	TIFF	/Volumes/JordanExternalDrive5/JordanExternalDrive1/Pictures/2023/2023-03-22 Katie Scott/Outfit 1/TIFF 2
/Volumes/JordanExternalDrive5	Cam_Evoto, TIFF	/Volumes/JordanExternalDrive5/JordanExternalDrive1/Pictures/2023/2023-03-22 Katie Scott/Outfit 1/TIFF 2/Cam_Evoto
/Volumes/JordanExternalDrive5	Cam_Evoto, JPEG XL, TIFF	/Volumes/JordanExternalDrive5/JordanExternalDrive1/Pictures/2023/2023-03-22 Katie Scott/Outfit 1/TIFF 2/Cam_Evoto/JPEG XL
/Volumes/JordanExternalDrive5	Edited	/Volumes/JordanExternalDrive5/JordanExternalDrive1/Pictures/2023/2023-03-22 Katie Scott/Outfit 2/Hat/Edited
/Volumes/JordanExternalDrive5	TIFF, Edited	/Volumes/JordanExternalDrive5/JordanExternalDrive1/Pictures/2023/2023-03-22 Katie Scott/Outfit 2/Hat/Edited/TIFF
/Volumes/JordanExternalDrive5	TIFF	/Volumes/JordanExternalDrive5/JordanExternalDrive1/Pictures/2023/2023-03-22 Katie Scott/Outfit 2/Hat/TIFF
/Volumes/JordanExternalDrive5	Edited	/Volumes/JordanExternalDrive5/JordanExternalDrive1/Pictures/2023/2023-03-22 Katie Scott/Outfit 3/Edited
/Volumes/JordanExternalDrive5	TIFF, Edited	/Volumes/JordanExternalDrive5/JordanExternalDrive1/Pictures/2023/2023-03-22 Katie Scott/Outfit 3/Edited/TIFF
/Volumes/JordanExternalDrive5	TIFF	/Volumes/JordanExternalDrive5/JordanExternalDrive1/Pictures/2023/2023-03-22 Katie Scott/Outfit 3/TIFF
/Volumes/JordanExternalDrive5	TIFF	/Volumes/JordanExternalDrive5/JordanExternalDrive1/Pictures/2023/2023-03-22 Katie Scott/Outfit 4/TIFF
/Volumes/JordanExternalDrive5	TIFF	/Volumes/JordanExternalDrive5/JordanExternalDrive1/Pictures/2023/2023-03-31 Asemio - Artem Trehub/Selection/Final/TIFF
/Volumes/JordanExternalDrive5	JPEG XL, TIFF	/Volumes/JordanExternalDrive5/JordanExternalDrive1/Pictures/2023/2023-03-31 Asemio - Artem Trehub/Selection/Final/TIFF/JPEG XL
/Volumes/JordanExternalDrive5	Edited	/Volumes/JordanExternalDrive5/JordanExternalDrive1/Pictures/2023/2023-04-02 Darleen & Manuel/Edited
/Volumes/JordanExternalDrive5	TIFF, Edited	/Volumes/JordanExternalDrive5/JordanExternalDrive1/Pictures/2023/2023-04-02 Darleen & Manuel/Edited/TIFF
/Volumes/JordanExternalDrive5	JPEG XL, TIFF, Edited	/Volumes/JordanExternalDrive5/JordanExternalDrive1/Pictures/2023/2023-04-02 Darleen & Manuel/Edited/TIFF/JPEG XL
/Volumes/JordanExternalDrive5	TIFF	/Volumes/JordanExternalDrive5/JordanExternalDrive1/Pictures/2023/2023-04-02 Darleen & Manuel/TIFF
/Volumes/JordanExternalDrive5	JPEG XL, TIFF	/Volumes/JordanExternalDrive5/JordanExternalDrive1/Pictures/2023/2023-04-02 Darleen & Manuel/TIFF/JPEG XL
/Volumes/JordanExternalDrive5	Edited	/Volumes/JordanExternalDrive5/JordanExternalDrive1/Pictures/2023/2023-04-07 II Mercato/Gesuina/Outfit 1/Edited
/Volumes/JordanExternalDrive5	TIFF, Edited	/Volumes/JordanExternalDrive5/JordanExternalDrive1/Pictures/2023/2023-04-07 II Mercato/Gesuina/Outfit 1/Edited/TIFF
/Volumes/JordanExternalDrive5	Edited	/Volumes/JordanExternalDrive5/JordanExternalDrive1/Pictures/2023/2023-04-11 West Texas Institute/The CIty Magazine/Edited
/Volumes/JordanExternalDrive5	TIFF, Edited	/Volumes/JordanExternalDrive5/JordanExternalDrive1/Pictures/2023/2023-04-11 West Texas Institute/The CIty Magazine/Edited/TIFF
/Volumes/JordanExternalDrive5	JPEG XL, TIFF, Edited	/Volumes/JordanExternalDrive5/JordanExternalDrive1/Pictures/2023/2023-04-11 West Texas Institute/The CIty Magazine/Edited/TIFF/JPEG XL
/Volumes/JordanExternalDrive5	Edited	/Volumes/JordanExternalDrive5/JordanExternalDrive1/Pictures/2023/2023-04-14 The City - Lindsey Hunt/Edited
/Volumes/JordanExternalDrive5	TIFF, Edited	/Volumes/JordanExternalDrive5/JordanExternalDrive1/Pictures/2023/2023-04-14 The City - Lindsey Hunt/Edited/TIFF
/Volumes/JordanExternalDrive5	JPEG XL, TIFF, Edited	/Volumes/JordanExternalDrive5/JordanExternalDrive1/Pictures/2023/2023-04-14 The City - Lindsey Hunt/Edited/TIFF/JPEG XL
/Volumes/JordanExternalDrive5	Edited	/Volumes/JordanExternalDrive5/JordanExternalDrive1/Pictures/2023/2023-04-19 Dorali/Dorali/Outfit 1/Edited
/Volumes/JordanExternalDrive5	TIFF, Edited	/Volumes/JordanExternalDrive5/JordanExternalDrive1/Pictures/2023/2023-04-19 Dorali/Dorali/Outfit 1/Edited/TIFF
/Volumes/JordanExternalDrive5	TIFF	/Volumes/JordanExternalDrive5/JordanExternalDrive1/Pictures/2023/2023-04-19 Dorali/Dorali/Outfit 1/TIFF
/Volumes/JordanExternalDrive5	JPEG XL, TIFF	/Volumes/JordanExternalDrive5/JordanExternalDrive1/Pictures/2023/2023-04-19 Dorali/Dorali/Outfit 1/TIFF/JPEG XL
/Volumes/JordanExternalDrive5	TIFF	/Volumes/JordanExternalDrive5/JordanExternalDrive1/Pictures/2023/2023-04-19 Dorali/Dorali/Outfit 2/TIFF
/Volumes/JordanExternalDrive5	JPEG XL, TIFF	/Volumes/JordanExternalDrive5/JordanExternalDrive1/Pictures/2023/2023-04-19 Dorali/Dorali/Outfit 2/TIFF/JPEG XL
/Volumes/JordanExternalDrive5	Edited	/Volumes/JordanExternalDrive5/JordanExternalDrive1/Pictures/2023/2023-04-19 Dorali/Dorali/Outfit 3/Edited
/Volumes/JordanExternalDrive5	TIFF, Edited	/Volumes/JordanExternalDrive5/JordanExternalDrive1/Pictures/2023/2023-04-19 Dorali/Dorali/Outfit 3/Edited/TIFF
/Volumes/JordanExternalDrive5	Edited	/Volumes/JordanExternalDrive5/JordanExternalDrive1/Pictures/2023/2023-04-19 Dorali/Dorali/Outfit 4/Edited
/Volumes/JordanExternalDrive5	TIFF, Edited	/Volumes/JordanExternalDrive5/JordanExternalDrive1/Pictures/2023/2023-04-19 Dorali/Dorali/Outfit 4/Edited/TIFF
/Volumes/JordanExternalDrive5	Edited	/Volumes/JordanExternalDrive5/JordanExternalDrive1/Pictures/2023/2023-04-19 Dorali/USC/Edited
/Volumes/JordanExternalDrive5	TIFF, Edited	/Volumes/JordanExternalDrive5/JordanExternalDrive1/Pictures/2023/2023-04-19 Dorali/USC/Edited/TIFF
/Volumes/JordanExternalDrive5	JPEG XL, TIFF, Edited	/Volumes/JordanExternalDrive5/JordanExternalDrive1/Pictures/2023/2023-04-19 Dorali/USC/Edited/TIFF/JPEG XL
/Volumes/JordanExternalDrive5	TIFF	/Volumes/JordanExternalDrive5/JordanExternalDrive1/Pictures/2023/2023-04-21 USC/Bomanite Concrete/TIFF
/Volumes/JordanExternalDrive5	JPEG XL, TIFF	/Volumes/JordanExternalDrive5/JordanExternalDrive1/Pictures/2023/2023-04-21 USC/Bomanite Concrete/TIFF/JPEG XL
/Volumes/JordanExternalDrive5	TIFF	/Volumes/JordanExternalDrive5/JordanExternalDrive1/Pictures/2023/2023-04-21 USC/Bomanite Concrete/TIFF/TIFF
/Volumes/JordanExternalDrive5	JPEG XL, TIFF	/Volumes/JordanExternalDrive5/JordanExternalDrive1/Pictures/2023/2023-04-21 USC/Bomanite Concrete/TIFF/TIFF/JPEG XL
/Volumes/JordanExternalDrive5	TIFF	/Volumes/JordanExternalDrive5/JordanExternalDrive1/Pictures/2023/2023-06-19/TIFF
/Volumes/JordanExternalDrive5	JPEG XL, TIFF	/Volumes/JordanExternalDrive5/JordanExternalDrive1/Pictures/2023/2023-06-19/TIFF/JPEG XL
/Volumes/JordanExternalDrive5	Edited	/Volumes/JordanExternalDrive5/JordanExternalDrive1/Pictures/2023/2023-06-22 Armando Torres/Outfit 1/Edited
/Volumes/JordanExternalDrive5	TIFF, Edited	/Volumes/JordanExternalDrive5/JordanExternalDrive1/Pictures/2023/2023-06-22 Armando Torres/Outfit 1/Edited/TIFF
/Volumes/JordanExternalDrive5	JPEG XL, TIFF, Edited	/Volumes/JordanExternalDrive5/JordanExternalDrive1/Pictures/2023/2023-06-22 Armando Torres/Outfit 1/Edited/TIFF/JPEG XL
/Volumes/JordanExternalDrive5	Edited	/Volumes/JordanExternalDrive5/JordanExternalDrive1/Pictures/2023/2023-06-22 Armando Torres/Outfit 2/Edited
/Volumes/JordanExternalDrive5	TIFF, Edited	/Volumes/JordanExternalDrive5/JordanExternalDrive1/Pictures/2023/2023-06-22 Armando Torres/Outfit 2/Edited/TIFF
/Volumes/JordanExternalDrive5	JPEG XL, TIFF, Edited	/Volumes/JordanExternalDrive5/JordanExternalDrive1/Pictures/2023/2023-06-22 Armando Torres/Outfit 2/Edited/TIFF/JPEG XL
/Volumes/JordanExternalDrive5	Edited	/Volumes/JordanExternalDrive5/JordanExternalDrive1/Pictures/2023/2023-06-22 Armando Torres/Outfit 3/Edited
/Volumes/JordanExternalDrive5	TIFF, Edited	/Volumes/JordanExternalDrive5/JordanExternalDrive1/Pictures/2023/2023-06-22 Armando Torres/Outfit 3/Edited/TIFF
/Volumes/JordanExternalDrive5	JPEG XL, TIFF, Edited	/Volumes/JordanExternalDrive5/JordanExternalDrive1/Pictures/2023/2023-06-22 Armando Torres/Outfit 3/Edited/TIFF/JPEG XL
/Volumes/JordanExternalDrive5	TIFF	/Volumes/JordanExternalDrive5/JordanExternalDrive1/Pictures/2023/2023-06-22 Armando Torres/Outfit 4/Edit/TIFF
/Volumes/JordanExternalDrive5	JPEG XL, TIFF	/Volumes/JordanExternalDrive5/JordanExternalDrive1/Pictures/2023/2023-06-22 Armando Torres/Outfit 4/Edit/TIFF/JPEG XL
/Volumes/JordanExternalDrive5	Edited	/Volumes/JordanExternalDrive5/JordanExternalDrive1/Pictures/2023/2023-06-22 Armando Torres/Outfit 5/Edited
/Volumes/JordanExternalDrive5	TIFF, Edited	/Volumes/JordanExternalDrive5/JordanExternalDrive1/Pictures/2023/2023-06-22 Armando Torres/Outfit 5/Edited/TIFF
/Volumes/JordanExternalDrive5	JPEG XL, TIFF, Edited	/Volumes/JordanExternalDrive5/JordanExternalDrive1/Pictures/2023/2023-06-22 Armando Torres/Outfit 5/Edited/TIFF/JPEG XL
/Volumes/JordanExternalDrive5	Edited	/Volumes/JordanExternalDrive5/JordanExternalDrive1/Pictures/2023/2023-06-22 Armando Torres/Outfit 6/Edited
/Volumes/JordanExternalDrive5	TIFF, Edited	/Volumes/JordanExternalDrive5/JordanExternalDrive1/Pictures/2023/2023-06-22 Armando Torres/Outfit 6/Edited/TIFF
/Volumes/JordanExternalDrive5	JPEG XL, TIFF, Edited	/Volumes/JordanExternalDrive5/JordanExternalDrive1/Pictures/2023/2023-06-22 Armando Torres/Outfit 6/Edited/TIFF/JPEG XL
/Volumes/JordanExternalDrive6 SSD	Cam_Evoto	/Volumes/JordanExternalDrive6 SSD/CLAUDE CONTINUATION/2025/2025-03-03 - By/Cam_Evoto
/Volumes/JordanExternalDrive6 SSD	Cam_Evoto	/Volumes/JordanExternalDrive6 SSD/CLAUDE CONTINUATION/2025/2025-03-03 - By/Outfit 2/Cam_Evoto
/Volumes/JordanExternalDrive6 SSD	Cam_Evoto	/Volumes/JordanExternalDrive6 SSD/CLAUDE CONTINUATION/2025/2025-07-27 - Various/Cam_Evoto
/Volumes/JordanExternalDrive6 SSD	Cam_Evoto	/Volumes/JordanExternalDrive6 SSD/CLAUDE CONTINUATION/2025/2025-11-03 - Various/JC/Cam_Evoto
/Volumes/JordanExternalDrive6 SSD	TIFF	/Volumes/JordanExternalDrive6 SSD/CLAUDE CONTINUATION/2025/2025-11-23 - TIFF
/Volumes/JordanExternalDrive6 SSD	JPEG XL	/Volumes/JordanExternalDrive6 SSD/CLAUDE CONTINUATION/2026/2026-01-05 - Various/JPEG XL
/Volumes/JordanExternalDrive6 SSD	Edited	/Volumes/JordanExternalDrive6 SSD/CLAUDE CONTINUATION/2026/2026-01-06 - Various/Mendez Isaac Joudi, PLLC /Edited
/Volumes/JordanExternalDrive6 SSD	TIFF	/Volumes/JordanExternalDrive6 SSD/CLAUDE CONTINUATION/2026/2026-04-24 - Various/TIFF
/Volumes/JordanExternalDrive6 SSD	TIFF	/Volumes/JordanExternalDrive6 SSD/CLAUDE CONTINUATION/2026/2026-04-25 - AIA/TIFF
/Volumes/JordanExternalDrive6 SSD	Cam_Evoto	/Volumes/JordanExternalDrive6 SSD/CLAUDE CONTINUATION/Sun City Headshots/Cam_Evoto
/Volumes/JordanExternalDrive6 SSD	TIFF	/Volumes/JordanExternalDrive6 SSD/CLAUDE CONTINUATION/TIFF
/Volumes/JordanExternalDrive6 SSD	TIFF	/Volumes/JordanExternalDrive6 SSD/Pictures/2025/2025-09-09/TIFF
/Volumes/JordanExternalDrive6 SSD	Cam_Evoto, TIFF	/Volumes/JordanExternalDrive6 SSD/Pictures/2025/2025-09-09/TIFF/Cam_Evoto
/Volumes/JordanExternalDrive6 SSD	TIFF	/Volumes/JordanExternalDrive6 SSD/Pictures/2025/2025-11-04/TIFF
/Volumes/JordanExternalDrive6 SSD	Cam_Evoto, TIFF	/Volumes/JordanExternalDrive6 SSD/Pictures/2025/2025-11-04/TIFF/Cam_Evoto
/Volumes/JordanExternalDrive6 SSD	TIFF	/Volumes/JordanExternalDrive6 SSD/Pictures/2025/2025-12-09/TIFF
/Volumes/JordanExternalDrive6 SSD	Cam_Evoto, TIFF	/Volumes/JordanExternalDrive6 SSD/Pictures/2025/2025-12-09/TIFF/Cam_Evoto
/Volumes/JordanExternalDrive6 SSD	Cam_Evoto	/Volumes/JordanExternalDrive6 SSD/Pictures/2026/2026-03-05/Concept 1/Cam_Evoto
/Volumes/JordanExternalDrive6 SSD	Edited	/Volumes/JordanExternalDrive6 SSD/Pictures/2026/2026-03-05/Concept 2/Edited
/Volumes/JordanExternalDrive6 SSD	Edited	/Volumes/JordanExternalDrive6 SSD/Pictures/2026/2026-05-24/Edited
/Volumes/JordanExternalDrive6 SSD	Cam_Evoto	/Volumes/JordanExternalDrive6 SSD/Pictures/2026/2026-06-13 Ashley and Scarlett/Cam_Evoto
/Volumes/JordanExternalDrive6 SSD	Cam_Evoto, TIFF	/Volumes/JordanExternalDrive6 SSD/Pictures/2026/2026-06-13 Ashley and Scarlett/Cam_Evoto/TIFF
/Volumes/JordanExternalDrive6 SSD	Cam_Evoto	/Volumes/JordanExternalDrive6 SSD/Pictures/2026/2026-06-26 Juan Carlos/selection/Cam_Evoto
/Volumes/JordanExternalDrive6 SSD	TIFF	/Volumes/JordanExternalDrive6 SSD/Pictures/2026/2026-07-13/TIFF
/Volumes/JordanExternalDrive6 SSD	Cam_Evoto, TIFF	/Volumes/JordanExternalDrive6 SSD/Pictures/2026/2026-07-13/TIFF/Cam_Evoto
/Volumes/JordanExternalDrive6 SSD	TIFF	/Volumes/JordanExternalDrive6 SSD/Pictures/2026/2026-08-04 Hellas - Van Horn/Mavic Mini 2/TIFF
/Volumes/JordanExternalDrive6 SSD	TIFF	/Volumes/JordanExternalDrive6 SSD/Pictures/2026/2026-08-04 Hellas - Van Horn/Phantom 4 Pro/TIFF
/Volumes/JordanExternalDrive6 SSD	Cam_Evoto	/Volumes/JordanExternalDrive6 SSD/Pictures/2026/2026-08-10 Fernando Monroy/Selection/Cam_Evoto
/Volumes/JordanExternalDrive6 SSD	TIFF	/Volumes/JordanExternalDrive6 SSD/Pictures/2026/2026-08-12 Samuel H./TIFF
/Volumes/JordanExternalDrive6 SSD	Cam_Evoto, TIFF	/Volumes/JordanExternalDrive6 SSD/Pictures/2026/2026-08-12 Samuel H./TIFF/Cam_Evoto
/Volumes/JordanExternalDrive6 SSD	TIFF	/Volumes/JordanExternalDrive6 SSD/Pictures/2026/2026-08-14 Cynthia Trejo/TIFF
/Volumes/JordanExternalDrive6 SSD	Cam_Evoto, TIFF	/Volumes/JordanExternalDrive6 SSD/Pictures/2026/2026-08-14 Cynthia Trejo/TIFF/Cam_Evoto
/Volumes/JordanExternalDrive6 SSD	Cam_Evoto, TIFF, Edited	/Volumes/JordanExternalDrive6 SSD/Pictures/2026/2026-08-14 Cynthia Trejo/TIFF/Cam_Evoto/TIFF EDITED
/Volumes/JordanExternalDrive6 SSD	TIFF	/Volumes/JordanExternalDrive6 SSD/Pictures/2026/2026-08-27/TIFF
/Volumes/JordanExternalDrive6 SSD	Cam_Evoto, TIFF	/Volumes/JordanExternalDrive6 SSD/Pictures/2026/2026-08-27/TIFF/Cam_Evoto
/Volumes/JordanExternalDrive7 SSD	Cam_Evoto	/Volumes/JordanExternalDrive7 SSD/Pictures/2026/2026-01-03 Angelica Sebasta/Concept 1/Cam_Evoto
/Volumes/JordanExternalDrive7 SSD	Cam_Evoto, JPEG XL	/Volumes/JordanExternalDrive7 SSD/Pictures/2026/2026-01-03 Angelica Sebasta/Concept 1/Cam_Evoto/FINALS/JPEG XL
/Volumes/JordanExternalDrive7 SSD	Cam_Evoto, JPEG XL	/Volumes/JordanExternalDrive7 SSD/Pictures/2026/2026-01-03 Angelica Sebasta/Concept 1/Cam_Evoto/JPEG XL
/Volumes/JordanExternalDrive7 SSD	Cam_Evoto	/Volumes/JordanExternalDrive7 SSD/Pictures/2026/2026-01-03 Angelica Sebasta/Concept 2/Cam_Evoto
/Volumes/JordanExternalDrive7 SSD	Cam_Evoto, JPEG XL	/Volumes/JordanExternalDrive7 SSD/Pictures/2026/2026-01-03 Angelica Sebasta/Concept 2/Cam_Evoto/FINALS/JPEG XL
/Volumes/JordanExternalDrive7 SSD	Cam_Evoto, JPEG XL	/Volumes/JordanExternalDrive7 SSD/Pictures/2026/2026-01-03 Angelica Sebasta/Concept 2/Cam_Evoto/JPEG XL
/Volumes/JordanExternalDrive7 SSD	Cam_Evoto	/Volumes/JordanExternalDrive7 SSD/Pictures/2026/2026-01-03 Angelica Sebasta/Concept 3/Cam_Evoto
/Volumes/JordanExternalDrive7 SSD	Cam_Evoto, JPEG XL	/Volumes/JordanExternalDrive7 SSD/Pictures/2026/2026-01-03 Angelica Sebasta/Concept 3/Cam_Evoto/FINALS/JPEG XL
/Volumes/JordanExternalDrive7 SSD	Cam_Evoto, JPEG XL	/Volumes/JordanExternalDrive7 SSD/Pictures/2026/2026-01-03 Angelica Sebasta/Concept 3/Cam_Evoto/JPEG XL
/Volumes/JordanExternalDrive7 SSD	Cam_Evoto	/Volumes/JordanExternalDrive7 SSD/Pictures/2026/2026-01-03 Angelica Sebasta/Concept 4/Cam_Evoto
/Volumes/JordanExternalDrive7 SSD	Cam_Evoto, JPEG XL	/Volumes/JordanExternalDrive7 SSD/Pictures/2026/2026-01-03 Angelica Sebasta/Concept 4/Cam_Evoto/FINALS/JPEG XL
/Volumes/JordanExternalDrive7 SSD	Cam_Evoto, JPEG XL	/Volumes/JordanExternalDrive7 SSD/Pictures/2026/2026-01-03 Angelica Sebasta/Concept 4/Cam_Evoto/JPEG XL
/Volumes/JordanExternalDrive7 SSD	Cam_Evoto	/Volumes/JordanExternalDrive7 SSD/Pictures/2026/2026-01-03 Angelica Sebasta/Concept 5/Cam_Evoto
/Volumes/JordanExternalDrive7 SSD	Cam_Evoto, JPEG XL	/Volumes/JordanExternalDrive7 SSD/Pictures/2026/2026-01-03 Angelica Sebasta/Concept 5/Cam_Evoto/FINALS/JPEG XL
/Volumes/JordanExternalDrive7 SSD	Cam_Evoto, JPEG XL	/Volumes/JordanExternalDrive7 SSD/Pictures/2026/2026-01-03 Angelica Sebasta/Concept 5/Cam_Evoto/JPEG XL
/Volumes/JordanExternalDrive7 SSD	Cam_Evoto	/Volumes/JordanExternalDrive7 SSD/Pictures/2026/2026-01-03 Angelica Sebasta/Concept 6/Cam_Evoto
/Volumes/JordanExternalDrive7 SSD	Cam_Evoto, JPEG XL	/Volumes/JordanExternalDrive7 SSD/Pictures/2026/2026-01-03 Angelica Sebasta/Concept 6/Cam_Evoto/FINALS/JPEG XL
/Volumes/JordanExternalDrive7 SSD	Cam_Evoto, JPEG XL	/Volumes/JordanExternalDrive7 SSD/Pictures/2026/2026-01-03 Angelica Sebasta/Concept 6/Cam_Evoto/JPEG XL
/Volumes/JordanExternalDrive7 SSD	Cam_Evoto	/Volumes/JordanExternalDrive7 SSD/Pictures/2026/2026-01-03 Angelica Sebasta/Concept 7/Cam_Evoto
/Volumes/JordanExternalDrive7 SSD	Cam_Evoto, JPEG XL	/Volumes/JordanExternalDrive7 SSD/Pictures/2026/2026-01-03 Angelica Sebasta/Concept 7/Cam_Evoto/FINALS/JPEG XL
/Volumes/JordanExternalDrive7 SSD	Cam_Evoto, JPEG XL	/Volumes/JordanExternalDrive7 SSD/Pictures/2026/2026-01-03 Angelica Sebasta/Concept 7/Cam_Evoto/JPEG XL
/Volumes/JordanExternalDrive7 SSD	Cam_Evoto	/Volumes/JordanExternalDrive7 SSD/Pictures/2026/2026-01-03 Angelica Sebasta/Concept 8/Cam_Evoto
/Volumes/JordanExternalDrive7 SSD	Cam_Evoto, JPEG XL	/Volumes/JordanExternalDrive7 SSD/Pictures/2026/2026-01-03 Angelica Sebasta/Concept 8/Cam_Evoto/FINALS/JPEG XL
/Volumes/JordanExternalDrive7 SSD	Cam_Evoto, JPEG XL	/Volumes/JordanExternalDrive7 SSD/Pictures/2026/2026-01-03 Angelica Sebasta/Concept 8/Cam_Evoto/JPEG XL
/Volumes/JordanExternalDrive7 SSD	Cam_Evoto	/Volumes/JordanExternalDrive7 SSD/Pictures/2026/2026-01-10 Sun City/Headshots/Cam_Evoto
/Volumes/JordanExternalDrive7 SSD	Cam_Evoto, JPEG XL	/Volumes/JordanExternalDrive7 SSD/Pictures/2026/2026-01-10 Sun City/Headshots/Cam_Evoto/JPEG XL
/Volumes/JordanExternalDrive7 SSD	Cam_Evoto	/Volumes/JordanExternalDrive7 SSD/Pictures/2026/2026-01-10 Sun City/Headshots/Selection/Cam_Evoto
/Volumes/JordanExternalDrive7 SSD	Cam_Evoto, JPEG XL	/Volumes/JordanExternalDrive7 SSD/Pictures/2026/2026-01-10 Sun City/Headshots/Selection/Cam_Evoto/JPEG XL
/Volumes/JordanExternalDrive7 SSD	Cam_Evoto	/Volumes/JordanExternalDrive7 SSD/Pictures/2026/2026-01-15 Millie Muñoz/Selected/Cam_Evoto
/Volumes/JordanExternalDrive7 SSD	Cam_Evoto, JPEG XL	/Volumes/JordanExternalDrive7 SSD/Pictures/2026/2026-01-15 Millie Muñoz/Selected/Cam_Evoto/JPEG XL
/Volumes/JordanExternalDrive7 SSD	Cam_Evoto, TIFF	/Volumes/JordanExternalDrive7 SSD/Pictures/2026/2026-01-15 Millie Muñoz/Selected/Cam_Evoto/TIFF
/Volumes/JordanExternalDrive7 SSD	Cam_Evoto, JPEG XL, TIFF	/Volumes/JordanExternalDrive7 SSD/Pictures/2026/2026-01-15 Millie Muñoz/Selected/Cam_Evoto/TIFF/JPEG XL
/Volumes/JordanExternalDrive7 SSD	JPEG XL	/Volumes/JordanExternalDrive7 SSD/Pictures/2026/2026-01-20 KF Logistics/Extractions/Batch 1/JPEG XL
/Volumes/JordanExternalDrive7 SSD	JPEG XL	/Volumes/JordanExternalDrive7 SSD/Pictures/2026/2026-01-20 KF Logistics/Extractions/Batch 3/JPEG XL
/Volumes/JordanExternalDrive7 SSD	TIFF	/Volumes/JordanExternalDrive7 SSD/Pictures/2026/2026-01-20 KF Logistics/Extractions/Batch 3/TIFF
/Volumes/JordanExternalDrive7 SSD	JPEG XL, TIFF	/Volumes/JordanExternalDrive7 SSD/Pictures/2026/2026-01-20 KF Logistics/Extractions/Batch 3/TIFF/JPEG XL
/Volumes/JordanExternalDrive7 SSD	JPEG XL	/Volumes/JordanExternalDrive7 SSD/Pictures/2026/2026-01-20 KF Logistics/Extractions/JPEG XL
/Volumes/JordanExternalDrive7 SSD	TIFF	/Volumes/JordanExternalDrive7 SSD/Pictures/2026/2026-01-21 Hispanic Chamber of Commerce/Selection/TIFF
/Volumes/JordanExternalDrive7 SSD	Cam_Evoto, TIFF	/Volumes/JordanExternalDrive7 SSD/Pictures/2026/2026-01-21 Hispanic Chamber of Commerce/Selection/TIFF/Cam_Evoto
/Volumes/JordanExternalDrive7 SSD	Cam_Evoto, JPEG XL, TIFF	/Volumes/JordanExternalDrive7 SSD/Pictures/2026/2026-01-21 Hispanic Chamber of Commerce/Selection/TIFF/Cam_Evoto/JPEG XL
/Volumes/JordanExternalDrive7 SSD	JPEG XL, TIFF	/Volumes/JordanExternalDrive7 SSD/Pictures/2026/2026-01-21 Hispanic Chamber of Commerce/Selection/TIFF/JPEG XL
/Volumes/JordanExternalDrive7 SSD	TIFF	/Volumes/JordanExternalDrive7 SSD/Pictures/2026/2026-01-23 EP Gastro/TIFF
/Volumes/JordanExternalDrive7 SSD	Cam_Evoto, TIFF	/Volumes/JordanExternalDrive7 SSD/Pictures/2026/2026-01-23 EP Gastro/TIFF/Cam_Evoto
/Volumes/JordanExternalDrive7 SSD	Cam_Evoto, JPEG XL, TIFF	/Volumes/JordanExternalDrive7 SSD/Pictures/2026/2026-01-23 EP Gastro/TIFF/Cam_Evoto/JPEG XL
/Volumes/JordanExternalDrive7 SSD	JPEG XL, TIFF	/Volumes/JordanExternalDrive7 SSD/Pictures/2026/2026-01-23 EP Gastro/TIFF/JPEG XL
/Volumes/JordanExternalDrive7 SSD	TIFF	/Volumes/JordanExternalDrive7 SSD/Pictures/2026/2026-01-31 KF Logistics/Jaqueline/Outfit 1/TIFF
/Volumes/JordanExternalDrive7 SSD	Cam_Evoto, TIFF	/Volumes/JordanExternalDrive7 SSD/Pictures/2026/2026-01-31 KF Logistics/Jaqueline/Outfit 1/TIFF/Cam_Evoto
/Volumes/JordanExternalDrive7 SSD	Cam_Evoto, JPEG XL, TIFF	/Volumes/JordanExternalDrive7 SSD/Pictures/2026/2026-01-31 KF Logistics/Jaqueline/Outfit 1/TIFF/Cam_Evoto/JPEG XL
/Volumes/JordanExternalDrive7 SSD	JPEG XL, TIFF	/Volumes/JordanExternalDrive7 SSD/Pictures/2026/2026-01-31 KF Logistics/Jaqueline/Outfit 1/TIFF/JPEG XL
/Volumes/JordanExternalDrive7 SSD	TIFF	/Volumes/JordanExternalDrive7 SSD/Pictures/2026/2026-01-31 KF Logistics/Jaqueline/Outfit 2/TIFF
/Volumes/JordanExternalDrive7 SSD	Cam_Evoto, TIFF	/Volumes/JordanExternalDrive7 SSD/Pictures/2026/2026-01-31 KF Logistics/Jaqueline/Outfit 2/TIFF/Cam_Evoto
/Volumes/JordanExternalDrive7 SSD	Cam_Evoto, JPEG XL, TIFF	/Volumes/JordanExternalDrive7 SSD/Pictures/2026/2026-01-31 KF Logistics/Jaqueline/Outfit 2/TIFF/Cam_Evoto/JPEG XL
/Volumes/JordanExternalDrive7 SSD	JPEG XL, TIFF	/Volumes/JordanExternalDrive7 SSD/Pictures/2026/2026-01-31 KF Logistics/Jaqueline/Outfit 2/TIFF/JPEG XL
/Volumes/JordanExternalDrive7 SSD	TIFF	/Volumes/JordanExternalDrive7 SSD/Pictures/2026/2026-01-31 KF Logistics/Jaqueline/Outfit 3/TIFF
/Volumes/JordanExternalDrive7 SSD	Cam_Evoto, TIFF	/Volumes/JordanExternalDrive7 SSD/Pictures/2026/2026-01-31 KF Logistics/Jaqueline/Outfit 3/TIFF/Cam_Evoto
/Volumes/JordanExternalDrive7 SSD	Cam_Evoto, JPEG XL, TIFF	/Volumes/JordanExternalDrive7 SSD/Pictures/2026/2026-01-31 KF Logistics/Jaqueline/Outfit 3/TIFF/Cam_Evoto/JPEG XL
/Volumes/JordanExternalDrive7 SSD	JPEG XL, TIFF	/Volumes/JordanExternalDrive7 SSD/Pictures/2026/2026-01-31 KF Logistics/Jaqueline/Outfit 3/TIFF/JPEG XL
/Volumes/JordanExternalDrive7 SSD	TIFF	/Volumes/JordanExternalDrive7 SSD/Pictures/2026/2026-01-31 KF Logistics/Jaqueline/Outfit 4/TIFF
/Volumes/JordanExternalDrive7 SSD	Cam_Evoto, TIFF	/Volumes/JordanExternalDrive7 SSD/Pictures/2026/2026-01-31 KF Logistics/Jaqueline/Outfit 4/TIFF/Cam_Evoto
/Volumes/JordanExternalDrive7 SSD	Cam_Evoto, JPEG XL, TIFF	/Volumes/JordanExternalDrive7 SSD/Pictures/2026/2026-01-31 KF Logistics/Jaqueline/Outfit 4/TIFF/Cam_Evoto/JPEG XL
/Volumes/JordanExternalDrive7 SSD	JPEG XL, TIFF	/Volumes/JordanExternalDrive7 SSD/Pictures/2026/2026-01-31 KF Logistics/Jaqueline/Outfit 4/TIFF/JPEG XL
/Volumes/JordanExternalDrive7 SSD	TIFF	/Volumes/JordanExternalDrive7 SSD/Pictures/2026/2026-01-31 KF Logistics/Kim/Group Photos/TIFF
/Volumes/JordanExternalDrive7 SSD	Cam_Evoto, TIFF	/Volumes/JordanExternalDrive7 SSD/Pictures/2026/2026-01-31 KF Logistics/Kim/Group Photos/TIFF/Cam_Evoto
/Volumes/JordanExternalDrive7 SSD	Cam_Evoto, JPEG XL, TIFF	/Volumes/JordanExternalDrive7 SSD/Pictures/2026/2026-01-31 KF Logistics/Kim/Group Photos/TIFF/Cam_Evoto/JPEG XL
/Volumes/JordanExternalDrive7 SSD	JPEG XL, TIFF	/Volumes/JordanExternalDrive7 SSD/Pictures/2026/2026-01-31 KF Logistics/Kim/Group Photos/TIFF/Final/JPEG XL
/Volumes/JordanExternalDrive7 SSD	JPEG XL, TIFF	/Volumes/JordanExternalDrive7 SSD/Pictures/2026/2026-01-31 KF Logistics/Kim/Group Photos/TIFF/JPEG XL
/Volumes/JordanExternalDrive7 SSD	TIFF	/Volumes/JordanExternalDrive7 SSD/Pictures/2026/2026-01-31 KF Logistics/Kim/Oufit 2/TIFF
/Volumes/JordanExternalDrive7 SSD	Cam_Evoto, TIFF	/Volumes/JordanExternalDrive7 SSD/Pictures/2026/2026-01-31 KF Logistics/Kim/Oufit 2/TIFF/Cam_Evoto
/Volumes/JordanExternalDrive7 SSD	Cam_Evoto, JPEG XL, TIFF	/Volumes/JordanExternalDrive7 SSD/Pictures/2026/2026-01-31 KF Logistics/Kim/Oufit 2/TIFF/Cam_Evoto/JPEG XL
/Volumes/JordanExternalDrive7 SSD	JPEG XL, TIFF	/Volumes/JordanExternalDrive7 SSD/Pictures/2026/2026-01-31 KF Logistics/Kim/Oufit 2/TIFF/Final/JPEG XL
/Volumes/JordanExternalDrive7 SSD	JPEG XL, TIFF	/Volumes/JordanExternalDrive7 SSD/Pictures/2026/2026-01-31 KF Logistics/Kim/Oufit 2/TIFF/JPEG XL
/Volumes/JordanExternalDrive7 SSD	TIFF	/Volumes/JordanExternalDrive7 SSD/Pictures/2026/2026-01-31 KF Logistics/Kim/Outfit 1/TIFF
/Volumes/JordanExternalDrive7 SSD	Cam_Evoto, TIFF	/Volumes/JordanExternalDrive7 SSD/Pictures/2026/2026-01-31 KF Logistics/Kim/Outfit 1/TIFF/Cam_Evoto
/Volumes/JordanExternalDrive7 SSD	Cam_Evoto, JPEG XL, TIFF	/Volumes/JordanExternalDrive7 SSD/Pictures/2026/2026-01-31 KF Logistics/Kim/Outfit 1/TIFF/Cam_Evoto/JPEG XL
/Volumes/JordanExternalDrive7 SSD	JPEG XL, TIFF	/Volumes/JordanExternalDrive7 SSD/Pictures/2026/2026-01-31 KF Logistics/Kim/Outfit 1/TIFF/Final/JPEG XL
/Volumes/JordanExternalDrive7 SSD	JPEG XL, TIFF	/Volumes/JordanExternalDrive7 SSD/Pictures/2026/2026-01-31 KF Logistics/Kim/Outfit 1/TIFF/JPEG XL
/Volumes/JordanExternalDrive7 SSD	TIFF	/Volumes/JordanExternalDrive7 SSD/Pictures/2026/2026-01-31 KF Logistics/Kim/Outfit 3/TIFF
/Volumes/JordanExternalDrive7 SSD	Cam_Evoto, TIFF	/Volumes/JordanExternalDrive7 SSD/Pictures/2026/2026-01-31 KF Logistics/Kim/Outfit 3/TIFF/Cam_Evoto
/Volumes/JordanExternalDrive7 SSD	Cam_Evoto, JPEG XL, TIFF	/Volumes/JordanExternalDrive7 SSD/Pictures/2026/2026-01-31 KF Logistics/Kim/Outfit 3/TIFF/Cam_Evoto/JPEG XL
/Volumes/JordanExternalDrive7 SSD	JPEG XL, TIFF	/Volumes/JordanExternalDrive7 SSD/Pictures/2026/2026-01-31 KF Logistics/Kim/Outfit 3/TIFF/JPEG XL
/Volumes/JordanExternalDrive7 SSD	TIFF	/Volumes/JordanExternalDrive7 SSD/Pictures/2026/2026-01-31 KF Logistics/Kim/Outfit 4/TIFF
/Volumes/JordanExternalDrive7 SSD	Cam_Evoto, TIFF	/Volumes/JordanExternalDrive7 SSD/Pictures/2026/2026-01-31 KF Logistics/Kim/Outfit 4/TIFF/Cam_Evoto
/Volumes/JordanExternalDrive7 SSD	Cam_Evoto, JPEG XL, TIFF	/Volumes/JordanExternalDrive7 SSD/Pictures/2026/2026-01-31 KF Logistics/Kim/Outfit 4/TIFF/Cam_Evoto/JPEG XL
/Volumes/JordanExternalDrive7 SSD	JPEG XL, TIFF	/Volumes/JordanExternalDrive7 SSD/Pictures/2026/2026-01-31 KF Logistics/Kim/Outfit 4/TIFF/JPEG XL
/Volumes/JordanExternalDrive7 SSD	Cam_Evoto	/Volumes/JordanExternalDrive7 SSD/Pictures/2026/2026-02-02 Katie Scott Ski Appache/Cam_Evoto
/Volumes/JordanExternalDrive7 SSD	Cam_Evoto, JPEG XL	/Volumes/JordanExternalDrive7 SSD/Pictures/2026/2026-02-02 Katie Scott Ski Appache/Cam_Evoto/JPEG XL
/Volumes/JordanExternalDrive7 SSD	Edited	/Volumes/JordanExternalDrive7 SSD/Pictures/2026/2026-02-02 Katie Scott Ski Appache/Edited
/Volumes/JordanExternalDrive7 SSD	JPEG XL, Edited	/Volumes/JordanExternalDrive7 SSD/Pictures/2026/2026-02-02 Katie Scott Ski Appache/Edited/JPEG XL
/Volumes/JordanExternalDrive7 SSD	Edited	/Volumes/JordanExternalDrive7 SSD/Pictures/2026/2026-04-21 - Fast Lane Drive/Edited
/Volumes/JordanExternalDrive7 SSD	Cam_Evoto	/Volumes/JordanExternalDrive7 SSD/Pictures/2026/2026-06-13 Ashley and Scarlett/Cam_Evoto
/Volumes/JordanExternalDrive7 SSD	Cam_Evoto, TIFF	/Volumes/JordanExternalDrive7 SSD/Pictures/2026/2026-06-13 Ashley and Scarlett/Cam_Evoto/TIFF
/Volumes/JordanExternalDrive7 SSD	Edited	/Volumes/JordanExternalDrive7 SSD/Pictures/2026/2026-06-13 Ashley and Scarlett/Headshots/Edited
/Volumes/JordanExternalDrive7 SSD	Edited	/Volumes/JordanExternalDrive7 SSD/Pictures/2026/2026-06-13/Edited
/Volumes/JordanExternalDrive7 SSD	Edited	/Volumes/JordanExternalDrive7 SSD/Pictures/2026/2026-06-14/Edited
/Volumes/JordanExternalDrive7 SSD	Edited	/Volumes/JordanExternalDrive7 SSD/Pictures/2026/2026-07-11 Quince Años Carolyna Tarango/Edited
/Volumes/JordanExternalDrive7 SSD	Cam_Evoto	/Volumes/JordanExternalDrive7 SSD/Pictures/2026/2026-07-29 Rose/Outfit 1/Cam_Evoto
/Volumes/JordanExternalDrive7 SSD	Cam_Evoto	/Volumes/JordanExternalDrive7 SSD/Pictures/2026/2026-07-29 Rose/Outfit 2/Cam_Evoto
/Volumes/JordanExternalDrive7 SSD	Edited	/Volumes/JordanExternalDrive7 SSD/Pictures/2026/2026-07-29 Rose/Outfit 3/Edited
/Volumes/JordanExternalDrive7 SSD	Cam_Evoto	/Volumes/JordanExternalDrive7 SSD/Pictures/2026/2026-07-29 Rose/Outfit 4/Cam_Evoto
/Volumes/JordanExternalDrive8	TIFF	/Volumes/JordanExternalDrive8/Pictures/2025/2025-09-23 Ein/TIFF
/Volumes/JordanExternalDrive8	Cam_Evoto, TIFF	/Volumes/JordanExternalDrive8/Pictures/2025/2025-09-23 Ein/TIFF/Cam_Evoto
/Volumes/JordanExternalDrive8	Cam_Evoto, JPEG XL, TIFF	/Volumes/JordanExternalDrive8/Pictures/2025/2025-09-23 Ein/TIFF/Cam_Evoto/JPEG XL
/Volumes/JordanExternalDrive8	TIFF	/Volumes/JordanExternalDrive8/Pictures/2025/2025-10-07 Hanna/04. Concept 4/TIFF
/Volumes/JordanExternalDrive8	JPEG XL, TIFF	/Volumes/JordanExternalDrive8/Pictures/2025/2025-10-07 Hanna/04. Concept 4/TIFF/JPEG XL
/Volumes/JordanExternalDrive8	TIFF	/Volumes/JordanExternalDrive8/Pictures/2025/2025-10-10 Headshot day/01. Pearl/TIFF
/Volumes/JordanExternalDrive8	JPEG XL, TIFF	/Volumes/JordanExternalDrive8/Pictures/2025/2025-10-10 Headshot day/01. Pearl/TIFF/JPEG XL
/Volumes/JordanExternalDrive8	TIFF	/Volumes/JordanExternalDrive8/Pictures/2025/2025-10-10 Headshot day/02. Dorali/TIFF
/Volumes/JordanExternalDrive8	Cam_Evoto, TIFF	/Volumes/JordanExternalDrive8/Pictures/2025/2025-10-10 Headshot day/02. Dorali/TIFF/Cam_Evoto
/Volumes/JordanExternalDrive8	Cam_Evoto, JPEG XL, TIFF	/Volumes/JordanExternalDrive8/Pictures/2025/2025-10-10 Headshot day/02. Dorali/TIFF/Cam_Evoto/JPEG XL
/Volumes/JordanExternalDrive8	JPEG XL, TIFF	/Volumes/JordanExternalDrive8/Pictures/2025/2025-10-10 Headshot day/02. Dorali/TIFF/JPEG XL
/Volumes/JordanExternalDrive8	TIFF	/Volumes/JordanExternalDrive8/Pictures/2025/2025-10-10 Headshot day/03. Mariana/TIFF
/Volumes/JordanExternalDrive8	Cam_Evoto, TIFF	/Volumes/JordanExternalDrive8/Pictures/2025/2025-10-10 Headshot day/03. Mariana/TIFF/Cam_Evoto
/Volumes/JordanExternalDrive8	Cam_Evoto, JPEG XL, TIFF	/Volumes/JordanExternalDrive8/Pictures/2025/2025-10-10 Headshot day/03. Mariana/TIFF/Cam_Evoto/JPEG XL
/Volumes/JordanExternalDrive8	JPEG XL, TIFF	/Volumes/JordanExternalDrive8/Pictures/2025/2025-10-10 Headshot day/03. Mariana/TIFF/JPEG XL
/Volumes/JordanExternalDrive8	TIFF	/Volumes/JordanExternalDrive8/Pictures/2025/2025-10-10 Headshot day/04. JC/01. Headshots/TIFF
/Volumes/JordanExternalDrive8	Cam_Evoto, TIFF	/Volumes/JordanExternalDrive8/Pictures/2025/2025-10-10 Headshot day/04. JC/01. Headshots/TIFF/Cam_Evoto
/Volumes/JordanExternalDrive8	JPEG XL	/Volumes/JordanExternalDrive8/Pictures/2025/2025-10-10 Headshot day/04. JC/02. Concept 1/JPEG XL
/Volumes/JordanExternalDrive8	Cam_Evoto	/Volumes/JordanExternalDrive8/Pictures/2025/2025-12-10 Fallon/Concept 1/Cam_Evoto
/Volumes/JordanExternalDrive8	Cam_Evoto, TIFF	/Volumes/JordanExternalDrive8/Pictures/2025/2025-12-10 Fallon/Concept 1/Cam_Evoto/TIFF
/Volumes/JordanExternalDrive8	Cam_Evoto	/Volumes/JordanExternalDrive8/Pictures/2025/2025-12-10 Fallon/Concept 2/Cam_Evoto
/Volumes/JordanExternalDrive8	Cam_Evoto	/Volumes/JordanExternalDrive8/Pictures/2025/2025-12-10 Fallon/Concept 3/Cam_Evoto
/Volumes/JordanExternalDrive8	Cam_Evoto	/Volumes/JordanExternalDrive8/Pictures/2025/2025-12-10 Fallon/Concept 4/Cam_Evoto
/Volumes/JordanExternalDrive8	TIFF	/Volumes/JordanExternalDrive8/Pictures/2025/2025-12-12/TIFF
/Volumes/JordanExternalDrive8	Cam_Evoto, TIFF	/Volumes/JordanExternalDrive8/Pictures/2025/2025-12-12/TIFF/Cam_Evoto
/Volumes/JordanExternalDrive8	Edited	/Volumes/JordanExternalDrive8/Pictures/2025/2025-12-13 Flor de Michoacan/Edited
/Volumes/JordanExternalDrive8	TIFF, Edited	/Volumes/JordanExternalDrive8/Pictures/2025/2025-12-13 Flor de Michoacan/Edited/Edit 2/Edit 2/tiff
/Volumes/JordanExternalDrive8	Cam_Evoto	/Volumes/JordanExternalDrive8/Pictures/2026/2026-01-03 Angelica Sebasta/Concept 1/Cam_Evoto
/Volumes/JordanExternalDrive8	Cam_Evoto, JPEG XL	/Volumes/JordanExternalDrive8/Pictures/2026/2026-01-03 Angelica Sebasta/Concept 1/Cam_Evoto/FINALS/JPEG XL
/Volumes/JordanExternalDrive8	Cam_Evoto, JPEG XL	/Volumes/JordanExternalDrive8/Pictures/2026/2026-01-03 Angelica Sebasta/Concept 1/Cam_Evoto/JPEG XL
/Volumes/JordanExternalDrive8	Cam_Evoto	/Volumes/JordanExternalDrive8/Pictures/2026/2026-01-03 Angelica Sebasta/Concept 2/Cam_Evoto
/Volumes/JordanExternalDrive8	Cam_Evoto, JPEG XL	/Volumes/JordanExternalDrive8/Pictures/2026/2026-01-03 Angelica Sebasta/Concept 2/Cam_Evoto/FINALS/JPEG XL
/Volumes/JordanExternalDrive8	Cam_Evoto, JPEG XL	/Volumes/JordanExternalDrive8/Pictures/2026/2026-01-03 Angelica Sebasta/Concept 2/Cam_Evoto/JPEG XL
/Volumes/JordanExternalDrive8	Cam_Evoto	/Volumes/JordanExternalDrive8/Pictures/2026/2026-01-03 Angelica Sebasta/Concept 3/Cam_Evoto
/Volumes/JordanExternalDrive8	Cam_Evoto, JPEG XL	/Volumes/JordanExternalDrive8/Pictures/2026/2026-01-03 Angelica Sebasta/Concept 3/Cam_Evoto/FINALS/JPEG XL
/Volumes/JordanExternalDrive8	Cam_Evoto, JPEG XL	/Volumes/JordanExternalDrive8/Pictures/2026/2026-01-03 Angelica Sebasta/Concept 3/Cam_Evoto/JPEG XL
/Volumes/JordanExternalDrive8	Cam_Evoto	/Volumes/JordanExternalDrive8/Pictures/2026/2026-01-03 Angelica Sebasta/Concept 4/Cam_Evoto
/Volumes/JordanExternalDrive8	Cam_Evoto, JPEG XL	/Volumes/JordanExternalDrive8/Pictures/2026/2026-01-03 Angelica Sebasta/Concept 4/Cam_Evoto/FINALS/JPEG XL
/Volumes/JordanExternalDrive8	Cam_Evoto, JPEG XL	/Volumes/JordanExternalDrive8/Pictures/2026/2026-01-03 Angelica Sebasta/Concept 4/Cam_Evoto/JPEG XL
/Volumes/JordanExternalDrive8	Cam_Evoto	/Volumes/JordanExternalDrive8/Pictures/2026/2026-01-03 Angelica Sebasta/Concept 5/Cam_Evoto
/Volumes/JordanExternalDrive8	Cam_Evoto, JPEG XL	/Volumes/JordanExternalDrive8/Pictures/2026/2026-01-03 Angelica Sebasta/Concept 5/Cam_Evoto/FINALS/JPEG XL
/Volumes/JordanExternalDrive8	Cam_Evoto, JPEG XL	/Volumes/JordanExternalDrive8/Pictures/2026/2026-01-03 Angelica Sebasta/Concept 5/Cam_Evoto/JPEG XL
/Volumes/JordanExternalDrive8	Cam_Evoto	/Volumes/JordanExternalDrive8/Pictures/2026/2026-01-03 Angelica Sebasta/Concept 6/Cam_Evoto
/Volumes/JordanExternalDrive8	Cam_Evoto, JPEG XL	/Volumes/JordanExternalDrive8/Pictures/2026/2026-01-03 Angelica Sebasta/Concept 6/Cam_Evoto/FINALS/JPEG XL
/Volumes/JordanExternalDrive8	Cam_Evoto, JPEG XL	/Volumes/JordanExternalDrive8/Pictures/2026/2026-01-03 Angelica Sebasta/Concept 6/Cam_Evoto/JPEG XL
/Volumes/JordanExternalDrive8	Cam_Evoto	/Volumes/JordanExternalDrive8/Pictures/2026/2026-01-03 Angelica Sebasta/Concept 7/Cam_Evoto
/Volumes/JordanExternalDrive8	Cam_Evoto, JPEG XL	/Volumes/JordanExternalDrive8/Pictures/2026/2026-01-03 Angelica Sebasta/Concept 7/Cam_Evoto/FINALS/JPEG XL
/Volumes/JordanExternalDrive8	Cam_Evoto, JPEG XL	/Volumes/JordanExternalDrive8/Pictures/2026/2026-01-03 Angelica Sebasta/Concept 7/Cam_Evoto/JPEG XL
/Volumes/JordanExternalDrive8	Cam_Evoto	/Volumes/JordanExternalDrive8/Pictures/2026/2026-01-03 Angelica Sebasta/Concept 8/Cam_Evoto
/Volumes/JordanExternalDrive8	Cam_Evoto, JPEG XL	/Volumes/JordanExternalDrive8/Pictures/2026/2026-01-03 Angelica Sebasta/Concept 8/Cam_Evoto/FINALS/JPEG XL
/Volumes/JordanExternalDrive8	Cam_Evoto, JPEG XL	/Volumes/JordanExternalDrive8/Pictures/2026/2026-01-03 Angelica Sebasta/Concept 8/Cam_Evoto/JPEG XL
/Volumes/JordanExternalDrive8	Cam_Evoto	/Volumes/JordanExternalDrive8/Pictures/2026/2026-01-10 Sun City/Headshots/Cam_Evoto
/Volumes/JordanExternalDrive8	Cam_Evoto, JPEG XL	/Volumes/JordanExternalDrive8/Pictures/2026/2026-01-10 Sun City/Headshots/Cam_Evoto/JPEG XL
/Volumes/JordanExternalDrive8	Cam_Evoto	/Volumes/JordanExternalDrive8/Pictures/2026/2026-01-10 Sun City/Headshots/Selection/Cam_Evoto
/Volumes/JordanExternalDrive8	Cam_Evoto, JPEG XL	/Volumes/JordanExternalDrive8/Pictures/2026/2026-01-10 Sun City/Headshots/Selection/Cam_Evoto/JPEG XL
/Volumes/JordanExternalDrive8	Cam_Evoto	/Volumes/JordanExternalDrive8/Pictures/2026/2026-01-15 Millie Muñoz/Selected/Cam_Evoto
/Volumes/JordanExternalDrive8	Cam_Evoto, JPEG XL	/Volumes/JordanExternalDrive8/Pictures/2026/2026-01-15 Millie Muñoz/Selected/Cam_Evoto/JPEG XL
/Volumes/JordanExternalDrive8	Cam_Evoto, TIFF	/Volumes/JordanExternalDrive8/Pictures/2026/2026-01-15 Millie Muñoz/Selected/Cam_Evoto/TIFF
/Volumes/JordanExternalDrive8	Cam_Evoto, JPEG XL, TIFF	/Volumes/JordanExternalDrive8/Pictures/2026/2026-01-15 Millie Muñoz/Selected/Cam_Evoto/TIFF/JPEG XL
/Volumes/JordanExternalDrive8	JPEG XL	/Volumes/JordanExternalDrive8/Pictures/2026/2026-01-20 KF Logistics/Extractions/Batch 1/JPEG XL
/Volumes/JordanExternalDrive8	JPEG XL	/Volumes/JordanExternalDrive8/Pictures/2026/2026-01-20 KF Logistics/Extractions/Batch 3/JPEG XL
/Volumes/JordanExternalDrive8	TIFF	/Volumes/JordanExternalDrive8/Pictures/2026/2026-01-20 KF Logistics/Extractions/Batch 3/TIFF
/Volumes/JordanExternalDrive8	JPEG XL, TIFF	/Volumes/JordanExternalDrive8/Pictures/2026/2026-01-20 KF Logistics/Extractions/Batch 3/TIFF/JPEG XL
/Volumes/JordanExternalDrive8	JPEG XL	/Volumes/JordanExternalDrive8/Pictures/2026/2026-01-20 KF Logistics/Extractions/JPEG XL
/Volumes/JordanExternalDrive8	TIFF	/Volumes/JordanExternalDrive8/Pictures/2026/2026-01-21 Hispanic Chamber of Commerce/Selection/TIFF
/Volumes/JordanExternalDrive8	Cam_Evoto, TIFF	/Volumes/JordanExternalDrive8/Pictures/2026/2026-01-21 Hispanic Chamber of Commerce/Selection/TIFF/Cam_Evoto
/Volumes/JordanExternalDrive8	Cam_Evoto, JPEG XL, TIFF	/Volumes/JordanExternalDrive8/Pictures/2026/2026-01-21 Hispanic Chamber of Commerce/Selection/TIFF/Cam_Evoto/JPEG XL
/Volumes/JordanExternalDrive8	JPEG XL, TIFF	/Volumes/JordanExternalDrive8/Pictures/2026/2026-01-21 Hispanic Chamber of Commerce/Selection/TIFF/JPEG XL
/Volumes/JordanExternalDrive8	TIFF	/Volumes/JordanExternalDrive8/Pictures/2026/2026-01-23 EP Gastro/TIFF
/Volumes/JordanExternalDrive8	Cam_Evoto, TIFF	/Volumes/JordanExternalDrive8/Pictures/2026/2026-01-23 EP Gastro/TIFF/Cam_Evoto
/Volumes/JordanExternalDrive8	Cam_Evoto, JPEG XL, TIFF	/Volumes/JordanExternalDrive8/Pictures/2026/2026-01-23 EP Gastro/TIFF/Cam_Evoto/JPEG XL
/Volumes/JordanExternalDrive8	JPEG XL, TIFF	/Volumes/JordanExternalDrive8/Pictures/2026/2026-01-23 EP Gastro/TIFF/JPEG XL
/Volumes/JordanExternalDrive8	TIFF	/Volumes/JordanExternalDrive8/Pictures/2026/2026-01-28/Denisse VIlla/TIFF
/Volumes/JordanExternalDrive8	Cam_Evoto, TIFF	/Volumes/JordanExternalDrive8/Pictures/2026/2026-01-28/Denisse VIlla/TIFF/Cam_Evoto
/Volumes/JordanExternalDrive8	Cam_Evoto, JPEG XL, TIFF	/Volumes/JordanExternalDrive8/Pictures/2026/2026-01-28/Denisse VIlla/TIFF/Cam_Evoto/JPEG XL
/Volumes/JordanExternalDrive8	JPEG XL, TIFF	/Volumes/JordanExternalDrive8/Pictures/2026/2026-01-28/Denisse VIlla/TIFF/JPEG XL
/Volumes/JordanExternalDrive8	Edited	/Volumes/JordanExternalDrive8/Pictures/2026/2026-01-28/Orbit 1/Edited
/Volumes/JordanExternalDrive8	Edited	/Volumes/JordanExternalDrive8/Pictures/2026/2026-01-28/Orbit 2/Edited
/Volumes/JordanExternalDrive8	Edited	/Volumes/JordanExternalDrive8/Pictures/2026/2026-01-28/Orbit 3/Edited
/Volumes/JordanExternalDrive8	Edited	/Volumes/JordanExternalDrive8/Pictures/2026/2026-01-28/Photos/Edited
/Volumes/JordanExternalDrive8	TIFF	/Volumes/JordanExternalDrive8/Pictures/2026/2026-01-31 KF Logistics/Jaqueline/Outfit 1/TIFF
/Volumes/JordanExternalDrive8	Cam_Evoto, TIFF	/Volumes/JordanExternalDrive8/Pictures/2026/2026-01-31 KF Logistics/Jaqueline/Outfit 1/TIFF/Cam_Evoto
/Volumes/JordanExternalDrive8	Cam_Evoto, JPEG XL, TIFF	/Volumes/JordanExternalDrive8/Pictures/2026/2026-01-31 KF Logistics/Jaqueline/Outfit 1/TIFF/Cam_Evoto/JPEG XL
/Volumes/JordanExternalDrive8	JPEG XL, TIFF	/Volumes/JordanExternalDrive8/Pictures/2026/2026-01-31 KF Logistics/Jaqueline/Outfit 1/TIFF/JPEG XL
/Volumes/JordanExternalDrive8	TIFF	/Volumes/JordanExternalDrive8/Pictures/2026/2026-01-31 KF Logistics/Jaqueline/Outfit 2/TIFF
/Volumes/JordanExternalDrive8	Cam_Evoto, TIFF	/Volumes/JordanExternalDrive8/Pictures/2026/2026-01-31 KF Logistics/Jaqueline/Outfit 2/TIFF/Cam_Evoto
/Volumes/JordanExternalDrive8	Cam_Evoto, JPEG XL, TIFF	/Volumes/JordanExternalDrive8/Pictures/2026/2026-01-31 KF Logistics/Jaqueline/Outfit 2/TIFF/Cam_Evoto/JPEG XL
/Volumes/JordanExternalDrive8	JPEG XL, TIFF	/Volumes/JordanExternalDrive8/Pictures/2026/2026-01-31 KF Logistics/Jaqueline/Outfit 2/TIFF/JPEG XL
/Volumes/JordanExternalDrive8	TIFF	/Volumes/JordanExternalDrive8/Pictures/2026/2026-01-31 KF Logistics/Jaqueline/Outfit 3/TIFF
/Volumes/JordanExternalDrive8	Cam_Evoto, TIFF	/Volumes/JordanExternalDrive8/Pictures/2026/2026-01-31 KF Logistics/Jaqueline/Outfit 3/TIFF/Cam_Evoto
/Volumes/JordanExternalDrive8	Cam_Evoto, JPEG XL, TIFF	/Volumes/JordanExternalDrive8/Pictures/2026/2026-01-31 KF Logistics/Jaqueline/Outfit 3/TIFF/Cam_Evoto/JPEG XL
/Volumes/JordanExternalDrive8	JPEG XL, TIFF	/Volumes/JordanExternalDrive8/Pictures/2026/2026-01-31 KF Logistics/Jaqueline/Outfit 3/TIFF/JPEG XL
/Volumes/JordanExternalDrive8	TIFF	/Volumes/JordanExternalDrive8/Pictures/2026/2026-01-31 KF Logistics/Jaqueline/Outfit 4/TIFF
/Volumes/JordanExternalDrive8	Cam_Evoto, TIFF	/Volumes/JordanExternalDrive8/Pictures/2026/2026-01-31 KF Logistics/Jaqueline/Outfit 4/TIFF/Cam_Evoto
/Volumes/JordanExternalDrive8	Cam_Evoto, JPEG XL, TIFF	/Volumes/JordanExternalDrive8/Pictures/2026/2026-01-31 KF Logistics/Jaqueline/Outfit 4/TIFF/Cam_Evoto/JPEG XL
/Volumes/JordanExternalDrive8	JPEG XL, TIFF	/Volumes/JordanExternalDrive8/Pictures/2026/2026-01-31 KF Logistics/Jaqueline/Outfit 4/TIFF/JPEG XL
/Volumes/JordanExternalDrive8	TIFF	/Volumes/JordanExternalDrive8/Pictures/2026/2026-01-31 KF Logistics/Kim/Group Photos/TIFF
/Volumes/JordanExternalDrive8	Cam_Evoto, TIFF	/Volumes/JordanExternalDrive8/Pictures/2026/2026-01-31 KF Logistics/Kim/Group Photos/TIFF/Cam_Evoto
/Volumes/JordanExternalDrive8	Cam_Evoto, JPEG XL, TIFF	/Volumes/JordanExternalDrive8/Pictures/2026/2026-01-31 KF Logistics/Kim/Group Photos/TIFF/Cam_Evoto/JPEG XL
/Volumes/JordanExternalDrive8	JPEG XL, TIFF	/Volumes/JordanExternalDrive8/Pictures/2026/2026-01-31 KF Logistics/Kim/Group Photos/TIFF/Final/JPEG XL
/Volumes/JordanExternalDrive8	JPEG XL, TIFF	/Volumes/JordanExternalDrive8/Pictures/2026/2026-01-31 KF Logistics/Kim/Group Photos/TIFF/JPEG XL
/Volumes/JordanExternalDrive8	TIFF	/Volumes/JordanExternalDrive8/Pictures/2026/2026-01-31 KF Logistics/Kim/Oufit 2/TIFF
/Volumes/JordanExternalDrive8	Cam_Evoto, TIFF	/Volumes/JordanExternalDrive8/Pictures/2026/2026-01-31 KF Logistics/Kim/Oufit 2/TIFF/Cam_Evoto
/Volumes/JordanExternalDrive8	Cam_Evoto, JPEG XL, TIFF	/Volumes/JordanExternalDrive8/Pictures/2026/2026-01-31 KF Logistics/Kim/Oufit 2/TIFF/Cam_Evoto/JPEG XL
/Volumes/JordanExternalDrive8	JPEG XL, TIFF	/Volumes/JordanExternalDrive8/Pictures/2026/2026-01-31 KF Logistics/Kim/Oufit 2/TIFF/Final/JPEG XL
/Volumes/JordanExternalDrive8	JPEG XL, TIFF	/Volumes/JordanExternalDrive8/Pictures/2026/2026-01-31 KF Logistics/Kim/Oufit 2/TIFF/JPEG XL
/Volumes/JordanExternalDrive8	TIFF	/Volumes/JordanExternalDrive8/Pictures/2026/2026-01-31 KF Logistics/Kim/Outfit 1/TIFF
/Volumes/JordanExternalDrive8	Cam_Evoto, TIFF	/Volumes/JordanExternalDrive8/Pictures/2026/2026-01-31 KF Logistics/Kim/Outfit 1/TIFF/Cam_Evoto
/Volumes/JordanExternalDrive8	Cam_Evoto, JPEG XL, TIFF	/Volumes/JordanExternalDrive8/Pictures/2026/2026-01-31 KF Logistics/Kim/Outfit 1/TIFF/Cam_Evoto/JPEG XL
/Volumes/JordanExternalDrive8	JPEG XL, TIFF	/Volumes/JordanExternalDrive8/Pictures/2026/2026-01-31 KF Logistics/Kim/Outfit 1/TIFF/Final/JPEG XL
/Volumes/JordanExternalDrive8	JPEG XL, TIFF	/Volumes/JordanExternalDrive8/Pictures/2026/2026-01-31 KF Logistics/Kim/Outfit 1/TIFF/JPEG XL
/Volumes/JordanExternalDrive8	TIFF	/Volumes/JordanExternalDrive8/Pictures/2026/2026-01-31 KF Logistics/Kim/Outfit 3/TIFF
/Volumes/JordanExternalDrive8	Cam_Evoto, TIFF	/Volumes/JordanExternalDrive8/Pictures/2026/2026-01-31 KF Logistics/Kim/Outfit 3/TIFF/Cam_Evoto
/Volumes/JordanExternalDrive8	Cam_Evoto, JPEG XL, TIFF	/Volumes/JordanExternalDrive8/Pictures/2026/2026-01-31 KF Logistics/Kim/Outfit 3/TIFF/Cam_Evoto/JPEG XL
/Volumes/JordanExternalDrive8	JPEG XL, TIFF	/Volumes/JordanExternalDrive8/Pictures/2026/2026-01-31 KF Logistics/Kim/Outfit 3/TIFF/JPEG XL
/Volumes/JordanExternalDrive8	TIFF	/Volumes/JordanExternalDrive8/Pictures/2026/2026-01-31 KF Logistics/Kim/Outfit 4/TIFF
/Volumes/JordanExternalDrive8	Cam_Evoto, TIFF	/Volumes/JordanExternalDrive8/Pictures/2026/2026-01-31 KF Logistics/Kim/Outfit 4/TIFF/Cam_Evoto
/Volumes/JordanExternalDrive8	Cam_Evoto, JPEG XL, TIFF	/Volumes/JordanExternalDrive8/Pictures/2026/2026-01-31 KF Logistics/Kim/Outfit 4/TIFF/Cam_Evoto/JPEG XL
/Volumes/JordanExternalDrive8	JPEG XL, TIFF	/Volumes/JordanExternalDrive8/Pictures/2026/2026-01-31 KF Logistics/Kim/Outfit 4/TIFF/JPEG XL
/Volumes/JordanExternalDrive8	Cam_Evoto	/Volumes/JordanExternalDrive8/Pictures/2026/2026-02-02 Katie Scott Ski Appache/Cam_Evoto
/Volumes/JordanExternalDrive8	Cam_Evoto, JPEG XL	/Volumes/JordanExternalDrive8/Pictures/2026/2026-02-02 Katie Scott Ski Appache/Cam_Evoto/JPEG XL
/Volumes/JordanExternalDrive8	Edited	/Volumes/JordanExternalDrive8/Pictures/2026/2026-02-02 Katie Scott Ski Appache/Edited
/Volumes/JordanExternalDrive8	JPEG XL, Edited	/Volumes/JordanExternalDrive8/Pictures/2026/2026-02-02 Katie Scott Ski Appache/Edited/JPEG XL
/Volumes/JordanExternalDrive8	TIFF	/Volumes/JordanExternalDrive8/Pictures/2026/2026-02-07/Danni/Selection/TIFF
/Volumes/JordanExternalDrive8	Cam_Evoto, TIFF	/Volumes/JordanExternalDrive8/Pictures/2026/2026-02-07/Danni/Selection/TIFF/Cam_Evoto
/Volumes/JordanExternalDrive8	Cam_Evoto, JPEG XL, TIFF	/Volumes/JordanExternalDrive8/Pictures/2026/2026-02-07/Danni/Selection/TIFF/Cam_Evoto/JPEG XL
/Volumes/JordanExternalDrive8	JPEG XL, TIFF	/Volumes/JordanExternalDrive8/Pictures/2026/2026-02-07/Danni/Selection/TIFF/JPEG XL
/Volumes/JordanExternalDrive8	TIFF	/Volumes/JordanExternalDrive8/Pictures/2026/2026-02-07/Jon/Selection/TIFF
/Volumes/JordanExternalDrive8	Cam_Evoto, TIFF	/Volumes/JordanExternalDrive8/Pictures/2026/2026-02-07/Jon/Selection/TIFF/Cam_Evoto
/Volumes/JordanExternalDrive8	Cam_Evoto, JPEG XL, TIFF	/Volumes/JordanExternalDrive8/Pictures/2026/2026-02-07/Jon/Selection/TIFF/Cam_Evoto/JPEG XL
/Volumes/JordanExternalDrive8	JPEG XL, TIFF	/Volumes/JordanExternalDrive8/Pictures/2026/2026-02-07/Jon/Selection/TIFF/JPEG XL
/Volumes/JordanExternalDrive8	Edited	/Volumes/JordanExternalDrive8/Pictures/2026/2026-02-11/Edited
/Volumes/JordanExternalDrive8	JPEG XL, Edited	/Volumes/JordanExternalDrive8/Pictures/2026/2026-02-11/Edited/JPEG XL
/Volumes/JordanExternalDrive8	JPEG XL	/Volumes/JordanExternalDrive8/Pictures/2026/2026-02-11/JPEG XL
/Volumes/JordanExternalDrive8	TIFF	/Volumes/JordanExternalDrive8/Pictures/2026/2026-02-16/Nuñez Law Firm Selection/TIFF
/Volumes/JordanExternalDrive8	JPEG XL, TIFF	/Volumes/JordanExternalDrive8/Pictures/2026/2026-02-16/Nuñez Law Firm Selection/TIFF/JPEG XL
/Volumes/JordanExternalDrive8	JPEG XL	/Volumes/JordanExternalDrive8/Pictures/2026/2026-02-20/JPEG XL
/Volumes/JordanExternalDrive8	TIFF	/Volumes/JordanExternalDrive8/Pictures/2026/2026-02-20/TIFF
/Volumes/JordanExternalDrive8	JPEG XL, TIFF	/Volumes/JordanExternalDrive8/Pictures/2026/2026-02-20/TIFF/JPEG XL
/Volumes/JordanExternalDrive8	JPEG XL	/Volumes/JordanExternalDrive8/Pictures/2026/2026-02-20/edit/JPEG XL
/Volumes/JordanExternalDrive8	Cam_Evoto	/Volumes/JordanExternalDrive8/Pictures/2026/2026-03-07 Matthew - COX PPL/Cam_Evoto
/Volumes/JordanExternalDrive8	Cam_Evoto, JPEG XL	/Volumes/JordanExternalDrive8/Pictures/2026/2026-03-07 Matthew - COX PPL/Cam_Evoto/JPEG XL
/Volumes/JordanExternalDrive8	Cam_Evoto, TIFF	/Volumes/JordanExternalDrive8/Pictures/2026/2026-03-07 Matthew - COX PPL/Cam_Evoto/TIFF
/Volumes/JordanExternalDrive8	Cam_Evoto, JPEG XL, TIFF	/Volumes/JordanExternalDrive8/Pictures/2026/2026-03-07 Matthew - COX PPL/Cam_Evoto/TIFF/JPEG XL
/Volumes/JordanExternalDrive8	TIFF	/Volumes/JordanExternalDrive8/Pictures/2026/2026-03-13 Rebecca - Hispianic Chamber/TIFF
/Volumes/JordanExternalDrive8	Cam_Evoto, TIFF	/Volumes/JordanExternalDrive8/Pictures/2026/2026-03-13 Rebecca - Hispianic Chamber/TIFF/Cam_Evoto
/Volumes/JordanExternalDrive8	Cam_Evoto, JPEG XL, TIFF	/Volumes/JordanExternalDrive8/Pictures/2026/2026-03-13 Rebecca - Hispianic Chamber/TIFF/Cam_Evoto/JPEG XL
/Volumes/JordanExternalDrive8	JPEG XL, TIFF	/Volumes/JordanExternalDrive8/Pictures/2026/2026-03-13 Rebecca - Hispianic Chamber/TIFF/JPEG XL
/Volumes/JordanExternalDrive8	Cam_Evoto	/Volumes/JordanExternalDrive8/Pictures/2026/2026-03-16 Camila/Concept 1/Cam_Evoto
/Volumes/JordanExternalDrive8	Cam_Evoto, JPEG XL	/Volumes/JordanExternalDrive8/Pictures/2026/2026-03-16 Camila/Concept 1/Cam_Evoto/JPEG XL
/Volumes/JordanExternalDrive8	Cam_Evoto	/Volumes/JordanExternalDrive8/Pictures/2026/2026-03-16 Camila/Concept 2/Cam_Evoto
/Volumes/JordanExternalDrive8	Cam_Evoto, JPEG XL	/Volumes/JordanExternalDrive8/Pictures/2026/2026-03-16 Camila/Concept 2/Cam_Evoto/JPEG XL
/Volumes/JordanExternalDrive8	JPEG XL	/Volumes/JordanExternalDrive8/Pictures/2026/2026-03-27/JPEG XL
/Volumes/JordanExternalDrive8	TIFF	/Volumes/JordanExternalDrive8/Pictures/2026/2026-03-27/TIFF
/Volumes/JordanExternalDrive8	Cam_Evoto, TIFF	/Volumes/JordanExternalDrive8/Pictures/2026/2026-03-27/TIFF/Cam_Evoto
/Volumes/JordanExternalDrive8	Cam_Evoto, JPEG XL, TIFF	/Volumes/JordanExternalDrive8/Pictures/2026/2026-03-27/TIFF/Cam_Evoto/2/JPEG XL
/Volumes/JordanExternalDrive8	Cam_Evoto, TIFF	/Volumes/JordanExternalDrive8/Pictures/2026/2026-03-27/TIFF/Cam_Evoto/2/TIFF
/Volumes/JordanExternalDrive8	Cam_Evoto, JPEG XL, TIFF	/Volumes/JordanExternalDrive8/Pictures/2026/2026-03-27/TIFF/Cam_Evoto/2/TIFF/JPEG XL
/Volumes/JordanExternalDrive8	Cam_Evoto, JPEG XL, TIFF	/Volumes/JordanExternalDrive8/Pictures/2026/2026-03-27/TIFF/Cam_Evoto/JPEG XL
/Volumes/JordanExternalDrive8	Cam_Evoto, TIFF	/Volumes/JordanExternalDrive8/Pictures/2026/2026-03-27/TIFF/Cam_Evoto/TIFF
/Volumes/JordanExternalDrive8	Cam_Evoto, JPEG XL, TIFF	/Volumes/JordanExternalDrive8/Pictures/2026/2026-03-27/TIFF/Cam_Evoto/TIFF/JPEG XL
/Volumes/JordanExternalDrive8	JPEG XL, TIFF	/Volumes/JordanExternalDrive8/Pictures/2026/2026-03-27/TIFF/JPEG XL
/Volumes/JordanExternalDrive8	JPEG XL	/Volumes/JordanExternalDrive8/Pictures/2026/2026-04-01/JPEG XL
/Volumes/JordanExternalDrive8	TIFF	/Volumes/JordanExternalDrive8/Pictures/2026/2026-04-01/TIFF
/Volumes/JordanExternalDrive8	TIFF	/Volumes/JordanExternalDrive8/Pictures/2026/2026-04-18 Sherquon Anderson/TIFF
/Volumes/JordanExternalDrive8	JPEG XL, TIFF	/Volumes/JordanExternalDrive8/Pictures/2026/2026-04-18 Sherquon Anderson/TIFF/2/JPEG XL
/Volumes/JordanExternalDrive8	JPEG XL, TIFF	/Volumes/JordanExternalDrive8/Pictures/2026/2026-04-18 Sherquon Anderson/TIFF/3/JPEG XL
/Volumes/JordanExternalDrive8	Cam_Evoto, TIFF	/Volumes/JordanExternalDrive8/Pictures/2026/2026-04-18 Sherquon Anderson/TIFF/Cam_Evoto
/Volumes/JordanExternalDrive8	Cam_Evoto, JPEG XL, TIFF	/Volumes/JordanExternalDrive8/Pictures/2026/2026-04-18 Sherquon Anderson/TIFF/Cam_Evoto/JPEG XL
/Volumes/JordanExternalDrive8	JPEG XL, TIFF	/Volumes/JordanExternalDrive8/Pictures/2026/2026-04-18 Sherquon Anderson/TIFF/JPEG XL
/Volumes/JordanExternalDrive8	Edited	/Volumes/JordanExternalDrive8/Pictures/2026/2026-04-19/Mavic Mini 2/Edited
/Volumes/JordanExternalDrive8	Edited	/Volumes/JordanExternalDrive8/Pictures/2026/2026-04-21 - Fast Lane Drive/Edited
/Volumes/JordanExternalDrive8	TIFF	/Volumes/JordanExternalDrive8/Pictures/2026/2026-04-21/TIFF
/Volumes/JordanExternalDrive8	JPEG XL, TIFF	/Volumes/JordanExternalDrive8/Pictures/2026/2026-04-21/TIFF/JPEG XL
/Volumes/JordanExternalDrive8	TIFF, Edited	/Volumes/JordanExternalDrive8/Pictures/2026/2026-04-21/TIFF/Lorenzo Nieto/Edited
/Volumes/JordanExternalDrive8	JPEG XL, TIFF, Edited	/Volumes/JordanExternalDrive8/Pictures/2026/2026-04-21/TIFF/Lorenzo Nieto/Edited/JPEG XL
/Volumes/JordanExternalDrive8	TIFF	/Volumes/JordanExternalDrive8/Pictures/2026/2026-05-07/Bafidis Law - Dereck/TIFF
/Volumes/JordanExternalDrive8	JPEG XL, TIFF	/Volumes/JordanExternalDrive8/Pictures/2026/2026-05-07/Bafidis Law - Dereck/TIFF/JPEG XL
/Volumes/JordanExternalDrive8	Cam_Evoto	/Volumes/JordanExternalDrive8/Pictures/2026/2026-05-13 Miss Sun City USA/Cam_Evoto
/Volumes/JordanExternalDrive8	Cam_Evoto, JPEG XL	/Volumes/JordanExternalDrive8/Pictures/2026/2026-05-13 Miss Sun City USA/Cam_Evoto/JPEG XL
/Volumes/JordanExternalDrive8	Cam_Evoto, TIFF	/Volumes/JordanExternalDrive8/Pictures/2026/2026-05-13 Miss Sun City USA/Cam_Evoto/TIFF
/Volumes/JordanExternalDrive8	Edited	/Volumes/JordanExternalDrive8/Pictures/2026/2026-05-14/a7SIII/Edited
/Volumes/JordanExternalDrive8	Cam_Evoto	/Volumes/JordanExternalDrive8/Pictures/2026/2026-05-19 Miss Sun City USA/01. Katie/Cam_Evoto
/Volumes/JordanExternalDrive8	Cam_Evoto, JPEG XL	/Volumes/JordanExternalDrive8/Pictures/2026/2026-05-19 Miss Sun City USA/01. Katie/Cam_Evoto/JPEG XL
/Volumes/JordanExternalDrive8	TIFF	/Volumes/JordanExternalDrive8/Pictures/2026/2026-05-19 Miss Sun City USA/03. Natalie/Selection/TIFF
/Volumes/JordanExternalDrive8	Cam_Evoto, TIFF	/Volumes/JordanExternalDrive8/Pictures/2026/2026-05-19 Miss Sun City USA/03. Natalie/Selection/TIFF/Cam_Evoto
/Volumes/JordanExternalDrive8	TIFF	/Volumes/JordanExternalDrive8/Pictures/2026/2026-05-19 Miss Sun City USA/05. Shelsey/TIFF
/Volumes/JordanExternalDrive8	Cam_Evoto, TIFF	/Volumes/JordanExternalDrive8/Pictures/2026/2026-05-19 Miss Sun City USA/05. Shelsey/TIFF/Cam_Evoto
/Volumes/JordanExternalDrive8	Edited	/Volumes/JordanExternalDrive8/Pictures/2026/2026-05-21 Meridian/Ninja V+ - a7SIII/Edited
/Volumes/JordanExternalDrive8	Edited	/Volumes/JordanExternalDrive8/Pictures/2026/2026-05-21 Meridian/a7SIII/Edited
/Volumes/JordanExternalDrive8	Cam_Evoto	/Volumes/JordanExternalDrive8/Pictures/2026/2026-05-22 Daleyssa Morales dmorales098703@gmail.com/Selection/Cam_Evoto
/Volumes/JordanExternalDrive8	Cam_Evoto	/Volumes/JordanExternalDrive8/Pictures/2026/2026-05-23 Antonia Wynn/Free/Cam_Evoto
/Volumes/JordanExternalDrive8	TIFF	/Volumes/JordanExternalDrive8/Pictures/2026/2026-05-23 Antonia Wynn/Selection/TIFF
/Volumes/JordanExternalDrive8	Cam_Evoto, TIFF	/Volumes/JordanExternalDrive8/Pictures/2026/2026-05-23 Antonia Wynn/Selection/TIFF/Cam_Evoto
/Volumes/JordanExternalDrive8	Edited	/Volumes/JordanExternalDrive8/Pictures/2026/2026-05-24 Miss Sun City USA/07. Avery/Edited
/Volumes/JordanExternalDrive8	TIFF	/Volumes/JordanExternalDrive8/Pictures/2026/2026-05-24 Miss Sun City USA/11. Jade/TIFF
/Volumes/JordanExternalDrive8	Cam_Evoto, TIFF	/Volumes/JordanExternalDrive8/Pictures/2026/2026-05-24 Miss Sun City USA/11. Jade/TIFF/Cam_Evoto
/Volumes/JordanExternalDrive8	TIFF	/Volumes/JordanExternalDrive8/Pictures/2026/2026-05-24 Miss Sun City USA/13. Younessa/Selection/TIFF
/Volumes/JordanExternalDrive8	Cam_Evoto, TIFF	/Volumes/JordanExternalDrive8/Pictures/2026/2026-05-24 Miss Sun City USA/13. Younessa/Selection/TIFF/Cam_Evoto
/Volumes/JordanExternalDrive8	TIFF	/Volumes/JordanExternalDrive8/Pictures/2026/2026-05-31 Amanda and Gustavo/Selection/TIFF
/Volumes/JordanExternalDrive8	TIFF	/Volumes/JordanExternalDrive8/Pictures/2026/2026-05-31 Amanda and Gustavo/TIFF
/Volumes/JordanExternalDrive8	Edited	/Volumes/JordanExternalDrive8/Pictures/2026/2026-07-30 Jacob Quiroz/Edited
/Volumes/JordanExternalDrive8	Edited	/Volumes/JordanExternalDrive8/Pictures/2026/2026-08-29 GAL Fashion/01. Fashion Show/Edited
/Volumes/JordanExternalDrive8	Edited	/Volumes/JordanExternalDrive8/Pictures/2026/2026-08-29 GAL Fashion/07. Camryn Heon/Edited
